x,y,z
5.817999999999999616e+00,2.479999999999999982e-01,1.280000000000000027e+00
5.820999999999999730e+00,2.490000000000001101e-01,1.247999999999999998e+00
5.809999999999998721e+00,2.500000000000000000e-01,1.131999999999999895e+00
5.828999999999998849e+00,2.479999999999999982e-01,1.311999999999999833e+00
5.824999999999999289e+00,2.470000000000001084e-01,1.349999999999999867e+00
5.820999999999999730e+00,2.479999999999999982e-01,1.286999999999999922e+00
5.829999999999999183e+00,2.500000000000000000e-01,1.224999999999999867e+00
5.822999999999999510e+00,2.479999999999999982e-01,1.289999999999999813e+00
5.823999999999999844e+00,2.459999999999999964e-01,1.421999999999999931e+00
5.822999999999999510e+00,2.459999999999999964e-01,1.395999999999999908e+00
5.821999999999999176e+00,2.479999999999999982e-01,1.327999999999999847e+00
5.820999999999999730e+00,2.470000000000001084e-01,1.362999999999999989e+00
5.820999999999999730e+00,2.459999999999999964e-01,1.439999999999999947e+00
5.822999999999999510e+00,2.500000000000000000e-01,1.201999999999999957e+00
5.812999999999998835e+00,2.490000000000001101e-01,1.220999999999999863e+00
5.821999999999999176e+00,2.450000000000001066e-01,1.464999999999999858e+00
5.824999999999999289e+00,2.490000000000001101e-01,1.233999999999999986e+00
5.819999999999999396e+00,2.479999999999999982e-01,1.319999999999999840e+00
5.819999999999999396e+00,2.479999999999999982e-01,1.274000000000000021e+00
5.813999999999999169e+00,2.490000000000001101e-01,1.229999999999999982e+00
5.821999999999999176e+00,2.459999999999999964e-01,1.445999999999999952e+00
5.814999999999999503e+00,2.500000000000000000e-01,1.151000000000000023e+00
5.831999999999998963e+00,2.490000000000001101e-01,1.264000000000000012e+00
5.825999999999998735e+00,2.490000000000001101e-01,1.262999999999999901e+00
5.822999999999999510e+00,2.490000000000001101e-01,1.248999999999999888e+00
5.831999999999998963e+00,2.490000000000001101e-01,1.284999999999999920e+00
5.814999999999999503e+00,2.490000000000001101e-01,1.243999999999999995e+00
5.815999999999998948e+00,2.470000000000001084e-01,1.314999999999999947e+00
5.823999999999999844e+00,2.490000000000001101e-01,1.235999999999999988e+00
5.830999999999999517e+00,2.490000000000001101e-01,1.254999999999999893e+00
5.816999999999999282e+00,2.500000000000000000e-01,1.174999999999999822e+00
5.823999999999999844e+00,2.459999999999999964e-01,1.448999999999999844e+00
5.824999999999999289e+00,2.470000000000001084e-01,1.357999999999999874e+00
5.841999999999998749e+00,2.630000000000001226e-01,1.393000000000000016e+00
5.830999999999999517e+00,2.530000000000001137e-01,1.502000000000000002e+00
5.840999999999999304e+00,2.570000000000001172e-01,1.224999999999999867e+00
5.851999999999999424e+00,2.740000000000000213e-01,1.419999999999999929e+00
5.852999999999999758e+00,2.720000000000000195e-01,1.258999999999999897e+00
5.840999999999999304e+00,2.640000000000000124e-01,1.504999999999999893e+00
5.838999999999999524e+00,2.600000000000000089e-01,1.466999999999999860e+00
5.838999999999999524e+00,2.580000000000000071e-01,1.312999999999999945e+00
5.834999999999999076e+00,2.520000000000000018e-01,1.280000000000000027e+00
5.840999999999999304e+00,2.630000000000001226e-01,1.461999999999999966e+00
5.832999999999999297e+00,2.540000000000000036e-01,1.473999999999999977e+00
5.845999999999999197e+00,2.690000000000001279e-01,1.454999999999999849e+00
5.841999999999998749e+00,2.640000000000000124e-01,1.439999999999999947e+00
5.843999999999999417e+00,2.640000000000000124e-01,1.366999999999999993e+00
5.836999999999999744e+00,2.520000000000000018e-01,1.197999999999999954e+00
5.836999999999999744e+00,2.570000000000001172e-01,1.413999999999999924e+00
5.846999999999999531e+00,2.670000000000001261e-01,1.328999999999999959e+00
5.842999999999999972e+00,2.650000000000001243e-01,1.482999999999999874e+00
5.842999999999999972e+00,2.660000000000000142e-01,1.486999999999999877e+00
5.835999999999999410e+00,2.560000000000000053e-01,1.397999999999999909e+00
5.826999999999999957e+00,2.470000000000001084e-01,1.456999999999999851e+00
5.832999999999999297e+00,2.540000000000000036e-01,1.452999999999999847e+00
5.852999999999999758e+00,2.740000000000000213e-01,1.344999999999999973e+00
5.838999999999999524e+00,2.580000000000000071e-01,1.329999999999999849e+00
5.831999999999998963e+00,2.510000000000001119e-01,1.356999999999999984e+00
5.847999999999998977e+00,2.680000000000000160e-01,1.335999999999999854e+00
5.846999999999999531e+00,2.710000000000001297e-01,1.480999999999999872e+00
5.831999999999998963e+00,2.500000000000000000e-01,1.352999999999999980e+00
5.831999999999998963e+00,2.490000000000001101e-01,1.307999999999999829e+00
5.837999999999999190e+00,2.550000000000001155e-01,1.252999999999999892e+00
5.832999999999999297e+00,2.540000000000000036e-01,1.448999999999999844e+00
5.844999999999998863e+00,2.680000000000000160e-01,1.459999999999999964e+00
5.826999999999999957e+00,2.470000000000001084e-01,1.454999999999999849e+00
5.836999999999999744e+00,2.570000000000001172e-01,1.357999999999999874e+00
5.830999999999999517e+00,2.490000000000001101e-01,1.351999999999999869e+00
5.836999999999999744e+00,2.590000000000001190e-01,1.480999999999999872e+00
5.844999999999998863e+00,2.620000000000000107e-01,1.203999999999999959e+00
5.854999999999999538e+00,2.800000000000000266e-01,1.498999999999999888e+00
5.827999999999999403e+00,2.500000000000000000e-01,1.504000000000000004e+00
5.840999999999999304e+00,2.580000000000000071e-01,1.246999999999999886e+00
5.850999999999999091e+00,2.740000000000000213e-01,1.413999999999999924e+00
5.854999999999999538e+00,2.749999999999999112e-01,1.336999999999999966e+00
5.835999999999999410e+00,2.570000000000001172e-01,1.465999999999999970e+00
5.842999999999999972e+00,2.640000000000000124e-01,1.393999999999999906e+00
5.832999999999999297e+00,2.500000000000000000e-01,1.297999999999999821e+00
5.844999999999998863e+00,2.690000000000001279e-01,1.516000000000000014e+00
5.847999999999998977e+00,2.690000000000001279e-01,1.377000000000000002e+00
5.833999999999999631e+00,2.530000000000001137e-01,1.407999999999999918e+00
5.837999999999999190e+00,2.560000000000000053e-01,1.315999999999999837e+00
5.844999999999998863e+00,2.650000000000001243e-01,1.346999999999999975e+00
5.835999999999999410e+00,2.570000000000001172e-01,1.467999999999999972e+00
5.844999999999998863e+00,2.660000000000000142e-01,1.387000000000000011e+00
5.851999999999999424e+00,2.760000000000000231e-01,1.483999999999999986e+00
5.845999999999999197e+00,2.650000000000001243e-01,1.314999999999999947e+00
5.829999999999999183e+00,2.500000000000000000e-01,1.453999999999999959e+00
5.840999999999999304e+00,2.630000000000001226e-01,1.459999999999999964e+00
5.850999999999999091e+00,2.749999999999999112e-01,1.490999999999999881e+00
5.834999999999999076e+00,2.550000000000001155e-01,1.399999999999999911e+00
5.837999999999999190e+00,2.570000000000001172e-01,1.322999999999999954e+00
5.832999999999999297e+00,2.510000000000001119e-01,1.327999999999999847e+00
5.829999999999999183e+00,2.520000000000000018e-01,1.504000000000000004e+00
5.841999999999998749e+00,2.650000000000001243e-01,1.476999999999999869e+00
5.832999999999999297e+00,2.530000000000001137e-01,1.407999999999999918e+00
5.845999999999999197e+00,2.670000000000001261e-01,1.391999999999999904e+00
5.840999999999999304e+00,2.600000000000000089e-01,1.338999999999999968e+00
5.840999999999999304e+00,2.600000000000000089e-01,1.356999999999999984e+00
5.839999999999999858e+00,2.580000000000000071e-01,1.292999999999999927e+00
5.849999999999999645e+00,2.710000000000001297e-01,1.387999999999999901e+00
5.838999999999999524e+00,2.570000000000001172e-01,1.314999999999999947e+00
5.851999999999999424e+00,2.720000000000000195e-01,1.291999999999999815e+00
5.836999999999999744e+00,2.570000000000001172e-01,1.428999999999999826e+00
5.836999999999999744e+00,2.600000000000000089e-01,1.508000000000000007e+00
5.852999999999999758e+00,2.700000000000000178e-01,1.198999999999999844e+00
5.831999999999998963e+00,2.530000000000001137e-01,1.446999999999999842e+00
5.843999999999999417e+00,2.660000000000000142e-01,1.432999999999999829e+00
5.832999999999999297e+00,2.500000000000000000e-01,1.312999999999999945e+00
5.833999999999999631e+00,2.500000000000000000e-01,1.268000000000000016e+00
5.846999999999999531e+00,2.690000000000001279e-01,1.408999999999999808e+00
5.832999999999999297e+00,2.520000000000000018e-01,1.357999999999999874e+00
5.851999999999999424e+00,2.720000000000000195e-01,1.316999999999999948e+00
5.846999999999999531e+00,2.670000000000001261e-01,1.373999999999999888e+00
5.832999999999999297e+00,2.530000000000001137e-01,1.410999999999999810e+00
5.840999999999999304e+00,2.590000000000001190e-01,1.293999999999999817e+00
5.848999999999999311e+00,2.670000000000001261e-01,1.243999999999999995e+00
5.845999999999999197e+00,2.650000000000001243e-01,1.307999999999999829e+00
5.839999999999999858e+00,2.660000000000000142e-01,1.651000000000000023e+00
5.820999999999999730e+00,2.430000000000001048e-01,1.590999999999999970e+00
5.845999999999999197e+00,2.720000000000000195e-01,1.616999999999999993e+00
5.839999999999999858e+00,2.650000000000001243e-01,1.596999999999999975e+00
5.819999999999999396e+00,2.479999999999999982e-01,1.907000000000000028e+00
5.836999999999999744e+00,2.660000000000000142e-01,1.805999999999999828e+00
5.847999999999998977e+00,2.760000000000000231e-01,1.701999999999999957e+00
5.833999999999999631e+00,2.590000000000001190e-01,1.649999999999999911e+00
5.841999999999998749e+00,2.690000000000001279e-01,1.677999999999999936e+00
5.833999999999999631e+00,2.560000000000000053e-01,1.528999999999999915e+00
5.828999999999998849e+00,2.530000000000001137e-01,1.681999999999999940e+00
5.818999999999999062e+00,2.419999999999999929e-01,1.657999999999999918e+00
5.824999999999999289e+00,2.459999999999999964e-01,1.524999999999999911e+00
5.823999999999999844e+00,2.500000000000000000e-01,1.788999999999999924e+00
5.839999999999999858e+00,2.670000000000001261e-01,1.686999999999999833e+00
5.827999999999999403e+00,2.540000000000000036e-01,1.758000000000000007e+00
5.847999999999998977e+00,2.740000000000000213e-01,1.635000000000000009e+00
5.830999999999999517e+00,2.550000000000001155e-01,1.607999999999999874e+00
5.853999999999999204e+00,2.840000000000000302e-01,1.747999999999999998e+00
5.851999999999999424e+00,2.780000000000000249e-01,1.551999999999999824e+00
5.827999999999999403e+00,2.500000000000000000e-01,1.546999999999999931e+00
5.845999999999999197e+00,2.729999999999999094e-01,1.684999999999999831e+00
5.831999999999998963e+00,2.560000000000000053e-01,1.592999999999999972e+00
5.823999999999999844e+00,2.479999999999999982e-01,1.655999999999999917e+00
5.825999999999998735e+00,2.479999999999999982e-01,1.539999999999999813e+00
5.841999999999998749e+00,2.690000000000001279e-01,1.708999999999999853e+00
5.825999999999998735e+00,2.500000000000000000e-01,1.662999999999999812e+00
5.853999999999999204e+00,2.809999999999999165e-01,1.651000000000000023e+00
5.830999999999999517e+00,2.550000000000001155e-01,1.655999999999999917e+00
5.830999999999999517e+00,2.570000000000001172e-01,1.729999999999999982e+00
5.838999999999999524e+00,2.630000000000001226e-01,1.598999999999999977e+00
5.835999999999999410e+00,2.600000000000000089e-01,1.627000000000000002e+00
5.850999999999999091e+00,2.769999999999999130e-01,1.594999999999999973e+00
5.825999999999998735e+00,2.500000000000000000e-01,1.627000000000000002e+00
5.839999999999999858e+00,2.660000000000000142e-01,1.682999999999999829e+00
5.826999999999999957e+00,2.530000000000001137e-01,1.750999999999999890e+00
5.817999999999999616e+00,2.410000000000001030e-01,1.647999999999999909e+00
5.824999999999999289e+00,2.490000000000001101e-01,1.647999999999999909e+00
5.823999999999999844e+00,2.510000000000001119e-01,1.832999999999999963e+00
5.830999999999999517e+00,2.570000000000001172e-01,1.695999999999999952e+00
5.852999999999999758e+00,2.800000000000000266e-01,1.617999999999999883e+00
5.841999999999998749e+00,2.670000000000001261e-01,1.571999999999999842e+00
5.831999999999998963e+00,2.560000000000000053e-01,1.641999999999999904e+00
5.829999999999999183e+00,2.550000000000001155e-01,1.680999999999999828e+00
5.820999999999999730e+00,2.459999999999999964e-01,1.741999999999999993e+00
5.835999999999999410e+00,2.590000000000001190e-01,1.526000000000000023e+00
5.839999999999999858e+00,2.650000000000001243e-01,1.635999999999999899e+00
5.824999999999999289e+00,2.490000000000001101e-01,1.685999999999999943e+00
5.846999999999999531e+00,2.749999999999999112e-01,1.742999999999999883e+00
5.833999999999999631e+00,2.590000000000001190e-01,1.641999999999999904e+00
5.837999999999999190e+00,2.650000000000001243e-01,1.715999999999999970e+00
5.852999999999999758e+00,2.800000000000000266e-01,1.599999999999999867e+00
5.827999999999999403e+00,2.520000000000000018e-01,1.647999999999999909e+00
5.832999999999999297e+00,2.600000000000000089e-01,1.792999999999999927e+00
5.821999999999999176e+00,2.439999999999999947e-01,1.546999999999999931e+00
5.846999999999999531e+00,2.720000000000000195e-01,1.545999999999999819e+00
5.821999999999999176e+00,2.450000000000001066e-01,1.653000000000000025e+00
5.833999999999999631e+00,2.580000000000000071e-01,1.615999999999999881e+00
5.839999999999999858e+00,2.670000000000001261e-01,1.724999999999999867e+00
5.821999999999999176e+00,2.430000000000001048e-01,1.570999999999999952e+00
5.852999999999999758e+00,2.780000000000000249e-01,1.545999999999999819e+00
5.838999999999999524e+00,2.660000000000000142e-01,1.712999999999999856e+00
5.826999999999999957e+00,2.500000000000000000e-01,1.593999999999999861e+00
5.845999999999999197e+00,2.710000000000001297e-01,1.566999999999999948e+00
5.843999999999999417e+00,2.690000000000001279e-01,1.541999999999999815e+00
5.835999999999999410e+00,2.610000000000001208e-01,1.675999999999999934e+00
5.818999999999999062e+00,2.459999999999999964e-01,1.844999999999999973e+00
5.835999999999999410e+00,2.590000000000001190e-01,1.541999999999999815e+00
5.821999999999999176e+00,2.450000000000001066e-01,1.629999999999999893e+00
5.823999999999999844e+00,2.490000000000001101e-01,1.724999999999999867e+00
5.811999999999999389e+00,2.370000000000000995e-01,1.824999999999999956e+00
5.811999999999999389e+00,2.379999999999999893e-01,1.853999999999999870e+00
5.824999999999999289e+00,2.520000000000000018e-01,1.825999999999999845e+00
5.838999999999999524e+00,2.630000000000001226e-01,1.606999999999999984e+00
5.828999999999998849e+00,2.580000000000000071e-01,1.875000000000000000e+00
5.828999999999998849e+00,2.550000000000001155e-01,1.739999999999999991e+00
5.824999999999999289e+00,2.470000000000001084e-01,1.549999999999999822e+00
5.850999999999999091e+00,2.789999999999999147e-01,1.676999999999999824e+00
5.822999999999999510e+00,2.470000000000001084e-01,1.637000000000000011e+00
5.846999999999999531e+00,2.729999999999999094e-01,1.641999999999999904e+00
5.832999999999999297e+00,2.550000000000001155e-01,1.520999999999999908e+00
5.824999999999999289e+00,2.510000000000001119e-01,1.768000000000000016e+00
5.843999999999999417e+00,2.680000000000000160e-01,1.532000000000000028e+00
5.847999999999998977e+00,2.729999999999999094e-01,1.549999999999999822e+00
5.854999999999999538e+00,2.829999999999999183e-01,1.683999999999999941e+00
5.850999999999999091e+00,2.800000000000000266e-01,1.750999999999999890e+00
5.822999999999999510e+00,2.479999999999999982e-01,1.736999999999999877e+00
5.849999999999999645e+00,2.769999999999999130e-01,1.682999999999999829e+00
5.823999999999999844e+00,2.490000000000001101e-01,1.736999999999999877e+00
5.830999999999999517e+00,2.540000000000000036e-01,1.532000000000000028e+00
5.839999999999999858e+00,2.650000000000001243e-01,1.645999999999999908e+00
5.824999999999999289e+00,2.459999999999999964e-01,1.533999999999999808e+00
5.854999999999999538e+00,2.829999999999999183e-01,1.639000000000000012e+00
5.831999999999998963e+00,2.560000000000000053e-01,1.641999999999999904e+00
5.822999999999999510e+00,2.459999999999999964e-01,1.614999999999999991e+00
5.813999999999999169e+00,2.390000000000001013e-01,1.819999999999999840e+00
5.827999999999999403e+00,2.500000000000000000e-01,1.539999999999999813e+00
5.850999999999999091e+00,2.760000000000000231e-01,1.552999999999999936e+00
5.844999999999998863e+00,2.700000000000000178e-01,1.568999999999999950e+00
5.828999999999998849e+00,2.550000000000001155e-01,1.713999999999999968e+00
5.837999999999999190e+00,2.610000000000001208e-01,1.566999999999999948e+00
5.817999999999999616e+00,2.430000000000001048e-01,1.760999999999999899e+00
5.832999999999999297e+00,2.590000000000001190e-01,1.674999999999999822e+00
5.853999999999999204e+00,2.829999999999999183e-01,1.691999999999999948e+00
5.837999999999999190e+00,2.620000000000000107e-01,1.595999999999999863e+00
5.817999999999999616e+00,2.419999999999999929e-01,1.718999999999999861e+00
5.830999999999999517e+00,2.560000000000000053e-01,1.639000000000000012e+00
5.841999999999998749e+00,2.660000000000000142e-01,1.573999999999999844e+00
5.818999999999999062e+00,2.430000000000001048e-01,1.679999999999999938e+00
5.821999999999999176e+00,2.470000000000001084e-01,1.718999999999999861e+00
5.852999999999999758e+00,2.809999999999999165e-01,1.673999999999999932e+00
5.823999999999999844e+00,2.470000000000001084e-01,1.651999999999999913e+00
5.828999999999998849e+00,2.570000000000001172e-01,1.835999999999999854e+00
5.838999999999999524e+00,2.630000000000001226e-01,1.589999999999999858e+00
5.829999999999999183e+00,2.560000000000000053e-01,1.722999999999999865e+00
5.834999999999999076e+00,2.590000000000001190e-01,1.597999999999999865e+00
5.814999999999999503e+00,2.419999999999999929e-01,1.897000000000000020e+00
5.818999999999999062e+00,2.450000000000001066e-01,1.794999999999999929e+00
5.824999999999999289e+00,2.470000000000001084e-01,1.526999999999999913e+00
5.828999999999998849e+00,2.510000000000001119e-01,1.526000000000000023e+00
5.842999999999999972e+00,2.680000000000000160e-01,1.562999999999999945e+00
5.841999999999998749e+00,2.680000000000000160e-01,1.633000000000000007e+00
5.818999999999999062e+00,2.450000000000001066e-01,1.764999999999999902e+00
5.828999999999998849e+00,2.520000000000000018e-01,1.573999999999999844e+00
5.827999999999999403e+00,2.500000000000000000e-01,1.564999999999999947e+00
5.844999999999998863e+00,2.720000000000000195e-01,1.665999999999999925e+00
5.815999999999998948e+00,2.419999999999999929e-01,1.820999999999999952e+00
5.819999999999999396e+00,2.459999999999999964e-01,1.810999999999999943e+00
5.841999999999998749e+00,2.660000000000000142e-01,1.552999999999999936e+00
5.838999999999999524e+00,2.630000000000001226e-01,1.563999999999999835e+00
5.818999999999999062e+00,2.430000000000001048e-01,1.741999999999999993e+00
5.853999999999999204e+00,2.800000000000000266e-01,1.559999999999999831e+00
5.820999999999999730e+00,2.430000000000001048e-01,1.605999999999999872e+00
5.832999999999999297e+00,2.550000000000001155e-01,1.514999999999999902e+00
5.842999999999999972e+00,2.710000000000001297e-01,1.750000000000000000e+00
5.820999999999999730e+00,2.439999999999999947e-01,1.623999999999999888e+00
5.836999999999999744e+00,2.620000000000000107e-01,1.620999999999999996e+00
5.851999999999999424e+00,2.829999999999999183e-01,1.801999999999999824e+00
5.831999999999998963e+00,2.550000000000001155e-01,1.606999999999999984e+00
5.830999999999999517e+00,2.540000000000000036e-01,1.574999999999999956e+00
5.821999999999999176e+00,2.330000000000000959e-01,1.514000000000000012e+00
5.801999999999999602e+00,1.420000000000001261e-01,1.722999999999999865e+00
5.808999999999999275e+00,1.930000000000000604e-01,1.720999999999999863e+00
5.811999999999999389e+00,1.759999999999999343e-01,1.566999999999999948e+00
5.801999999999999602e+00,1.140000000000001013e-01,1.622999999999999998e+00
5.801999999999999602e+00,1.750000000000000444e-01,1.854999999999999982e+00
5.812999999999998835e+00,2.010000000000000675e-01,1.635000000000000009e+00
5.815999999999998948e+00,2.150000000000000799e-01,1.622999999999999998e+00
5.804999999999999716e+00,2.230000000000000870e-01,1.962999999999999856e+00
5.803999999999999382e+00,1.690000000000000391e-01,1.782000000000000028e+00
5.806999999999999496e+00,1.510000000000000231e-01,1.616999999999999993e+00
5.799999999999998934e+00,1.300000000000001155e-01,1.748999999999999888e+00
5.806999999999999496e+00,1.550000000000000266e-01,1.633000000000000007e+00
5.810999999999999943e+00,1.679999999999999272e-01,1.566999999999999948e+00
5.814999999999999503e+00,2.330000000000000959e-01,1.713999999999999968e+00
5.801999999999999602e+00,1.670000000000000373e-01,1.813999999999999835e+00
5.808999999999999275e+00,1.810000000000000497e-01,1.675999999999999934e+00
5.819999999999999396e+00,2.399999999999999911e-01,1.596999999999999975e+00
5.814999999999999503e+00,2.210000000000000853e-01,1.661999999999999922e+00
5.809999999999998721e+00,1.939999999999999503e-01,1.694999999999999840e+00
5.811999999999999389e+00,1.890000000000000568e-01,1.639000000000000012e+00
5.805999999999999162e+00,1.739999999999999325e-01,1.727999999999999980e+00
5.798999999999999488e+00,1.350000000000000089e-01,1.778999999999999915e+00
5.813999999999999169e+00,1.970000000000000639e-01,1.613999999999999879e+00
5.815999999999998948e+00,2.239999999999999769e-01,1.637999999999999901e+00
5.809999999999998721e+00,2.319999999999999840e-01,1.855999999999999872e+00
5.807999999999999829e+00,1.690000000000000391e-01,1.673999999999999932e+00
5.808999999999999275e+00,2.030000000000000693e-01,1.764999999999999902e+00
5.814999999999999503e+00,2.050000000000000711e-01,1.607999999999999874e+00
5.806999999999999496e+00,1.790000000000000480e-01,1.717999999999999972e+00
5.818999999999999062e+00,2.370000000000000995e-01,1.610999999999999988e+00
5.810999999999999943e+00,2.299999999999999822e-01,1.810999999999999943e+00
5.805999999999999162e+00,1.950000000000000622e-01,1.825999999999999845e+00
5.800999999999999268e+00,1.499999999999999112e-01,1.791999999999999815e+00
5.811999999999999389e+00,2.090000000000000746e-01,1.716999999999999860e+00
5.805999999999999162e+00,1.690000000000000391e-01,1.709999999999999964e+00
5.803999999999999382e+00,1.519999999999999130e-01,1.709999999999999964e+00
5.814999999999999503e+00,2.219999999999999751e-01,1.655999999999999917e+00
5.807999999999999829e+00,1.530000000000000249e-01,1.607999999999999874e+00
5.800999999999999268e+00,2.050000000000000711e-01,1.989999999999999991e+00
5.818999999999999062e+00,2.130000000000000782e-01,1.532000000000000028e+00
5.814999999999999503e+00,2.239999999999999769e-01,1.681999999999999940e+00
5.798999999999999488e+00,1.080000000000000959e-01,1.679999999999999938e+00
5.810999999999999943e+00,1.819999999999999396e-01,1.641000000000000014e+00
5.812999999999998835e+00,2.110000000000000764e-01,1.670999999999999819e+00
5.821999999999999176e+00,2.430000000000001048e-01,1.545999999999999819e+00
5.806999999999999496e+00,1.730000000000000426e-01,1.698999999999999844e+00
5.817999999999999616e+00,2.410000000000001030e-01,1.661999999999999922e+00
5.809999999999998721e+00,2.350000000000000977e-01,1.856999999999999984e+00
5.811999999999999389e+00,2.250000000000000888e-01,1.756999999999999895e+00
5.801999999999999602e+00,1.619999999999999218e-01,1.804999999999999938e+00
5.810999999999999943e+00,1.850000000000000533e-01,1.639000000000000012e+00
5.813999999999999169e+00,2.259999999999999787e-01,1.710999999999999854e+00
5.806999999999999496e+00,1.590000000000000302e-01,1.641000000000000014e+00
5.805999999999999162e+00,1.679999999999999272e-01,1.721999999999999975e+00
5.809999999999998721e+00,2.219999999999999751e-01,1.796999999999999931e+00
5.809999999999998721e+00,1.699999999999999289e-01,1.598999999999999977e+00
5.812999999999998835e+00,2.179999999999999716e-01,1.715999999999999970e+00
5.805999999999999162e+00,1.470000000000000195e-01,1.635999999999999899e+00
5.800999999999999268e+00,2.039999999999999591e-01,1.997999999999999998e+00
5.811999999999999389e+00,1.779999999999999361e-01,1.571999999999999842e+00
5.802999999999999048e+00,1.320000000000001172e-01,1.665999999999999925e+00
5.802999999999999048e+00,1.260000000000001119e-01,1.641999999999999904e+00
5.804999999999999716e+00,1.370000000000000107e-01,1.621999999999999886e+00
5.808999999999999275e+00,1.970000000000000639e-01,1.734999999999999876e+00
5.810999999999999943e+00,1.939999999999999503e-01,1.667999999999999927e+00
5.798999999999999488e+00,1.089999999999999858e-01,1.697999999999999954e+00
5.810999999999999943e+00,1.819999999999999396e-01,1.629999999999999893e+00
5.800999999999999268e+00,1.100000000000000977e-01,1.631999999999999895e+00
5.804999999999999716e+00,1.330000000000000071e-01,1.607999999999999874e+00
5.813999999999999169e+00,2.010000000000000675e-01,1.623999999999999888e+00
5.815999999999998948e+00,2.030000000000000693e-01,1.568999999999999950e+00
5.816999999999999282e+00,2.159999999999999698e-01,1.582999999999999963e+00
5.812999999999998835e+00,2.190000000000000835e-01,1.723999999999999977e+00
5.799999999999998934e+00,1.009999999999999787e-01,1.622999999999999998e+00
5.812999999999998835e+00,2.279999999999999805e-01,1.738999999999999879e+00
5.816999999999999282e+00,2.359999999999999876e-01,1.669999999999999929e+00
5.801999999999999602e+00,1.479999999999999094e-01,1.741999999999999993e+00
5.801999999999999602e+00,1.430000000000000160e-01,1.724999999999999867e+00
5.810999999999999943e+00,1.759999999999999343e-01,1.594999999999999973e+00
5.805999999999999162e+00,1.400000000000001243e-01,1.606999999999999984e+00
5.803999999999999382e+00,2.030000000000000693e-01,1.901000000000000023e+00
5.810999999999999943e+00,1.859999999999999432e-01,1.629999999999999893e+00
5.813999999999999169e+00,2.070000000000000728e-01,1.633999999999999897e+00
5.814999999999999503e+00,2.099999999999999645e-01,1.622999999999999998e+00
5.803999999999999382e+00,1.400000000000001243e-01,1.673999999999999932e+00
5.810999999999999943e+00,1.830000000000000515e-01,1.643999999999999906e+00
5.801999999999999602e+00,1.479999999999999094e-01,1.756000000000000005e+00
5.809999999999998721e+00,1.830000000000000515e-01,1.655999999999999917e+00
5.810999999999999943e+00,2.010000000000000675e-01,1.694999999999999840e+00
5.803999999999999382e+00,1.699999999999999289e-01,1.776000000000000023e+00
5.814999999999999503e+00,2.350000000000000977e-01,1.729999999999999982e+00
5.815999999999998948e+00,1.950000000000000622e-01,1.545999999999999819e+00
5.799999999999998934e+00,1.060000000000000941e-01,1.653999999999999915e+00
5.812999999999998835e+00,2.219999999999999751e-01,1.722999999999999865e+00
5.814999999999999503e+00,2.230000000000000870e-01,1.670999999999999819e+00
5.812999999999998835e+00,1.879999999999999449e-01,1.596999999999999975e+00
5.805999999999999162e+00,1.850000000000000533e-01,1.774999999999999911e+00
5.810999999999999943e+00,2.210000000000000853e-01,1.782999999999999918e+00
5.817999999999999616e+00,2.310000000000000941e-01,1.619999999999999885e+00
5.807999999999999829e+00,1.539999999999999147e-01,1.612999999999999989e+00
5.813999999999999169e+00,2.079999999999999627e-01,1.641999999999999904e+00
5.812999999999998835e+00,2.090000000000000746e-01,1.681999999999999940e+00
5.798999999999999488e+00,1.060000000000000941e-01,1.680999999999999828e+00
5.798999999999999488e+00,1.599999999999999201e-01,1.870999999999999996e+00
5.804999999999999716e+00,1.719999999999999307e-01,1.756000000000000005e+00
5.817999999999999616e+00,2.139999999999999680e-01,1.558999999999999941e+00
5.821999999999999176e+00,2.339999999999999858e-01,1.533999999999999808e+00
5.799999999999998934e+00,1.100000000000000977e-01,1.658999999999999808e+00
5.816999999999999282e+00,2.050000000000000711e-01,1.553999999999999826e+00
5.809999999999998721e+00,2.130000000000000782e-01,1.764000000000000012e+00
5.801999999999999602e+00,1.250000000000000000e-01,1.671999999999999931e+00
5.816999999999999282e+00,2.290000000000000924e-01,1.649000000000000021e+00
5.811999999999999389e+00,1.839999999999999414e-01,1.621999999999999886e+00
5.812999999999998835e+00,2.350000000000000977e-01,1.778999999999999915e+00
5.811999999999999389e+00,2.339999999999999858e-01,1.802999999999999936e+00
5.804999999999999716e+00,1.450000000000000178e-01,1.661999999999999922e+00
5.812999999999998835e+00,2.070000000000000728e-01,1.657000000000000028e+00
5.817999999999999616e+00,2.099999999999999645e-01,1.533999999999999808e+00
5.804999999999999716e+00,1.810000000000000497e-01,1.792999999999999927e+00
5.808999999999999275e+00,1.999999999999999556e-01,1.764000000000000012e+00
5.806999999999999496e+00,1.790000000000000480e-01,1.721999999999999975e+00
5.815999999999998948e+00,2.230000000000000870e-01,1.647000000000000020e+00
5.804999999999999716e+00,1.400000000000001243e-01,1.635000000000000009e+00
5.809999999999998721e+00,1.810000000000000497e-01,1.651999999999999913e+00
5.810999999999999943e+00,2.130000000000000782e-01,1.744999999999999885e+00
5.812999999999998835e+00,2.290000000000000924e-01,1.760999999999999899e+00
5.809999999999998721e+00,1.979999999999999538e-01,1.713999999999999968e+00
5.812999999999998835e+00,2.199999999999999734e-01,1.723999999999999977e+00
5.802999999999999048e+00,1.270000000000000018e-01,1.631000000000000005e+00
5.803999999999999382e+00,1.440000000000001279e-01,1.664999999999999813e+00
5.820999999999999730e+00,2.350000000000000977e-01,1.561999999999999833e+00
5.809999999999998721e+00,2.299999999999999822e-01,1.850999999999999979e+00
5.807999999999999829e+00,2.039999999999999591e-01,1.792999999999999927e+00
5.814999999999999503e+00,2.030000000000000693e-01,1.597999999999999865e+00
5.816999999999999282e+00,2.190000000000000835e-01,1.607999999999999874e+00
5.814999999999999503e+00,2.030000000000000693e-01,1.605999999999999872e+00
5.806999999999999496e+00,1.719999999999999307e-01,1.712999999999999856e+00
5.807999999999999829e+00,1.519999999999999130e-01,1.593999999999999861e+00
5.810999999999999943e+00,1.659999999999999254e-01,1.568999999999999950e+00
5.812999999999998835e+00,2.110000000000000764e-01,1.670999999999999819e+00
5.803999999999999382e+00,1.830000000000000515e-01,1.832999999999999963e+00
5.807999999999999829e+00,1.739999999999999325e-01,1.692999999999999838e+00
5.819999999999999396e+00,2.319999999999999840e-01,1.554999999999999938e+00
5.812999999999998835e+00,2.059999999999999609e-01,1.653000000000000025e+00
5.809999999999998721e+00,1.959999999999999520e-01,1.701999999999999957e+00
5.814999999999999503e+00,2.070000000000000728e-01,1.622999999999999998e+00
5.815999999999998948e+00,2.090000000000000746e-01,1.602999999999999980e+00
5.803999999999999382e+00,1.440000000000001279e-01,1.680999999999999828e+00
5.800999999999999268e+00,1.229999999999999982e-01,1.688999999999999835e+00
5.810999999999999943e+00,1.899999999999999467e-01,1.657999999999999918e+00
5.809999999999998721e+00,2.159999999999999698e-01,1.787999999999999812e+00
5.805999999999999162e+00,1.719999999999999307e-01,1.727999999999999980e+00
5.809999999999998721e+00,2.079999999999999627e-01,1.754000000000000004e+00
5.803999999999999382e+00,1.899999999999999467e-01,1.864999999999999991e+00
5.806999999999999496e+00,2.079999999999999627e-01,1.839999999999999858e+00
5.807999999999999829e+00,1.450000000000000178e-01,1.584999999999999964e+00
5.805999999999999162e+00,2.130000000000000782e-01,1.881000000000000005e+00
5.802999999999999048e+00,1.850000000000000533e-01,1.850999999999999979e+00
5.812999999999998835e+00,2.270000000000000906e-01,1.739999999999999991e+00
5.801999999999999602e+00,1.619999999999999218e-01,1.800999999999999934e+00
5.801999999999999602e+00,1.370000000000000107e-01,1.707999999999999963e+00
5.805999999999999162e+00,1.530000000000000249e-01,1.647000000000000020e+00
5.816999999999999282e+00,2.299999999999999822e-01,1.651000000000000023e+00
5.814999999999999503e+00,2.170000000000000817e-01,1.647000000000000020e+00
5.806999999999999496e+00,1.539999999999999147e-01,1.623999999999999888e+00
5.814999999999999503e+00,1.919999999999999485e-01,1.559999999999999831e+00
5.816999999999999282e+00,2.270000000000000906e-01,1.639999999999999902e+00
5.799999999999998934e+00,1.040000000000000924e-01,1.645000000000000018e+00
5.816999999999999282e+00,2.359999999999999876e-01,1.675999999999999934e+00
5.817999999999999616e+00,2.239999999999999769e-01,1.602999999999999980e+00
5.819999999999999396e+00,2.399999999999999911e-01,1.596999999999999975e+00
5.800999999999999268e+00,1.140000000000001013e-01,1.643000000000000016e+00
5.804999999999999716e+00,1.370000000000000107e-01,1.637000000000000011e+00
5.811999999999999389e+00,1.950000000000000622e-01,1.643999999999999906e+00
5.814999999999999503e+00,2.310000000000000941e-01,1.692999999999999838e+00
5.800999999999999268e+00,1.069999999999999840e-01,1.635000000000000009e+00
5.808999999999999275e+00,1.850000000000000533e-01,1.694999999999999840e+00
5.804999999999999716e+00,1.870000000000000551e-01,1.828999999999999959e+00
5.803999999999999382e+00,1.679999999999999272e-01,1.766999999999999904e+00
5.807999999999999829e+00,1.750000000000000444e-01,1.697999999999999954e+00
5.808999999999999275e+00,1.590000000000000302e-01,1.604999999999999982e+00
5.807999999999999829e+00,1.850000000000000533e-01,1.724999999999999867e+00
5.818999999999999062e+00,2.130000000000000782e-01,1.528000000000000025e+00
5.802999999999999048e+00,1.630000000000000338e-01,1.786999999999999922e+00
5.820999999999999730e+00,2.350000000000000977e-01,1.551999999999999824e+00
5.810999999999999943e+00,1.999999999999999556e-01,1.681999999999999940e+00
5.807999999999999829e+00,1.899999999999999467e-01,1.754000000000000004e+00
5.809999999999998721e+00,1.930000000000000604e-01,1.706999999999999851e+00
5.812999999999998835e+00,2.310000000000000941e-01,1.772999999999999909e+00
5.814999999999999503e+00,2.310000000000000941e-01,1.710999999999999854e+00
5.810999999999999943e+00,2.239999999999999769e-01,1.780999999999999917e+00
5.810999999999999943e+00,2.299999999999999822e-01,1.827999999999999847e+00
5.809999999999998721e+00,2.290000000000000924e-01,1.850999999999999979e+00
5.819999999999999396e+00,2.319999999999999840e-01,1.576999999999999957e+00
5.798999999999999488e+00,9.899999999999997691e-02,1.657999999999999918e+00
5.810999999999999943e+00,2.050000000000000711e-01,1.729999999999999982e+00
5.813999999999999169e+00,2.330000000000000959e-01,1.747999999999999998e+00
5.805999999999999162e+00,2.070000000000000728e-01,1.852999999999999980e+00
5.813999999999999169e+00,2.239999999999999769e-01,1.705999999999999961e+00
5.809999999999998721e+00,2.090000000000000746e-01,1.764999999999999902e+00
5.811999999999999389e+00,1.779999999999999361e-01,1.576999999999999957e+00
5.815999999999998948e+00,2.039999999999999591e-01,1.575999999999999845e+00
5.813999999999999169e+00,1.959999999999999520e-01,1.602999999999999980e+00
5.809999999999998721e+00,1.819999999999999396e-01,1.651999999999999913e+00
5.809999999999998721e+00,1.750000000000000444e-01,1.618999999999999995e+00
5.813999999999999169e+00,2.010000000000000675e-01,1.604999999999999982e+00
5.809999999999998721e+00,1.930000000000000604e-01,1.688999999999999835e+00
5.803999999999999382e+00,1.979999999999999538e-01,1.872999999999999998e+00
5.816999999999999282e+00,2.319999999999999840e-01,1.645000000000000018e+00
5.809999999999998721e+00,1.619999999999999218e-01,1.574999999999999956e+00
5.802999999999999048e+00,1.590000000000000302e-01,1.766000000000000014e+00
5.813999999999999169e+00,2.130000000000000782e-01,1.673999999999999932e+00
5.806999999999999496e+00,1.450000000000000178e-01,1.607999999999999874e+00
5.820999999999999730e+00,2.410000000000001030e-01,1.582999999999999963e+00
5.815999999999998948e+00,2.310000000000000941e-01,1.686999999999999833e+00
5.817999999999999616e+00,2.210000000000000853e-01,1.592999999999999972e+00
5.806999999999999496e+00,1.810000000000000497e-01,1.752000000000000002e+00
5.811999999999999389e+00,2.319999999999999840e-01,1.780999999999999917e+00
5.816999999999999282e+00,2.059999999999999609e-01,1.539999999999999813e+00
5.811999999999999389e+00,2.090000000000000746e-01,1.708999999999999853e+00
5.818999999999999062e+00,2.410000000000001030e-01,1.620999999999999996e+00
5.800999999999999268e+00,1.479999999999999094e-01,1.776000000000000023e+00
5.798999999999999488e+00,9.699999999999997513e-02,1.631999999999999895e+00
5.807999999999999829e+00,1.799999999999999378e-01,1.707999999999999963e+00
5.810999999999999943e+00,1.699999999999999289e-01,1.575999999999999845e+00
5.815999999999998948e+00,2.070000000000000728e-01,1.595999999999999863e+00
5.819999999999999396e+00,2.230000000000000870e-01,1.533999999999999808e+00
5.815999999999998948e+00,2.230000000000000870e-01,1.635000000000000009e+00
5.809999999999998721e+00,2.170000000000000817e-01,1.785999999999999810e+00
5.802999999999999048e+00,1.300000000000001155e-01,1.651999999999999913e+00
5.808999999999999275e+00,1.659999999999999254e-01,1.616999999999999993e+00
5.811999999999999389e+00,2.370000000000000995e-01,1.818999999999999950e+00
5.808999999999999275e+00,1.819999999999999396e-01,1.676999999999999824e+00
5.812999999999998835e+00,2.370000000000000995e-01,1.772999999999999909e+00
5.816999999999999282e+00,2.079999999999999627e-01,1.560999999999999943e+00
5.801999999999999602e+00,1.490000000000000213e-01,1.754999999999999893e+00
5.818999999999999062e+00,2.290000000000000924e-01,1.577999999999999847e+00
5.807999999999999829e+00,2.250000000000000888e-01,1.871999999999999886e+00
5.805999999999999162e+00,1.710000000000000409e-01,1.712999999999999856e+00
5.802999999999999048e+00,1.270000000000000018e-01,1.653000000000000025e+00
5.821999999999999176e+00,2.419999999999999929e-01,1.554999999999999938e+00
5.811999999999999389e+00,2.179999999999999716e-01,1.733999999999999986e+00
5.807999999999999829e+00,1.519999999999999130e-01,1.598999999999999977e+00
5.802999999999999048e+00,1.499999999999999112e-01,1.723999999999999977e+00
5.805999999999999162e+00,1.759999999999999343e-01,1.737999999999999989e+00
5.801999999999999602e+00,1.799999999999999378e-01,1.868999999999999995e+00
5.797999999999999154e+00,1.020000000000000906e-01,1.677999999999999936e+00
5.803999999999999382e+00,2.050000000000000711e-01,1.914999999999999813e+00
5.803999999999999382e+00,1.750000000000000444e-01,1.797999999999999821e+00
5.805999999999999162e+00,1.719999999999999307e-01,1.727999999999999980e+00
5.801999999999999602e+00,1.270000000000000018e-01,1.668999999999999817e+00
5.807999999999999829e+00,2.270000000000000906e-01,1.887999999999999901e+00
5.812999999999998835e+00,2.090000000000000746e-01,1.682999999999999829e+00
5.801999999999999602e+00,1.799999999999999378e-01,1.859999999999999876e+00
5.809999999999998721e+00,2.210000000000000853e-01,1.801999999999999824e+00
5.806999999999999496e+00,2.159999999999999698e-01,1.872999999999999998e+00
5.807999999999999829e+00,1.539999999999999147e-01,1.594999999999999973e+00
5.808999999999999275e+00,1.599999999999999201e-01,1.604999999999999982e+00
5.813999999999999169e+00,2.319999999999999840e-01,1.723999999999999977e+00
5.805999999999999162e+00,1.370000000000000107e-01,1.609999999999999876e+00
5.803999999999999382e+00,1.630000000000000338e-01,1.750999999999999890e+00
5.806999999999999496e+00,1.859999999999999432e-01,1.754000000000000004e+00
5.808999999999999275e+00,2.159999999999999698e-01,1.815999999999999837e+00
5.808999999999999275e+00,1.739999999999999325e-01,1.649000000000000021e+00
5.821999999999999176e+00,2.359999999999999876e-01,1.510999999999999899e+00
5.814999999999999503e+00,2.370000000000000995e-01,1.723999999999999977e+00
5.797999999999999154e+00,1.120000000000000995e-01,1.720999999999999863e+00
5.809999999999998721e+00,2.090000000000000746e-01,1.746999999999999886e+00
5.781999999999999140e+00,1.410000000000000142e-01,9.540000000000000702e-01
5.775999999999999801e+00,1.049999999999999822e-01,1.014000000000000012e+00
5.780999999999998806e+00,1.360000000000001208e-01,9.690000000000000835e-01
5.786999999999999034e+00,1.360000000000001208e-01,1.135000000000000009e+00
5.819999999999999396e+00,2.450000000000001066e-01,1.421999999999999931e+00
5.809999999999998721e+00,2.079999999999999627e-01,1.350999999999999979e+00
5.818999999999999062e+00,2.399999999999999911e-01,1.409999999999999920e+00
5.806999999999999496e+00,2.259999999999999787e-01,1.238999999999999879e+00
5.807999999999999829e+00,2.350000000000000977e-01,1.223999999999999977e+00
5.802999999999999048e+00,1.839999999999999414e-01,1.282999999999999918e+00
5.800999999999999268e+00,1.850000000000000533e-01,1.254000000000000004e+00
5.811999999999999389e+00,2.230000000000000870e-01,1.338999999999999968e+00
5.814999999999999503e+00,2.250000000000000888e-01,1.383000000000000007e+00
5.805999999999999162e+00,2.179999999999999716e-01,1.252999999999999892e+00
5.814999999999999503e+00,2.379999999999999893e-01,1.357999999999999874e+00
5.801999999999999602e+00,1.979999999999999538e-01,1.231999999999999984e+00
5.800999999999999268e+00,1.839999999999999414e-01,1.258000000000000007e+00
5.800999999999999268e+00,2.150000000000000799e-01,1.164999999999999813e+00
5.798999999999999488e+00,1.919999999999999485e-01,1.195999999999999952e+00
5.807999999999999829e+00,2.010000000000000675e-01,1.337999999999999856e+00
5.805999999999999162e+00,2.110000000000000764e-01,1.262999999999999901e+00
5.806999999999999496e+00,2.170000000000000817e-01,1.264000000000000012e+00
5.803999999999999382e+00,2.110000000000000764e-01,1.226999999999999869e+00
5.804999999999999716e+00,2.459999999999999964e-01,1.145999999999999908e+00
5.812999999999998835e+00,2.390000000000001013e-01,1.310999999999999943e+00
5.803999999999999382e+00,2.110000000000000764e-01,1.229999999999999982e+00
5.809999999999998721e+00,2.279999999999999805e-01,1.282999999999999918e+00
5.808999999999999275e+00,2.359999999999999876e-01,1.252000000000000002e+00
5.803999999999999382e+00,2.199999999999999734e-01,1.200999999999999845e+00
5.798999999999999488e+00,2.090000000000000746e-01,1.137999999999999901e+00
5.803999999999999382e+00,2.159999999999999698e-01,1.213999999999999968e+00
5.793999999999998707e+00,1.619999999999999218e-01,1.183999999999999941e+00
5.806999999999999496e+00,2.310000000000000941e-01,1.217999999999999972e+00
5.807999999999999829e+00,2.210000000000000853e-01,1.280000000000000027e+00
5.785999999999999588e+00,1.479999999999999094e-01,1.083999999999999853e+00
5.804999999999999716e+00,2.219999999999999751e-01,1.206999999999999851e+00
5.810999999999999943e+00,2.410000000000001030e-01,1.272999999999999909e+00
5.813999999999999169e+00,2.190000000000000835e-01,1.395999999999999908e+00
5.808999999999999275e+00,2.030000000000000693e-01,1.339999999999999858e+00
5.809999999999998721e+00,2.150000000000000799e-01,1.329999999999999849e+00
5.808999999999999275e+00,2.270000000000000906e-01,1.274000000000000021e+00
5.815999999999998948e+00,2.270000000000000906e-01,1.401000000000000023e+00
5.780999999999998806e+00,1.410000000000000142e-01,1.012999999999999901e+00
5.817999999999999616e+00,2.279999999999999805e-01,1.435999999999999943e+00
5.803999999999999382e+00,2.330000000000000959e-01,1.171999999999999931e+00
5.799999999999998934e+00,1.990000000000000657e-01,1.181999999999999940e+00
5.806999999999999496e+00,2.170000000000000817e-01,1.260000000000000009e+00
5.787999999999999368e+00,1.630000000000000338e-01,1.070999999999999952e+00
5.807999999999999829e+00,2.059999999999999609e-01,1.324999999999999956e+00
5.790999999999999481e+00,1.530000000000000249e-01,1.157000000000000028e+00
5.808999999999999275e+00,2.210000000000000853e-01,1.292999999999999927e+00
5.803999999999999382e+00,1.839999999999999414e-01,1.301999999999999824e+00
5.804999999999999716e+00,1.919999999999999485e-01,1.291999999999999815e+00
5.785999999999999588e+00,1.670000000000000373e-01,1.024999999999999911e+00
5.797999999999999154e+00,1.959999999999999520e-01,1.159999999999999920e+00
5.807999999999999829e+00,2.279999999999999805e-01,1.246999999999999886e+00
5.804999999999999716e+00,1.879999999999999449e-01,1.316999999999999948e+00
5.807999999999999829e+00,2.099999999999999645e-01,1.299999999999999822e+00
5.814999999999999503e+00,2.359999999999999876e-01,1.361999999999999877e+00
5.811999999999999389e+00,2.159999999999999698e-01,1.359999999999999876e+00
5.788999999999999702e+00,1.510000000000000231e-01,1.131000000000000005e+00
5.800999999999999268e+00,1.830000000000000515e-01,1.260000000000000009e+00
5.806999999999999496e+00,2.130000000000000782e-01,1.282000000000000028e+00
5.789999999999999147e+00,1.659999999999999254e-01,1.098999999999999977e+00
5.797999999999999154e+00,1.859999999999999432e-01,1.187999999999999945e+00
5.803999999999999382e+00,1.839999999999999414e-01,1.298999999999999932e+00
5.813999999999999169e+00,2.450000000000001066e-01,1.305999999999999828e+00
5.787999999999999368e+00,1.679999999999999272e-01,1.062999999999999945e+00
5.808999999999999275e+00,2.070000000000000728e-01,1.326999999999999957e+00
5.780999999999998806e+00,1.440000000000001279e-01,9.989999999999999991e-01
5.808999999999999275e+00,2.230000000000000870e-01,1.290999999999999925e+00
5.810999999999999943e+00,2.139999999999999680e-01,1.343999999999999861e+00
5.815999999999998948e+00,2.330000000000000959e-01,1.385999999999999899e+00
5.798999999999999488e+00,1.919999999999999485e-01,1.200999999999999845e+00
5.804999999999999716e+00,1.890000000000000568e-01,1.301999999999999824e+00
5.806999999999999496e+00,2.279999999999999805e-01,1.229999999999999982e+00
5.818999999999999062e+00,2.350000000000000977e-01,1.436999999999999833e+00
5.798999999999999488e+00,1.890000000000000568e-01,1.203999999999999959e+00
5.812999999999998835e+00,2.190000000000000835e-01,1.379999999999999893e+00
5.787999999999999368e+00,1.870000000000000551e-01,9.989999999999999991e-01
5.806999999999999496e+00,1.950000000000000622e-01,1.332999999999999963e+00
5.798999999999999488e+00,1.719999999999999307e-01,1.254000000000000004e+00
5.802999999999999048e+00,2.239999999999999769e-01,1.169999999999999929e+00
5.795999999999999375e+00,1.779999999999999361e-01,1.182999999999999829e+00
5.806999999999999496e+00,1.979999999999999538e-01,1.313999999999999835e+00
5.817999999999999616e+00,2.330000000000000959e-01,1.424999999999999822e+00
5.820999999999999730e+00,2.350000000000000977e-01,1.461999999999999966e+00
5.809999999999998721e+00,2.210000000000000853e-01,1.314999999999999947e+00
5.810999999999999943e+00,2.219999999999999751e-01,1.323999999999999844e+00
5.796999999999998820e+00,1.670000000000000373e-01,1.234999999999999876e+00
5.781999999999999140e+00,1.380000000000001226e-01,1.041999999999999815e+00
5.801999999999999602e+00,2.159999999999999698e-01,1.167999999999999927e+00
5.805999999999999162e+00,2.059999999999999609e-01,1.282000000000000028e+00
5.814999999999999503e+00,2.279999999999999805e-01,1.379999999999999893e+00
5.814999999999999503e+00,2.450000000000001066e-01,1.324999999999999956e+00
5.793999999999998707e+00,1.750000000000000444e-01,1.157000000000000028e+00
5.804999999999999716e+00,1.990000000000000657e-01,1.274999999999999911e+00
5.792999999999999261e+00,1.739999999999999325e-01,1.141000000000000014e+00
5.777999999999998693e+00,1.089999999999999858e-01,1.051999999999999824e+00
5.801999999999999602e+00,1.810000000000000497e-01,1.272000000000000020e+00
5.812999999999998835e+00,2.130000000000000782e-01,1.389999999999999902e+00
5.813999999999999169e+00,2.390000000000001013e-01,1.331999999999999851e+00
5.812999999999998835e+00,2.219999999999999751e-01,1.362999999999999989e+00
5.791999999999999815e+00,1.539999999999999147e-01,1.165999999999999925e+00
5.797999999999999154e+00,1.810000000000000497e-01,1.206999999999999851e+00
5.806999999999999496e+00,2.299999999999999822e-01,1.225999999999999979e+00
5.802999999999999048e+00,1.919999999999999485e-01,1.262999999999999901e+00
5.811999999999999389e+00,2.330000000000000959e-01,1.315999999999999837e+00
5.816999999999999282e+00,2.259999999999999787e-01,1.429999999999999938e+00
5.816999999999999282e+00,2.310000000000000941e-01,1.409999999999999920e+00
5.805999999999999162e+00,2.079999999999999627e-01,1.278999999999999915e+00
5.795999999999999375e+00,1.690000000000000391e-01,1.211999999999999966e+00
5.809999999999998721e+00,2.230000000000000870e-01,1.304999999999999938e+00
5.812999999999998835e+00,2.370000000000000995e-01,1.326999999999999957e+00
5.803999999999999382e+00,2.019999999999999574e-01,1.244999999999999885e+00
5.811999999999999389e+00,2.299999999999999822e-01,1.321999999999999842e+00
5.805999999999999162e+00,2.170000000000000817e-01,1.236999999999999877e+00
5.800999999999999268e+00,1.830000000000000515e-01,1.256000000000000005e+00
5.799999999999998934e+00,2.010000000000000675e-01,1.184999999999999831e+00
5.803999999999999382e+00,2.059999999999999609e-01,1.248999999999999888e+00
5.796999999999998820e+00,1.990000000000000657e-01,1.135999999999999899e+00
5.800999999999999268e+00,1.879999999999999449e-01,1.243999999999999995e+00
5.788999999999999702e+00,1.539999999999999147e-01,1.113999999999999879e+00
5.810999999999999943e+00,2.230000000000000870e-01,1.323999999999999844e+00
5.809999999999998721e+00,2.230000000000000870e-01,1.307999999999999829e+00
5.816999999999999282e+00,2.250000000000000888e-01,1.421999999999999931e+00
5.802999999999999048e+00,2.199999999999999734e-01,1.174999999999999822e+00
5.788999999999999702e+00,1.550000000000000266e-01,1.117999999999999883e+00
5.808999999999999275e+00,2.330000000000000959e-01,1.258999999999999897e+00
5.774999999999999467e+00,9.800000000000008704e-02,1.022000000000000020e+00
5.818999999999999062e+00,2.350000000000000977e-01,1.441999999999999948e+00
5.811999999999999389e+00,2.330000000000000959e-01,1.318999999999999950e+00
5.803999999999999382e+00,1.899999999999999467e-01,1.292999999999999927e+00
5.779999999999999361e+00,1.390000000000000124e-01,1.000999999999999890e+00
5.793999999999998707e+00,1.679999999999999272e-01,1.176999999999999824e+00
5.807999999999999829e+00,2.130000000000000782e-01,1.288999999999999924e+00
5.800999999999999268e+00,1.999999999999999556e-01,1.202999999999999847e+00
5.798999999999999488e+00,1.779999999999999361e-01,1.233999999999999986e+00
5.784999999999999254e+00,1.390000000000000124e-01,1.089999999999999858e+00
5.801999999999999602e+00,2.219999999999999751e-01,1.167999999999999927e+00
5.809999999999998721e+00,2.259999999999999787e-01,1.299999999999999822e+00
5.809999999999998721e+00,2.170000000000000817e-01,1.326999999999999957e+00
5.797999999999999154e+00,1.679999999999999272e-01,1.241999999999999993e+00
5.800999999999999268e+00,1.759999999999999343e-01,1.264999999999999902e+00
5.809999999999998721e+00,2.219999999999999751e-01,1.299999999999999822e+00
5.794999999999999929e+00,1.619999999999999218e-01,1.211999999999999966e+00
5.816999999999999282e+00,2.430000000000001048e-01,1.367999999999999883e+00
5.802999999999999048e+00,1.859999999999999432e-01,1.278999999999999915e+00
5.807999999999999829e+00,2.030000000000000693e-01,1.332999999999999963e+00
5.811999999999999389e+00,2.239999999999999769e-01,1.344999999999999973e+00
5.797999999999999154e+00,1.679999999999999272e-01,1.245999999999999996e+00
5.796999999999998820e+00,1.770000000000000462e-01,1.198999999999999844e+00
5.799999999999998934e+00,1.950000000000000622e-01,1.204999999999999849e+00
5.799999999999998934e+00,1.739999999999999325e-01,1.266000000000000014e+00
5.801999999999999602e+00,1.899999999999999467e-01,1.247999999999999998e+00
5.807999999999999829e+00,2.310000000000000941e-01,1.243999999999999995e+00
5.817999999999999616e+00,2.450000000000001066e-01,1.383999999999999897e+00
5.793999999999998707e+00,1.570000000000000284e-01,1.207999999999999963e+00
5.810999999999999943e+00,2.390000000000001013e-01,1.282000000000000028e+00
5.807999999999999829e+00,2.099999999999999645e-01,1.304999999999999938e+00
5.799999999999998934e+00,1.850000000000000533e-01,1.238999999999999879e+00
5.805999999999999162e+00,2.170000000000000817e-01,1.245999999999999996e+00
5.809999999999998721e+00,2.250000000000000888e-01,1.303999999999999826e+00
5.798999999999999488e+00,1.879999999999999449e-01,1.206999999999999851e+00
5.783999999999998920e+00,1.370000000000000107e-01,1.081999999999999851e+00
5.803999999999999382e+00,1.899999999999999467e-01,1.292999999999999927e+00
5.799999999999998934e+00,1.819999999999999396e-01,1.247999999999999998e+00
5.784999999999999254e+00,1.440000000000001279e-01,1.080999999999999961e+00
5.802999999999999048e+00,1.970000000000000639e-01,1.252000000000000002e+00
5.796999999999998820e+00,1.690000000000000391e-01,1.213999999999999968e+00
5.792999999999999261e+00,1.539999999999999147e-01,1.189999999999999947e+00
5.786999999999999034e+00,1.770000000000000462e-01,1.010999999999999899e+00
5.811999999999999389e+00,2.310000000000000941e-01,1.323999999999999844e+00
5.816999999999999282e+00,2.270000000000000906e-01,1.414999999999999813e+00
5.810999999999999943e+00,2.219999999999999751e-01,1.323999999999999844e+00
5.787999999999999368e+00,1.380000000000001226e-01,1.149000000000000021e+00
5.799999999999998934e+00,1.830000000000000515e-01,1.230999999999999872e+00
5.806999999999999496e+00,1.990000000000000657e-01,1.320999999999999952e+00
5.808999999999999275e+00,2.130000000000000782e-01,1.314999999999999947e+00
5.809999999999998721e+00,2.070000000000000728e-01,1.352999999999999980e+00
5.814999999999999503e+00,2.379999999999999893e-01,1.356999999999999984e+00
5.805999999999999162e+00,2.419999999999999929e-01,1.168999999999999817e+00
5.808999999999999275e+00,2.199999999999999734e-01,1.299999999999999822e+00
5.812999999999998835e+00,2.350000000000000977e-01,1.322999999999999954e+00
5.797999999999999154e+00,1.699999999999999289e-01,1.234999999999999876e+00
5.811999999999999389e+00,2.310000000000000941e-01,1.319999999999999840e+00
5.807999999999999829e+00,2.259999999999999787e-01,1.260999999999999899e+00
5.810999999999999943e+00,2.479999999999999982e-01,1.254000000000000004e+00
5.808999999999999275e+00,2.110000000000000764e-01,1.320999999999999952e+00
5.811999999999999389e+00,2.390000000000001013e-01,1.285999999999999810e+00
5.796999999999998820e+00,1.250000000000000000e-01,1.438999999999999835e+00
5.792999999999999261e+00,1.049999999999999822e-01,1.437999999999999945e+00
5.785999999999999588e+00,9.499999999999997335e-02,1.296999999999999931e+00
5.805999999999999162e+00,1.350000000000000089e-01,1.592999999999999972e+00
5.799999999999998934e+00,1.599999999999999201e-01,1.325999999999999845e+00
5.803999999999999382e+00,1.250000000000000000e-01,1.585999999999999854e+00
5.793999999999998707e+00,1.270000000000000018e-01,1.356999999999999984e+00
5.806999999999999496e+00,1.619999999999999218e-01,1.485999999999999988e+00
5.808999999999999275e+00,1.939999999999999503e-01,1.391999999999999904e+00
5.796999999999998820e+00,1.490000000000000213e-01,1.302999999999999936e+00
5.783999999999998920e+00,1.040000000000000924e-01,1.216999999999999860e+00
5.786999999999999034e+00,9.499999999999997335e-02,1.329999999999999849e+00
5.789999999999999147e+00,9.600000000000008527e-02,1.407999999999999918e+00
5.811999999999999389e+00,1.779999999999999361e-01,1.528999999999999915e+00
5.813999999999999169e+00,1.970000000000000639e-01,1.475999999999999979e+00
5.789999999999999147e+00,9.899999999999997691e-02,1.383999999999999897e+00
5.796999999999998820e+00,8.899999999999996803e-02,1.611999999999999877e+00
5.780999999999998806e+00,9.699999999999997513e-02,1.169999999999999929e+00
5.805999999999999162e+00,1.670000000000000373e-01,1.433999999999999941e+00
5.797999999999999154e+00,1.320000000000001172e-01,1.430999999999999828e+00
5.789999999999999147e+00,1.040000000000000924e-01,1.359999999999999876e+00
5.814999999999999503e+00,2.079999999999999627e-01,1.447999999999999954e+00
5.786999999999999034e+00,9.800000000000008704e-02,1.321999999999999842e+00
5.796999999999998820e+00,1.040000000000000924e-01,1.528999999999999915e+00
5.793999999999998707e+00,1.470000000000000195e-01,1.250999999999999890e+00
5.810999999999999943e+00,1.939999999999999503e-01,1.435999999999999943e+00
5.802999999999999048e+00,1.260000000000001119e-01,1.574999999999999956e+00
5.803999999999999382e+00,1.819999999999999396e-01,1.326999999999999957e+00
5.806999999999999496e+00,1.870000000000000551e-01,1.361999999999999877e+00
5.794999999999999929e+00,1.200000000000001066e-01,1.408999999999999808e+00
5.793999999999998707e+00,1.270000000000000018e-01,1.357999999999999874e+00
5.793999999999998707e+00,9.099999999999996980e-02,1.526999999999999913e+00
5.801999999999999602e+00,1.510000000000000231e-01,1.418999999999999817e+00
5.795999999999999375e+00,1.450000000000000178e-01,1.300999999999999934e+00
5.807999999999999829e+00,1.759999999999999343e-01,1.445999999999999952e+00
5.791999999999999815e+00,1.040000000000000924e-01,1.416999999999999815e+00
5.798999999999999488e+00,1.200000000000001066e-01,1.502999999999999892e+00
5.796999999999998820e+00,1.160000000000001030e-01,1.480999999999999872e+00
5.785999999999999588e+00,9.699999999999997513e-02,1.304999999999999938e+00
5.804999999999999716e+00,1.690000000000000391e-01,1.403999999999999915e+00
5.792999999999999261e+00,1.270000000000000018e-01,1.323999999999999844e+00
5.817999999999999616e+00,2.199999999999999734e-01,1.470999999999999863e+00
5.799999999999998934e+00,1.670000000000000373e-01,1.285999999999999810e+00
5.802999999999999048e+00,1.450000000000000178e-01,1.466999999999999860e+00
5.790999999999999481e+00,1.380000000000001226e-01,1.208999999999999853e+00
5.789999999999999147e+00,9.099999999999996980e-02,1.421999999999999931e+00
5.798999999999999488e+00,1.109999999999999876e-01,1.543999999999999817e+00
5.800999999999999268e+00,1.089999999999999858e-01,1.610999999999999988e+00
5.799999999999998934e+00,1.290000000000000036e-01,1.470999999999999863e+00
5.805999999999999162e+00,1.440000000000001279e-01,1.546999999999999931e+00
5.796999999999998820e+00,1.240000000000001101e-01,1.422999999999999821e+00
5.787999999999999368e+00,1.020000000000000906e-01,1.310999999999999943e+00
5.804999999999999716e+00,1.330000000000000071e-01,1.582999999999999963e+00
5.798999999999999488e+00,1.420000000000001261e-01,1.381000000000000005e+00
5.789999999999999147e+00,1.169999999999999929e-01,1.294999999999999929e+00
5.799999999999998934e+00,1.490000000000000213e-01,1.372999999999999998e+00
5.809999999999998721e+00,1.919999999999999485e-01,1.421999999999999931e+00
5.813999999999999169e+00,1.979999999999999538e-01,1.494999999999999885e+00
5.795999999999999375e+00,1.380000000000001226e-01,1.335999999999999854e+00
5.798999999999999488e+00,1.639999999999999236e-01,1.288999999999999924e+00
5.804999999999999716e+00,1.699999999999999289e-01,1.408999999999999808e+00
5.800999999999999268e+00,1.380000000000001226e-01,1.464999999999999858e+00
5.791999999999999815e+00,1.009999999999999787e-01,1.420999999999999819e+00
5.805999999999999162e+00,1.850000000000000533e-01,1.360999999999999988e+00
5.798999999999999488e+00,1.240000000000001101e-01,1.481999999999999984e+00
5.794999999999999929e+00,1.450000000000000178e-01,1.287999999999999812e+00
5.787999999999999368e+00,9.200000000000008171e-02,1.367999999999999883e+00
5.796999999999998820e+00,1.619999999999999218e-01,1.239999999999999991e+00
5.810999999999999943e+00,1.930000000000000604e-01,1.438999999999999835e+00
5.790999999999999481e+00,1.460000000000001297e-01,1.187999999999999945e+00
5.801999999999999602e+00,1.420000000000001261e-01,1.455999999999999961e+00
5.814999999999999503e+00,2.119999999999999662e-01,1.432999999999999829e+00
5.792999999999999261e+00,1.410000000000000142e-01,1.246999999999999886e+00
5.784999999999999254e+00,9.800000000000008704e-02,1.264999999999999902e+00
5.810999999999999943e+00,1.919999999999999485e-01,1.431999999999999940e+00
5.809999999999998721e+00,1.650000000000000355e-01,1.556999999999999940e+00
5.780999999999998806e+00,1.149999999999999911e-01,1.090999999999999970e+00
5.820999999999999730e+00,2.259999999999999787e-01,1.512000000000000011e+00
5.797999999999999154e+00,1.229999999999999982e-01,1.455999999999999961e+00
5.804999999999999716e+00,1.430000000000000160e-01,1.534999999999999920e+00
5.822999999999999510e+00,2.419999999999999929e-01,1.497999999999999998e+00
5.801999999999999602e+00,1.270000000000000018e-01,1.535999999999999810e+00
5.804999999999999716e+00,1.360000000000001208e-01,1.564999999999999947e+00
5.815999999999998948e+00,2.090000000000000746e-01,1.467999999999999972e+00
5.790999999999999481e+00,1.140000000000001013e-01,1.326999999999999957e+00
5.793999999999998707e+00,1.280000000000001137e-01,1.348999999999999977e+00
5.802999999999999048e+00,1.590000000000000302e-01,1.403000000000000025e+00
5.793999999999998707e+00,1.270000000000000018e-01,1.349999999999999867e+00
5.808999999999999275e+00,1.759999999999999343e-01,1.462999999999999856e+00
5.793999999999998707e+00,1.169999999999999929e-01,1.405000000000000027e+00
5.809999999999998721e+00,1.779999999999999361e-01,1.470999999999999863e+00
5.793999999999998707e+00,1.009999999999999787e-01,1.464999999999999858e+00
5.801999999999999602e+00,1.260000000000001119e-01,1.547999999999999821e+00
5.797999999999999154e+00,1.120000000000000995e-01,1.528000000000000025e+00
5.783999999999998920e+00,1.020000000000000906e-01,1.216999999999999860e+00
5.812999999999998835e+00,2.110000000000000764e-01,1.395999999999999908e+00
5.811999999999999389e+00,1.930000000000000604e-01,1.452999999999999847e+00
5.792999999999999261e+00,9.499999999999997335e-02,1.468999999999999861e+00
5.803999999999999382e+00,1.759999999999999343e-01,1.360999999999999988e+00
5.798999999999999488e+00,1.670000000000000373e-01,1.260000000000000009e+00
5.796999999999998820e+00,9.699999999999997513e-02,1.554999999999999938e+00
5.797999999999999154e+00,1.530000000000000249e-01,1.324999999999999956e+00
5.789999999999999147e+00,1.410000000000000142e-01,1.181999999999999940e+00
5.805999999999999162e+00,1.400000000000001243e-01,1.562999999999999945e+00
5.800999999999999268e+00,1.430000000000000160e-01,1.434999999999999831e+00
5.788999999999999702e+00,1.390000000000000124e-01,1.169999999999999929e+00
5.812999999999998835e+00,2.099999999999999645e-01,1.412999999999999812e+00
5.807999999999999829e+00,1.850000000000000533e-01,1.407999999999999918e+00
5.796999999999998820e+00,9.200000000000008171e-02,1.596999999999999975e+00
5.809999999999998721e+00,1.979999999999999538e-01,1.391000000000000014e+00
5.807999999999999829e+00,1.799999999999999378e-01,1.425999999999999934e+00
5.778999999999999915e+00,9.800000000000008704e-02,1.127999999999999892e+00
5.813999999999999169e+00,2.059999999999999609e-01,1.445999999999999952e+00
5.801999999999999602e+00,1.479999999999999094e-01,1.426999999999999824e+00
5.788999999999999702e+00,1.200000000000001066e-01,1.252999999999999892e+00
5.789999999999999147e+00,1.350000000000000089e-01,1.205999999999999961e+00
5.788999999999999702e+00,1.149999999999999911e-01,1.288999999999999924e+00
5.809999999999998721e+00,1.999999999999999556e-01,1.381999999999999895e+00
5.795999999999999375e+00,1.440000000000001279e-01,1.312999999999999945e+00
5.802999999999999048e+00,1.699999999999999289e-01,1.341999999999999860e+00
5.795999999999999375e+00,1.149999999999999911e-01,1.457999999999999963e+00
5.786999999999999034e+00,1.080000000000000959e-01,1.270000000000000018e+00
5.800999999999999268e+00,1.280000000000001137e-01,1.500000000000000000e+00
5.804999999999999716e+00,1.390000000000000124e-01,1.554999999999999938e+00
5.795999999999999375e+00,1.169999999999999929e-01,1.455999999999999961e+00
5.793999999999998707e+00,1.180000000000001048e-01,1.397999999999999909e+00
5.795999999999999375e+00,1.330000000000000071e-01,1.375000000000000000e+00
5.805999999999999162e+00,1.590000000000000302e-01,1.481999999999999984e+00
5.809999999999998721e+00,1.630000000000000338e-01,1.547999999999999821e+00
5.803999999999999382e+00,1.539999999999999147e-01,1.450999999999999845e+00
5.792999999999999261e+00,1.240000000000001101e-01,1.342999999999999972e+00
5.796999999999998820e+00,1.140000000000001013e-01,1.477999999999999980e+00
5.786999999999999034e+00,9.899999999999997691e-02,1.307999999999999829e+00
5.807999999999999829e+00,1.930000000000000604e-01,1.368999999999999995e+00
5.789999999999999147e+00,1.260000000000001119e-01,1.248999999999999888e+00
5.797999999999999154e+00,1.209999999999999964e-01,1.479999999999999982e+00
5.801999999999999602e+00,1.579999999999999183e-01,1.383000000000000007e+00
5.805999999999999162e+00,1.839999999999999414e-01,1.353999999999999870e+00
5.788999999999999702e+00,1.089999999999999858e-01,1.299999999999999822e+00
5.810999999999999943e+00,1.950000000000000622e-01,1.417999999999999927e+00
5.798999999999999488e+00,1.599999999999999201e-01,1.293999999999999817e+00
5.802999999999999048e+00,1.490000000000000213e-01,1.463999999999999968e+00
5.806999999999999496e+00,1.639999999999999236e-01,1.491999999999999993e+00
5.801999999999999602e+00,1.619999999999999218e-01,1.367999999999999883e+00
5.796999999999998820e+00,1.049999999999999822e-01,1.535999999999999810e+00
5.799999999999998934e+00,1.149999999999999911e-01,1.541999999999999815e+00
5.806999999999999496e+00,1.519999999999999130e-01,1.548999999999999932e+00
5.800999999999999268e+00,1.490000000000000213e-01,1.414999999999999813e+00
5.803999999999999382e+00,1.810000000000000497e-01,1.312999999999999945e+00
5.802999999999999048e+00,1.690000000000000391e-01,1.360999999999999988e+00
5.803999999999999382e+00,1.599999999999999201e-01,1.427999999999999936e+00
5.798999999999999488e+00,1.220000000000001084e-01,1.497999999999999998e+00
5.809999999999998721e+00,1.810000000000000497e-01,1.465999999999999970e+00
5.810999999999999943e+00,1.830000000000000515e-01,1.480999999999999872e+00
5.782999999999999474e+00,9.899999999999997691e-02,1.214999999999999858e+00
5.787999999999999368e+00,1.009999999999999787e-01,1.323999999999999844e+00
5.817999999999999616e+00,2.099999999999999645e-01,1.524000000000000021e+00
5.786999999999999034e+00,1.029999999999999805e-01,1.289999999999999813e+00
5.813999999999999169e+00,2.150000000000000799e-01,1.409999999999999920e+00
5.788999999999999702e+00,1.310000000000000053e-01,1.211999999999999966e+00
5.800999999999999268e+00,1.360000000000001208e-01,1.468999999999999861e+00
5.790999999999999481e+00,1.060000000000000941e-01,1.375999999999999890e+00
5.810999999999999943e+00,1.679999999999999272e-01,1.545999999999999819e+00
5.805999999999999162e+00,1.440000000000001279e-01,1.559999999999999831e+00
5.811999999999999389e+00,2.050000000000000711e-01,1.387999999999999901e+00
5.789999999999999147e+00,1.049999999999999822e-01,1.364999999999999991e+00
5.793999999999998707e+00,9.299999999999997158e-02,1.510999999999999899e+00
5.809999999999998721e+00,1.979999999999999538e-01,1.375999999999999890e+00
5.791999999999999815e+00,1.490000000000000213e-01,1.197999999999999954e+00
5.801999999999999602e+00,1.400000000000001243e-01,1.479999999999999982e+00
5.797999999999999154e+00,1.080000000000000959e-01,1.532999999999999918e+00
5.801999999999999602e+00,1.410000000000000142e-01,1.468999999999999861e+00
5.800999999999999268e+00,1.670000000000000373e-01,1.322999999999999954e+00
5.803999999999999382e+00,1.830000000000000515e-01,1.303999999999999826e+00
5.812999999999998835e+00,1.959999999999999520e-01,1.461999999999999966e+00
5.788999999999999702e+00,1.350000000000000089e-01,1.178999999999999826e+00
5.792999999999999261e+00,1.029999999999999805e-01,1.427999999999999936e+00
5.789999999999999147e+00,1.189999999999999947e-01,1.274999999999999911e+00
5.810999999999999943e+00,1.850000000000000533e-01,1.476999999999999869e+00
5.801999999999999602e+00,1.209999999999999964e-01,1.557999999999999829e+00
5.805999999999999162e+00,1.770000000000000462e-01,1.379999999999999893e+00
5.797999999999999154e+00,1.189999999999999947e-01,1.471999999999999975e+00
5.799999999999998934e+00,1.590000000000000302e-01,1.321999999999999842e+00
5.790999999999999481e+00,1.209999999999999964e-01,1.307999999999999829e+00
5.804999999999999716e+00,1.710000000000000409e-01,1.399999999999999911e+00
5.791999999999999815e+00,1.479999999999999094e-01,1.192999999999999838e+00
5.805999999999999162e+00,1.870000000000000551e-01,1.333999999999999853e+00
5.812999999999998835e+00,1.890000000000000568e-01,1.508000000000000007e+00
5.798999999999999488e+00,1.140000000000001013e-01,1.533999999999999808e+00
5.810999999999999943e+00,1.730000000000000426e-01,1.541999999999999815e+00
5.791999999999999815e+00,1.000000000000000888e-01,1.418999999999999817e+00
5.821999999999999176e+00,2.359999999999999876e-01,1.493999999999999995e+00
5.808999999999999275e+00,1.810000000000000497e-01,1.456999999999999851e+00
5.796999999999998820e+00,9.699999999999997513e-02,1.558999999999999941e+00
5.808999999999999275e+00,1.570000000000000284e-01,1.562999999999999945e+00
5.800999999999999268e+00,1.550000000000000266e-01,1.379000000000000004e+00
5.785999999999999588e+00,1.149999999999999911e-01,1.216999999999999860e+00
5.798999999999999488e+00,1.160000000000001030e-01,1.528000000000000025e+00
5.801999999999999602e+00,1.430000000000000160e-01,1.467999999999999972e+00
5.792999999999999261e+00,8.699999999999996625e-02,1.508000000000000007e+00
5.786999999999999034e+00,9.400000000000008349e-02,1.346999999999999975e+00
5.814999999999999503e+00,2.019999999999999574e-01,1.476999999999999869e+00
5.804999999999999716e+00,1.690000000000000391e-01,1.405999999999999917e+00
5.787999999999999368e+00,1.040000000000000924e-01,1.314999999999999947e+00
5.815999999999998948e+00,2.019999999999999574e-01,1.502000000000000002e+00
5.810999999999999943e+00,1.659999999999999254e-01,1.566999999999999948e+00
5.806999999999999496e+00,1.490000000000000213e-01,1.539999999999999813e+00
5.810999999999999943e+00,1.650000000000000355e-01,1.566999999999999948e+00
5.792999999999999261e+00,1.370000000000000107e-01,1.264999999999999902e+00
5.796999999999998820e+00,1.240000000000001101e-01,1.434999999999999831e+00
5.795999999999999375e+00,1.479999999999999094e-01,1.280999999999999917e+00
5.798999999999999488e+00,1.400000000000001243e-01,1.401000000000000023e+00
5.814999999999999503e+00,2.030000000000000693e-01,1.496999999999999886e+00
5.788999999999999702e+00,1.229999999999999982e-01,1.240999999999999881e+00
5.806999999999999496e+00,1.699999999999999289e-01,1.444999999999999840e+00
5.790999999999999481e+00,1.169999999999999929e-01,1.330999999999999961e+00
5.802999999999999048e+00,1.590000000000000302e-01,1.399000000000000021e+00
5.804999999999999716e+00,1.460000000000001297e-01,1.528000000000000025e+00
5.816999999999999282e+00,2.070000000000000728e-01,1.516999999999999904e+00
5.811999999999999389e+00,1.870000000000000551e-01,1.477999999999999980e+00
5.781999999999999140e+00,1.029999999999999805e-01,1.157000000000000028e+00
5.793999999999998707e+00,1.229999999999999982e-01,1.353999999999999870e+00
5.815999999999998948e+00,1.979999999999999538e-01,1.538999999999999924e+00
5.789999999999999147e+00,1.300000000000001155e-01,1.238999999999999879e+00
5.814999999999999503e+00,1.930000000000000604e-01,1.522999999999999909e+00
5.806999999999999496e+00,1.460000000000001297e-01,1.579999999999999849e+00
5.785999999999999588e+00,1.049999999999999822e-01,1.258999999999999897e+00
5.785999999999999588e+00,9.800000000000008704e-02,1.300999999999999934e+00
5.794999999999999929e+00,1.440000000000001279e-01,1.282000000000000028e+00
5.798999999999999488e+00,1.350000000000000089e-01,1.437999999999999945e+00
5.803999999999999382e+00,1.599999999999999201e-01,1.432999999999999829e+00
5.794999999999999929e+00,1.479999999999999094e-01,1.264000000000000012e+00
5.819999999999999396e+00,2.299999999999999822e-01,1.480999999999999872e+00
5.800999999999999268e+00,1.290000000000000036e-01,1.514999999999999902e+00
5.791999999999999815e+00,1.270000000000000018e-01,1.284999999999999920e+00
5.798999999999999488e+00,1.009999999999999787e-01,1.595999999999999863e+00
5.793999999999998707e+00,1.120000000000000995e-01,1.423999999999999932e+00
5.790999999999999481e+00,9.000000000000007994e-02,1.447999999999999954e+00
5.800999999999999268e+00,1.410000000000000142e-01,1.435999999999999943e+00
5.806999999999999496e+00,1.899999999999999467e-01,1.349999999999999867e+00
5.797999999999999154e+00,1.300000000000001155e-01,1.431999999999999940e+00
5.801999999999999602e+00,1.710000000000000409e-01,1.328999999999999959e+00
5.814999999999999503e+00,1.919999999999999485e-01,1.544999999999999929e+00
5.794999999999999929e+00,9.200000000000008171e-02,1.530999999999999917e+00
5.815999999999998948e+00,1.950000000000000622e-01,1.536999999999999922e+00
5.812999999999998835e+00,2.090000000000000746e-01,1.395999999999999908e+00
5.816999999999999282e+00,2.139999999999999680e-01,1.472999999999999865e+00
5.792999999999999261e+00,9.699999999999997513e-02,1.461999999999999966e+00
5.804999999999999716e+00,1.610000000000000320e-01,1.448999999999999844e+00
5.789999999999999147e+00,1.040000000000000924e-01,1.366999999999999993e+00
5.804999999999999716e+00,1.759999999999999343e-01,1.379999999999999893e+00
5.798999999999999488e+00,1.650000000000000355e-01,1.270000000000000018e+00
5.793999999999998707e+00,9.200000000000008171e-02,1.516000000000000014e+00
5.801999999999999602e+00,1.559999999999999165e-01,1.391999999999999904e+00
5.800999999999999268e+00,1.149999999999999911e-01,1.577999999999999847e+00
5.802999999999999048e+00,1.810000000000000497e-01,1.298999999999999932e+00
5.814999999999999503e+00,1.910000000000000586e-01,1.534999999999999920e+00
5.796999999999998820e+00,1.370000000000000107e-01,1.372999999999999998e+00
5.800999999999999268e+00,1.280000000000001137e-01,1.504000000000000004e+00
5.789999999999999147e+00,1.310000000000000053e-01,1.225999999999999979e+00
5.792999999999999261e+00,9.299999999999997158e-02,1.493999999999999995e+00
5.813999999999999169e+00,2.139999999999999680e-01,1.401999999999999913e+00
5.791999999999999815e+00,8.699999999999996625e-02,1.488999999999999879e+00
5.795999999999999375e+00,1.320000000000001172e-01,1.361999999999999877e+00
5.812999999999998835e+00,1.839999999999999414e-01,1.533999999999999808e+00
5.798999999999999488e+00,1.040000000000000924e-01,1.569999999999999840e+00
5.786999999999999034e+00,9.299999999999997158e-02,1.340999999999999970e+00
5.808999999999999275e+00,1.530000000000000249e-01,1.577999999999999847e+00
5.788999999999999702e+00,1.060000000000000941e-01,1.319999999999999840e+00
5.816999999999999282e+00,2.030000000000000693e-01,1.528999999999999915e+00
5.796999999999998820e+00,1.619999999999999218e-01,1.235999999999999988e+00
5.798999999999999488e+00,1.270000000000000018e-01,1.472999999999999865e+00
5.791999999999999815e+00,1.290000000000000036e-01,1.285999999999999810e+00
5.785999999999999588e+00,1.060000000000000941e-01,1.258000000000000007e+00
5.800999999999999268e+00,1.360000000000001208e-01,1.475999999999999979e+00
5.803999999999999382e+00,1.420000000000001261e-01,1.508000000000000007e+00
5.805999999999999162e+00,1.830000000000000515e-01,1.350999999999999979e+00
5.791999999999999815e+00,1.149999999999999911e-01,1.343999999999999861e+00
5.790999999999999481e+00,1.049999999999999822e-01,1.385000000000000009e+00
5.797999999999999154e+00,9.899999999999997691e-02,1.589999999999999858e+00
5.790999999999999481e+00,1.089999999999999858e-01,1.364999999999999991e+00
5.794999999999999929e+00,8.600000000000007638e-02,1.572999999999999954e+00
5.794999999999999929e+00,1.479999999999999094e-01,1.254999999999999893e+00
5.792999999999999261e+00,1.020000000000000906e-01,1.441999999999999948e+00
5.795999999999999375e+00,8.699999999999996625e-02,1.581999999999999851e+00
5.792999999999999261e+00,1.330000000000000071e-01,1.296999999999999931e+00
5.798999999999999488e+00,1.390000000000000124e-01,1.420999999999999819e+00
5.790999999999999481e+00,1.310000000000000053e-01,1.241999999999999993e+00
5.801999999999999602e+00,1.260000000000001119e-01,1.540999999999999925e+00
5.789999999999999147e+00,1.109999999999999876e-01,1.311999999999999833e+00
5.804999999999999716e+00,1.730000000000000426e-01,1.389000000000000012e+00
5.818999999999999062e+00,2.219999999999999751e-01,1.476999999999999869e+00
5.802999999999999048e+00,1.590000000000000302e-01,1.414999999999999813e+00
5.792999999999999261e+00,9.499999999999997335e-02,1.466999999999999860e+00
5.798999999999999488e+00,1.410000000000000142e-01,1.407999999999999918e+00
5.788999999999999702e+00,1.040000000000000924e-01,1.344999999999999973e+00
5.802999999999999048e+00,1.370000000000000107e-01,1.522999999999999909e+00
5.804999999999999716e+00,1.830000000000000515e-01,1.346999999999999975e+00
5.796999999999998820e+00,1.410000000000000142e-01,1.336999999999999966e+00
5.797999999999999154e+00,1.420000000000001261e-01,1.358999999999999986e+00
5.790999999999999481e+00,9.099999999999996980e-02,1.435999999999999943e+00
5.792999999999999261e+00,1.009999999999999787e-01,1.434999999999999831e+00
5.792999999999999261e+00,1.410000000000000142e-01,1.254000000000000004e+00
5.799999999999998934e+00,1.690000000000000391e-01,1.289999999999999813e+00
5.808999999999999275e+00,1.990000000000000657e-01,1.370999999999999996e+00
5.812999999999998835e+00,1.959999999999999520e-01,1.458999999999999853e+00
5.804999999999999716e+00,1.510000000000000231e-01,1.494999999999999885e+00
5.793999999999998707e+00,1.350000000000000089e-01,1.298999999999999932e+00
5.791999999999999815e+00,9.400000000000008349e-02,1.467999999999999972e+00
5.788999999999999702e+00,1.370000000000000107e-01,1.181999999999999940e+00
5.797999999999999154e+00,1.440000000000001279e-01,1.368999999999999995e+00
5.799999999999998934e+00,1.610000000000000320e-01,1.329999999999999849e+00
5.788999999999999702e+00,1.240000000000001101e-01,1.233999999999999986e+00
5.789999999999999147e+00,1.060000000000000941e-01,1.362999999999999989e+00
5.788999999999999702e+00,1.270000000000000018e-01,1.221999999999999975e+00
5.804999999999999716e+00,1.799999999999999378e-01,1.356999999999999984e+00
5.806999999999999496e+00,1.810000000000000497e-01,1.399999999999999911e+00
5.791999999999999815e+00,1.229999999999999982e-01,1.305999999999999828e+00
5.789999999999999147e+00,1.350000000000000089e-01,1.197999999999999954e+00
5.802999999999999048e+00,1.759999999999999343e-01,1.335999999999999854e+00
5.814999999999999503e+00,1.950000000000000622e-01,1.528000000000000025e+00
5.811999999999999389e+00,1.799999999999999378e-01,1.526999999999999913e+00
5.793999999999998707e+00,1.009999999999999787e-01,1.482999999999999874e+00
5.798999999999999488e+00,1.400000000000001243e-01,1.399999999999999911e+00
5.816999999999999282e+00,2.139999999999999680e-01,1.472999999999999865e+00
5.805999999999999162e+00,1.350000000000000089e-01,1.591999999999999860e+00
5.789999999999999147e+00,1.260000000000001119e-01,1.254999999999999893e+00
5.804999999999999716e+00,1.510000000000000231e-01,1.489999999999999991e+00
5.809999999999998721e+00,1.590000000000000302e-01,1.567999999999999838e+00
5.793999999999998707e+00,1.340000000000001190e-01,1.300999999999999934e+00
5.782999999999999474e+00,9.600000000000008527e-02,1.225999999999999979e+00
5.796999999999998820e+00,1.330000000000000071e-01,1.381000000000000005e+00
5.799999999999998934e+00,1.559999999999999165e-01,1.349999999999999867e+00
5.801999999999999602e+00,1.430000000000000160e-01,1.472999999999999865e+00
5.803999999999999382e+00,1.610000000000000320e-01,1.432999999999999829e+00
5.801999999999999602e+00,1.479999999999999094e-01,1.424999999999999822e+00
5.786999999999999034e+00,9.699999999999997513e-02,1.325999999999999845e+00
5.792999999999999261e+00,1.499999999999999112e-01,1.201999999999999957e+00
5.816999999999999282e+00,2.110000000000000764e-01,1.506000000000000005e+00
5.793999999999998707e+00,1.000000000000000888e-01,1.480999999999999872e+00
5.785999999999999588e+00,1.100000000000000977e-01,1.239999999999999991e+00
5.799999999999998934e+00,1.510000000000000231e-01,1.373999999999999888e+00
5.811999999999999389e+00,1.890000000000000568e-01,1.467999999999999972e+00
5.798999999999999488e+00,1.679999999999999272e-01,1.266999999999999904e+00
5.798999999999999488e+00,1.040000000000000924e-01,1.584999999999999964e+00
5.809999999999998721e+00,1.879999999999999449e-01,1.437999999999999945e+00
5.794999999999999929e+00,1.410000000000000142e-01,1.295999999999999819e+00
5.795999999999999375e+00,1.350000000000000089e-01,1.356999999999999984e+00
5.804999999999999716e+00,1.719999999999999307e-01,1.393000000000000016e+00
5.798999999999999488e+00,9.600000000000008527e-02,1.610999999999999988e+00
5.813999999999999169e+00,2.090000000000000746e-01,1.438999999999999835e+00
5.801999999999999602e+00,1.400000000000001243e-01,1.480999999999999872e+00
5.795999999999999375e+00,1.410000000000000142e-01,1.315999999999999837e+00
5.807999999999999829e+00,1.699999999999999289e-01,1.487999999999999989e+00
5.785999999999999588e+00,1.049999999999999822e-01,1.250000000000000000e+00
5.796999999999998820e+00,1.450000000000000178e-01,1.327999999999999847e+00
5.782999999999999474e+00,9.299999999999997158e-02,1.242999999999999883e+00
5.779999999999999361e+00,9.499999999999997335e-02,1.157000000000000028e+00
5.787999999999999368e+00,1.250000000000000000e-01,1.218999999999999861e+00
5.801999999999999602e+00,1.539999999999999147e-01,1.407999999999999918e+00
5.797999999999999154e+00,1.450000000000000178e-01,1.351999999999999869e+00
5.799999999999998934e+00,1.160000000000001030e-01,1.530999999999999917e+00
5.804999999999999716e+00,1.719999999999999307e-01,1.391999999999999904e+00
5.814999999999999503e+00,2.039999999999999591e-01,1.488999999999999879e+00
5.796999999999998820e+00,1.209999999999999964e-01,1.436999999999999833e+00
5.788999999999999702e+00,9.800000000000008704e-02,1.363999999999999879e+00
5.794999999999999929e+00,1.390000000000000124e-01,1.314999999999999947e+00
5.791999999999999815e+00,1.009999999999999787e-01,1.433999999999999941e+00
5.799999999999998934e+00,1.390000000000000124e-01,1.436999999999999833e+00
5.790999999999999481e+00,9.699999999999997513e-02,1.416999999999999815e+00
5.792999999999999261e+00,1.510000000000000231e-01,1.202999999999999847e+00
5.799999999999998934e+00,1.209999999999999964e-01,1.516000000000000014e+00
5.794999999999999929e+00,1.120000000000000995e-01,1.437999999999999945e+00
5.787999999999999368e+00,1.020000000000000906e-01,1.321999999999999842e+00
5.798999999999999488e+00,1.559999999999999165e-01,1.314999999999999947e+00
5.803999999999999382e+00,1.759999999999999343e-01,1.338999999999999968e+00
5.792999999999999261e+00,1.020000000000000906e-01,1.435999999999999943e+00
5.811999999999999389e+00,1.790000000000000480e-01,1.536999999999999922e+00
5.781999999999999140e+00,9.600000000000008527e-02,1.211999999999999966e+00
5.802999999999999048e+00,1.320000000000001172e-01,1.534999999999999920e+00
5.793999999999998707e+00,1.009999999999999787e-01,1.471999999999999975e+00
5.793999999999998707e+00,1.270000000000000018e-01,1.352999999999999980e+00
5.796999999999998820e+00,1.499999999999999112e-01,1.297999999999999821e+00
5.812999999999998835e+00,1.879999999999999449e-01,1.510999999999999899e+00
5.784999999999999254e+00,1.049999999999999822e-01,1.222999999999999865e+00
5.793999999999998707e+00,1.440000000000001279e-01,1.250999999999999890e+00
5.797999999999999154e+00,1.590000000000000302e-01,1.288999999999999924e+00
5.793999999999998707e+00,1.149999999999999911e-01,1.401999999999999913e+00
5.791999999999999815e+00,9.600000000000008527e-02,1.447999999999999954e+00
5.799999999999998934e+00,1.679999999999999272e-01,1.297999999999999821e+00
5.791999999999999815e+00,1.440000000000001279e-01,1.216999999999999860e+00
5.801999999999999602e+00,1.320000000000001172e-01,1.514000000000000012e+00
5.802999999999999048e+00,1.750000000000000444e-01,1.319999999999999840e+00
5.798999999999999488e+00,1.410000000000000142e-01,1.389999999999999902e+00
5.787999999999999368e+00,9.400000000000008349e-02,1.348999999999999977e+00
5.791999999999999815e+00,9.800000000000008704e-02,1.441999999999999948e+00
5.811999999999999389e+00,2.050000000000000711e-01,1.389000000000000012e+00
5.802999999999999048e+00,1.189999999999999947e-01,1.604999999999999982e+00
5.797999999999999154e+00,1.240000000000001101e-01,1.462999999999999856e+00
5.820999999999999730e+00,2.279999999999999805e-01,1.495999999999999996e+00
5.788999999999999702e+00,9.200000000000008171e-02,1.395000000000000018e+00
5.807999999999999829e+00,1.519999999999999130e-01,1.552999999999999936e+00
5.800999999999999268e+00,1.360000000000001208e-01,1.463999999999999968e+00
5.803999999999999382e+00,1.470000000000000195e-01,1.479999999999999982e+00
5.793999999999998707e+00,9.899999999999997691e-02,1.487999999999999989e+00
5.797999999999999154e+00,1.220000000000001084e-01,1.463999999999999968e+00
5.788999999999999702e+00,1.400000000000001243e-01,1.169999999999999929e+00
5.801999999999999602e+00,1.539999999999999147e-01,1.405999999999999917e+00
5.794999999999999929e+00,1.300000000000001155e-01,1.357999999999999874e+00
5.803999999999999382e+00,1.570000000000000284e-01,1.437999999999999945e+00
5.791999999999999815e+00,1.169999999999999929e-01,1.356999999999999984e+00
5.812999999999998835e+00,1.839999999999999414e-01,1.536999999999999922e+00
5.805999999999999162e+00,1.539999999999999147e-01,1.506000000000000005e+00
5.803999999999999382e+00,1.270000000000000018e-01,1.584999999999999964e+00
5.803999999999999382e+00,1.290000000000000036e-01,1.581999999999999851e+00
5.792999999999999261e+00,1.180000000000001048e-01,1.370999999999999996e+00
5.792999999999999261e+00,1.040000000000000924e-01,1.426999999999999824e+00
5.817999999999999616e+00,2.099999999999999645e-01,1.520999999999999908e+00
5.811999999999999389e+00,1.919999999999999485e-01,1.455999999999999961e+00
5.817999999999999616e+00,2.079999999999999627e-01,1.528000000000000025e+00
5.798999999999999488e+00,1.360000000000001208e-01,1.421999999999999931e+00
5.800999999999999268e+00,1.420000000000001261e-01,1.448999999999999844e+00
5.800999999999999268e+00,1.149999999999999911e-01,1.573999999999999844e+00
5.815999999999998948e+00,2.159999999999999698e-01,1.449999999999999956e+00
5.798999999999999488e+00,1.630000000000000338e-01,1.284999999999999920e+00
5.799999999999998934e+00,1.160000000000001030e-01,1.546999999999999931e+00
5.788999999999999702e+00,1.120000000000000995e-01,1.305999999999999828e+00
5.806999999999999496e+00,1.470000000000000195e-01,1.560999999999999943e+00
5.802999999999999048e+00,1.559999999999999165e-01,1.416999999999999815e+00
5.799999999999998934e+00,1.659999999999999254e-01,1.302999999999999936e+00
5.787999999999999368e+00,9.299999999999997158e-02,1.377999999999999892e+00
5.793999999999998707e+00,8.499999999999996447e-02,1.758000000000000007e+00
5.796999999999998820e+00,8.600000000000007638e-02,1.676999999999999824e+00
5.797999999999999154e+00,1.250000000000000000e-01,1.796999999999999931e+00
5.796999999999998820e+00,1.000000000000000888e-01,1.696999999999999842e+00
5.794999999999999929e+00,9.099999999999996980e-02,1.754000000000000004e+00
5.797999999999999154e+00,1.169999999999999929e-01,1.750999999999999890e+00
5.796999999999998820e+00,9.200000000000008171e-02,1.676999999999999824e+00
5.796999999999998820e+00,1.430000000000000160e-01,1.883999999999999897e+00
5.796999999999998820e+00,9.099999999999996980e-02,1.673999999999999932e+00
5.798999999999999488e+00,1.650000000000000355e-01,1.921999999999999931e+00
5.795999999999999375e+00,1.000000000000000888e-01,1.766999999999999904e+00
5.797999999999999154e+00,1.470000000000000195e-01,1.887999999999999901e+00
5.796999999999998820e+00,9.200000000000008171e-02,1.688999999999999835e+00
5.796999999999998820e+00,1.200000000000001066e-01,1.818999999999999950e+00
5.796999999999998820e+00,9.899999999999997691e-02,1.694999999999999840e+00
5.794999999999999929e+00,1.009999999999999787e-01,1.786999999999999922e+00
5.791999999999999815e+00,8.299999999999996270e-02,1.864999999999999991e+00
5.708999999999999631e+00,1.340000000000001190e-01,1.410000000000000142e-01
5.678999999999999382e+00,1.390000000000000124e-01,1.400000000000000133e-01
5.709999999999999076e+00,1.290000000000000036e-01,1.410000000000000142e-01
5.732999999999998764e+00,1.460000000000001297e-01,1.410000000000000142e-01
5.729999999999999538e+00,1.310000000000000053e-01,1.410000000000000142e-01
5.758999999999999453e+00,2.439999999999999947e-01,1.221999999999999975e+00
5.783999999999998920e+00,2.439999999999999947e-01,1.182999999999999829e+00
5.811999999999999389e+00,2.439999999999999947e-01,1.731999999999999984e+00
5.803999999999999382e+00,2.439999999999999947e-01,1.432999999999999829e+00
5.778999999999999915e+00,2.439999999999999947e-01,1.660999999999999810e+00
5.761999999999998678e+00,2.439999999999999947e-01,1.791999999999999815e+00
5.762999999999999901e+00,2.439999999999999947e-01,1.284999999999999920e+00
5.779999999999999361e+00,2.439999999999999947e-01,1.597999999999999865e+00
5.777999999999998693e+00,2.439999999999999947e-01,1.268000000000000016e+00
5.793999999999998707e+00,2.439999999999999947e-01,1.334999999999999964e+00
5.795999999999999375e+00,2.439999999999999947e-01,2.036000000000000032e+00
5.783999999999998920e+00,2.439999999999999947e-01,1.672999999999999821e+00
5.785999999999999588e+00,2.439999999999999947e-01,1.543999999999999817e+00
5.797999999999999154e+00,2.439999999999999947e-01,1.706999999999999851e+00
5.763999999999999346e+00,2.439999999999999947e-01,1.853999999999999870e+00
5.782999999999999474e+00,2.439999999999999947e-01,1.428999999999999826e+00
5.783999999999998920e+00,2.439999999999999947e-01,1.524999999999999911e+00
5.813999999999999169e+00,2.439999999999999947e-01,1.449999999999999956e+00
5.799999999999998934e+00,2.439999999999999947e-01,1.602999999999999980e+00
5.761999999999998678e+00,2.439999999999999947e-01,1.250999999999999890e+00
5.804999999999999716e+00,2.439999999999999947e-01,1.147999999999999909e+00
5.801999999999999602e+00,2.439999999999999947e-01,1.613999999999999879e+00
5.777999999999998693e+00,2.439999999999999947e-01,1.282000000000000028e+00
5.785999999999999588e+00,2.439999999999999947e-01,1.469999999999999973e+00
5.769999999999999574e+00,2.439999999999999947e-01,1.329999999999999849e+00
5.759999999999999787e+00,2.439999999999999947e-01,1.643000000000000016e+00
5.802999999999999048e+00,2.439999999999999947e-01,1.760000000000000009e+00
5.761999999999998678e+00,2.439999999999999947e-01,1.387000000000000011e+00
5.796999999999998820e+00,2.439999999999999947e-01,1.262000000000000011e+00
5.804999999999999716e+00,2.439999999999999947e-01,1.399999999999999911e+00
5.798999999999999488e+00,2.439999999999999947e-01,1.545999999999999819e+00
5.779999999999999361e+00,2.439999999999999947e-01,1.464999999999999858e+00
5.767999999999998906e+00,2.439999999999999947e-01,1.230999999999999872e+00
5.771999999999999353e+00,2.439999999999999947e-01,1.254999999999999893e+00
5.766999999999999460e+00,2.439999999999999947e-01,1.711999999999999966e+00
5.764999999999998792e+00,2.439999999999999947e-01,1.480999999999999872e+00
5.815999999999998948e+00,2.439999999999999947e-01,1.579999999999999849e+00
5.785999999999999588e+00,2.439999999999999947e-01,1.213999999999999968e+00
5.807999999999999829e+00,2.439999999999999947e-01,1.854999999999999982e+00
5.799999999999998934e+00,2.439999999999999947e-01,1.182999999999999829e+00
5.784999999999999254e+00,2.439999999999999947e-01,1.797999999999999821e+00
5.759999999999999787e+00,2.439999999999999947e-01,1.758999999999999897e+00
5.780999999999998806e+00,2.439999999999999947e-01,1.401000000000000023e+00
5.768999999999999240e+00,2.439999999999999947e-01,1.310999999999999943e+00
5.808999999999999275e+00,2.439999999999999947e-01,1.332999999999999963e+00
5.772999999999999687e+00,2.439999999999999947e-01,1.196999999999999842e+00
5.781999999999999140e+00,2.439999999999999947e-01,1.431999999999999940e+00
5.793999999999998707e+00,2.439999999999999947e-01,1.416999999999999815e+00
5.784999999999999254e+00,2.439999999999999947e-01,1.678999999999999826e+00
5.812999999999998835e+00,2.439999999999999947e-01,1.355999999999999872e+00
5.787999999999999368e+00,2.439999999999999947e-01,1.520000000000000018e+00
5.811999999999999389e+00,2.439999999999999947e-01,1.338999999999999968e+00
5.772999999999999687e+00,2.439999999999999947e-01,1.260000000000000009e+00
5.787999999999999368e+00,2.439999999999999947e-01,1.612999999999999989e+00
5.788999999999999702e+00,2.439999999999999947e-01,1.235999999999999988e+00
5.791999999999999815e+00,2.439999999999999947e-01,1.309999999999999831e+00
5.802999999999999048e+00,2.439999999999999947e-01,1.596999999999999975e+00
5.807999999999999829e+00,2.439999999999999947e-01,1.797999999999999821e+00
5.772999999999999687e+00,2.439999999999999947e-01,1.213999999999999968e+00
5.805999999999999162e+00,2.439999999999999947e-01,1.665999999999999925e+00
5.813999999999999169e+00,2.439999999999999947e-01,1.351999999999999869e+00
5.758999999999999453e+00,2.439999999999999947e-01,1.744999999999999885e+00
5.796999999999998820e+00,2.439999999999999947e-01,1.719999999999999973e+00
5.785999999999999588e+00,2.439999999999999947e-01,1.625999999999999890e+00
5.783999999999998920e+00,2.439999999999999947e-01,1.508000000000000007e+00
5.800999999999999268e+00,2.439999999999999947e-01,1.810999999999999943e+00
5.814999999999999503e+00,2.439999999999999947e-01,1.456999999999999851e+00
5.766999999999999460e+00,2.439999999999999947e-01,1.459999999999999964e+00
5.769999999999999574e+00,2.439999999999999947e-01,1.508000000000000007e+00
5.775999999999999801e+00,2.439999999999999947e-01,1.264999999999999902e+00
5.790999999999999481e+00,2.439999999999999947e-01,1.320999999999999952e+00
5.810999999999999943e+00,2.439999999999999947e-01,1.818999999999999950e+00
5.782999999999999474e+00,2.439999999999999947e-01,1.568999999999999950e+00
5.803999999999999382e+00,2.439999999999999947e-01,1.319999999999999840e+00
5.793999999999998707e+00,2.439999999999999947e-01,1.288999999999999924e+00
5.770999999999999019e+00,2.439999999999999947e-01,1.716999999999999860e+00
5.774999999999999467e+00,2.439999999999999947e-01,1.248999999999999888e+00
5.788999999999999702e+00,2.439999999999999947e-01,1.297999999999999821e+00
5.807999999999999829e+00,2.439999999999999947e-01,1.552999999999999936e+00
5.765999999999999126e+00,2.439999999999999947e-01,1.252999999999999892e+00
5.802999999999999048e+00,2.439999999999999947e-01,1.489999999999999991e+00
5.795999999999999375e+00,2.439999999999999947e-01,1.758000000000000007e+00
5.761999999999998678e+00,2.439999999999999947e-01,1.655000000000000027e+00
5.805999999999999162e+00,2.439999999999999947e-01,1.492999999999999883e+00
5.791999999999999815e+00,2.439999999999999947e-01,1.724999999999999867e+00
5.785999999999999588e+00,2.439999999999999947e-01,1.528000000000000025e+00
5.764999999999998792e+00,2.439999999999999947e-01,1.254999999999999893e+00
5.761999999999998678e+00,2.439999999999999947e-01,1.528999999999999915e+00
5.764999999999998792e+00,2.439999999999999947e-01,1.783999999999999808e+00
5.798999999999999488e+00,2.439999999999999947e-01,1.401999999999999913e+00
5.805999999999999162e+00,2.439999999999999947e-01,1.576999999999999957e+00
5.811999999999999389e+00,2.439999999999999947e-01,1.395000000000000018e+00
5.777999999999998693e+00,2.439999999999999947e-01,1.742999999999999883e+00
5.774999999999999467e+00,2.439999999999999947e-01,1.611999999999999877e+00
5.762999999999999901e+00,2.439999999999999947e-01,1.452999999999999847e+00
5.805999999999999162e+00,2.439999999999999947e-01,1.610999999999999988e+00
5.788999999999999702e+00,2.439999999999999947e-01,1.516000000000000014e+00
5.765999999999999126e+00,2.439999999999999947e-01,1.815999999999999837e+00
5.762999999999999901e+00,2.439999999999999947e-01,1.741999999999999993e+00
5.774999999999999467e+00,2.439999999999999947e-01,1.577999999999999847e+00
5.757999999999999119e+00,2.439999999999999947e-01,1.391999999999999904e+00
5.791999999999999815e+00,2.439999999999999947e-01,1.423999999999999932e+00
5.775999999999999801e+00,2.439999999999999947e-01,1.629000000000000004e+00
5.786999999999999034e+00,2.439999999999999947e-01,1.587999999999999856e+00
5.776999999999999247e+00,2.439999999999999947e-01,1.826999999999999957e+00
5.785999999999999588e+00,2.439999999999999947e-01,1.198999999999999844e+00
5.784999999999999254e+00,2.439999999999999947e-01,1.526000000000000023e+00
5.813999999999999169e+00,2.439999999999999947e-01,1.368999999999999995e+00
5.786999999999999034e+00,2.439999999999999947e-01,1.667999999999999927e+00
5.785999999999999588e+00,2.439999999999999947e-01,1.264999999999999902e+00
5.799999999999998934e+00,2.439999999999999947e-01,1.313999999999999835e+00
5.775999999999999801e+00,2.439999999999999947e-01,1.518000000000000016e+00
5.769999999999999574e+00,2.439999999999999947e-01,1.352999999999999980e+00
5.815999999999998948e+00,2.439999999999999947e-01,1.457999999999999963e+00
5.782999999999999474e+00,2.439999999999999947e-01,1.617999999999999883e+00
5.807999999999999829e+00,2.439999999999999947e-01,1.274000000000000021e+00
5.801999999999999602e+00,2.439999999999999947e-01,1.594999999999999973e+00
5.771999999999999353e+00,2.439999999999999947e-01,1.184999999999999831e+00
5.807999999999999829e+00,2.439999999999999947e-01,1.434999999999999831e+00
5.815999999999998948e+00,2.439999999999999947e-01,1.666999999999999815e+00
5.806999999999999496e+00,2.439999999999999947e-01,1.734999999999999876e+00
5.765999999999999126e+00,2.439999999999999947e-01,1.496999999999999886e+00
5.804999999999999716e+00,2.439999999999999947e-01,1.232999999999999874e+00
5.793999999999998707e+00,2.439999999999999947e-01,1.256999999999999895e+00
5.791999999999999815e+00,2.439999999999999947e-01,1.260999999999999899e+00
5.790999999999999481e+00,2.439999999999999947e-01,1.602999999999999980e+00
5.762999999999999901e+00,2.439999999999999947e-01,1.214999999999999858e+00
5.760999999999999233e+00,2.439999999999999947e-01,1.596999999999999975e+00
5.784999999999999254e+00,2.439999999999999947e-01,1.776999999999999913e+00
5.812999999999998835e+00,2.439999999999999947e-01,1.295999999999999819e+00
5.782999999999999474e+00,2.439999999999999947e-01,1.645999999999999908e+00
5.796999999999998820e+00,2.439999999999999947e-01,1.413999999999999924e+00
5.795999999999999375e+00,2.439999999999999947e-01,1.903999999999999915e+00
5.780999999999998806e+00,2.439999999999999947e-01,1.498999999999999888e+00
5.779999999999999361e+00,2.439999999999999947e-01,1.641000000000000014e+00
5.789999999999999147e+00,2.439999999999999947e-01,1.685999999999999943e+00
5.792999999999999261e+00,2.439999999999999947e-01,1.276999999999999913e+00
5.768999999999999240e+00,2.439999999999999947e-01,1.600999999999999979e+00
5.789999999999999147e+00,2.439999999999999947e-01,1.506999999999999895e+00
5.808999999999999275e+00,2.439999999999999947e-01,1.393000000000000016e+00
5.802999999999999048e+00,2.439999999999999947e-01,1.629999999999999893e+00
5.810999999999999943e+00,2.439999999999999947e-01,1.495999999999999996e+00
5.761999999999998678e+00,2.439999999999999947e-01,1.629999999999999893e+00
5.771999999999999353e+00,2.439999999999999947e-01,1.553999999999999826e+00
5.761999999999998678e+00,2.439999999999999947e-01,1.508000000000000007e+00
5.777999999999998693e+00,2.439999999999999947e-01,1.391000000000000014e+00
5.780999999999998806e+00,2.439999999999999947e-01,2.016000000000000014e+00
5.764999999999998792e+00,2.439999999999999947e-01,1.750000000000000000e+00
5.789999999999999147e+00,2.439999999999999947e-01,1.789999999999999813e+00
5.803999999999999382e+00,2.439999999999999947e-01,1.697999999999999954e+00
5.803999999999999382e+00,2.439999999999999947e-01,1.802999999999999936e+00
5.761999999999998678e+00,2.439999999999999947e-01,1.594999999999999973e+00
5.779999999999999361e+00,2.439999999999999947e-01,1.370999999999999996e+00
5.776999999999999247e+00,2.439999999999999947e-01,1.195999999999999952e+00
5.758999999999999453e+00,2.439999999999999947e-01,1.809999999999999831e+00
5.757999999999999119e+00,2.439999999999999947e-01,1.236999999999999877e+00
5.806999999999999496e+00,2.439999999999999947e-01,1.422999999999999821e+00
5.799999999999998934e+00,2.439999999999999947e-01,1.276999999999999913e+00
5.772999999999999687e+00,2.439999999999999947e-01,1.683999999999999941e+00
5.814999999999999503e+00,2.439999999999999947e-01,1.421999999999999931e+00
5.778999999999999915e+00,2.439999999999999947e-01,1.353999999999999870e+00
5.805999999999999162e+00,2.439999999999999947e-01,1.613999999999999879e+00
5.802999999999999048e+00,2.439999999999999947e-01,1.448999999999999844e+00
5.797999999999999154e+00,2.439999999999999947e-01,1.225999999999999979e+00
5.758999999999999453e+00,2.439999999999999947e-01,1.784999999999999920e+00
5.779999999999999361e+00,2.439999999999999947e-01,1.488999999999999879e+00
5.786999999999999034e+00,2.439999999999999947e-01,1.717999999999999972e+00
5.781999999999999140e+00,2.439999999999999947e-01,1.317999999999999838e+00
5.787999999999999368e+00,2.439999999999999947e-01,1.231999999999999984e+00
5.811999999999999389e+00,2.439999999999999947e-01,1.723999999999999977e+00
5.782999999999999474e+00,2.439999999999999947e-01,1.074999999999999956e+00
5.793999999999998707e+00,2.439999999999999947e-01,1.711999999999999966e+00
5.801999999999999602e+00,2.439999999999999947e-01,1.581999999999999851e+00
5.812999999999998835e+00,2.439999999999999947e-01,1.851999999999999869e+00
5.789999999999999147e+00,2.439999999999999947e-01,1.691999999999999948e+00
5.767999999999998906e+00,2.439999999999999947e-01,1.459999999999999964e+00
5.784999999999999254e+00,2.439999999999999947e-01,1.493999999999999995e+00
5.779999999999999361e+00,2.439999999999999947e-01,1.872999999999999998e+00
5.806999999999999496e+00,2.439999999999999947e-01,1.776999999999999913e+00
5.790999999999999481e+00,2.439999999999999947e-01,1.908999999999999808e+00
5.769999999999999574e+00,2.439999999999999947e-01,1.754999999999999893e+00
5.791999999999999815e+00,2.439999999999999947e-01,1.782000000000000028e+00
5.812999999999998835e+00,2.439999999999999947e-01,1.470999999999999863e+00
5.787999999999999368e+00,2.439999999999999947e-01,1.590999999999999970e+00
5.796999999999998820e+00,2.439999999999999947e-01,1.710999999999999854e+00
5.772999999999999687e+00,2.439999999999999947e-01,1.504000000000000004e+00
5.772999999999999687e+00,2.439999999999999947e-01,1.766999999999999904e+00
5.789999999999999147e+00,2.439999999999999947e-01,1.633000000000000007e+00
5.780999999999998806e+00,2.439999999999999947e-01,1.528999999999999915e+00
5.813999999999999169e+00,2.439999999999999947e-01,1.577999999999999847e+00
5.757999999999999119e+00,2.439999999999999947e-01,1.347999999999999865e+00
5.761999999999998678e+00,2.439999999999999947e-01,1.391000000000000014e+00
5.757999999999999119e+00,2.439999999999999947e-01,1.385000000000000009e+00
5.805999999999999162e+00,2.439999999999999947e-01,1.459999999999999964e+00
5.758999999999999453e+00,2.439999999999999947e-01,1.375999999999999890e+00
5.765999999999999126e+00,2.439999999999999947e-01,1.831999999999999851e+00
5.789999999999999147e+00,2.439999999999999947e-01,1.714999999999999858e+00
5.793999999999998707e+00,2.439999999999999947e-01,1.208999999999999853e+00
5.800999999999999268e+00,2.439999999999999947e-01,1.494999999999999885e+00
5.789999999999999147e+00,2.439999999999999947e-01,1.727999999999999980e+00
5.769999999999999574e+00,2.439999999999999947e-01,1.853999999999999870e+00
5.758999999999999453e+00,2.439999999999999947e-01,1.289999999999999813e+00
5.763999999999999346e+00,2.439999999999999947e-01,1.213999999999999968e+00
5.815999999999998948e+00,2.439999999999999947e-01,1.183999999999999941e+00
5.798999999999999488e+00,2.439999999999999947e-01,1.665999999999999925e+00
5.786999999999999034e+00,2.439999999999999947e-01,1.151000000000000023e+00
5.781999999999999140e+00,2.439999999999999947e-01,1.480999999999999872e+00
5.762999999999999901e+00,2.439999999999999947e-01,1.282000000000000028e+00
5.787999999999999368e+00,2.439999999999999947e-01,1.234999999999999876e+00
5.777999999999998693e+00,2.439999999999999947e-01,1.814999999999999947e+00
5.767999999999998906e+00,2.439999999999999947e-01,1.596999999999999975e+00
5.773999999999999133e+00,2.439999999999999947e-01,1.792999999999999927e+00
5.798999999999999488e+00,2.439999999999999947e-01,1.355999999999999872e+00
5.802999999999999048e+00,2.439999999999999947e-01,1.627999999999999892e+00
5.802999999999999048e+00,2.439999999999999947e-01,1.663999999999999924e+00
5.812999999999998835e+00,2.439999999999999947e-01,1.468999999999999861e+00
5.791999999999999815e+00,2.439999999999999947e-01,1.225999999999999979e+00
5.772999999999999687e+00,2.439999999999999947e-01,1.262000000000000011e+00
5.779999999999999361e+00,2.439999999999999947e-01,1.314999999999999947e+00
5.773999999999999133e+00,2.439999999999999947e-01,1.619999999999999885e+00
5.815999999999998948e+00,2.439999999999999947e-01,1.760999999999999899e+00
5.774999999999999467e+00,2.439999999999999947e-01,1.173999999999999932e+00
5.792999999999999261e+00,2.439999999999999947e-01,1.468999999999999861e+00
5.768999999999999240e+00,2.439999999999999947e-01,1.616999999999999993e+00
5.775999999999999801e+00,2.439999999999999947e-01,1.555999999999999828e+00
5.792999999999999261e+00,2.439999999999999947e-01,1.591999999999999860e+00
5.771999999999999353e+00,2.439999999999999947e-01,1.758000000000000007e+00
5.794999999999999929e+00,2.439999999999999947e-01,1.246999999999999886e+00
5.815999999999998948e+00,2.439999999999999947e-01,1.789999999999999813e+00
5.807999999999999829e+00,2.439999999999999947e-01,1.740999999999999881e+00
5.774999999999999467e+00,2.439999999999999947e-01,1.315999999999999837e+00
5.804999999999999716e+00,2.439999999999999947e-01,1.487999999999999989e+00
5.804999999999999716e+00,2.439999999999999947e-01,1.361999999999999877e+00
5.789999999999999147e+00,2.439999999999999947e-01,1.316999999999999948e+00
5.761999999999998678e+00,2.439999999999999947e-01,1.607999999999999874e+00
5.810999999999999943e+00,2.439999999999999947e-01,1.609999999999999876e+00
5.784999999999999254e+00,2.439999999999999947e-01,1.262999999999999901e+00
5.767999999999998906e+00,2.439999999999999947e-01,1.199999999999999956e+00
5.764999999999998792e+00,2.439999999999999947e-01,1.018999999999999906e+00
5.783999999999998920e+00,2.439999999999999947e-01,1.418999999999999817e+00
5.785999999999999588e+00,2.439999999999999947e-01,1.436999999999999833e+00
5.789999999999999147e+00,2.439999999999999947e-01,1.493999999999999995e+00
5.771999999999999353e+00,2.439999999999999947e-01,1.448999999999999844e+00
5.761999999999998678e+00,2.439999999999999947e-01,1.780000000000000027e+00
5.790999999999999481e+00,2.439999999999999947e-01,1.169999999999999929e+00
5.758999999999999453e+00,2.439999999999999947e-01,1.479999999999999982e+00
5.778999999999999915e+00,2.439999999999999947e-01,1.858999999999999986e+00
5.804999999999999716e+00,2.439999999999999947e-01,1.320999999999999952e+00
5.785999999999999588e+00,2.439999999999999947e-01,1.339999999999999858e+00
5.785999999999999588e+00,2.439999999999999947e-01,1.502999999999999892e+00
5.781999999999999140e+00,2.439999999999999947e-01,1.649000000000000021e+00
5.761999999999998678e+00,2.439999999999999947e-01,1.831999999999999851e+00
5.796999999999998820e+00,2.439999999999999947e-01,1.695999999999999952e+00
5.798999999999999488e+00,2.439999999999999947e-01,1.543999999999999817e+00
5.803999999999999382e+00,2.439999999999999947e-01,1.453999999999999959e+00
5.759999999999999787e+00,2.439999999999999947e-01,1.653999999999999915e+00
5.801999999999999602e+00,2.439999999999999947e-01,1.510000000000000009e+00
5.797999999999999154e+00,2.439999999999999947e-01,1.276999999999999913e+00
5.809999999999998721e+00,2.439999999999999947e-01,1.385000000000000009e+00
5.763999999999999346e+00,2.439999999999999947e-01,1.721999999999999975e+00
5.761999999999998678e+00,2.439999999999999947e-01,1.416999999999999815e+00
5.780999999999998806e+00,2.439999999999999947e-01,1.705999999999999961e+00
5.778999999999999915e+00,2.439999999999999947e-01,1.723999999999999977e+00
5.779999999999999361e+00,2.439999999999999947e-01,1.302999999999999936e+00
5.802999999999999048e+00,2.439999999999999947e-01,1.760999999999999899e+00
5.791999999999999815e+00,2.439999999999999947e-01,1.322999999999999954e+00
5.814999999999999503e+00,2.439999999999999947e-01,1.647000000000000020e+00
5.796999999999998820e+00,2.439999999999999947e-01,1.389000000000000012e+00
5.777999999999998693e+00,2.439999999999999947e-01,1.599999999999999867e+00
5.794999999999999929e+00,2.439999999999999947e-01,1.613999999999999879e+00
5.774999999999999467e+00,2.439999999999999947e-01,1.710999999999999854e+00
5.776999999999999247e+00,2.439999999999999947e-01,1.508999999999999897e+00
5.763999999999999346e+00,2.439999999999999947e-01,1.795999999999999819e+00
5.791999999999999815e+00,2.439999999999999947e-01,1.354999999999999982e+00
5.766999999999999460e+00,2.439999999999999947e-01,1.541999999999999815e+00
5.782999999999999474e+00,2.439999999999999947e-01,1.516000000000000014e+00
5.791999999999999815e+00,2.439999999999999947e-01,1.597999999999999865e+00
5.772999999999999687e+00,2.439999999999999947e-01,1.305999999999999828e+00
5.778999999999999915e+00,2.439999999999999947e-01,1.846999999999999975e+00
5.771999999999999353e+00,2.439999999999999947e-01,1.598999999999999977e+00
5.797999999999999154e+00,2.439999999999999947e-01,1.651000000000000023e+00
5.802999999999999048e+00,2.439999999999999947e-01,1.397999999999999909e+00
5.790999999999999481e+00,2.439999999999999947e-01,1.721999999999999975e+00
5.763999999999999346e+00,2.439999999999999947e-01,1.284999999999999920e+00
5.761999999999998678e+00,2.439999999999999947e-01,1.463999999999999968e+00
5.806999999999999496e+00,2.439999999999999947e-01,1.305999999999999828e+00
5.815999999999998948e+00,2.439999999999999947e-01,1.266999999999999904e+00
5.800999999999999268e+00,2.439999999999999947e-01,1.602999999999999980e+00
5.766999999999999460e+00,2.439999999999999947e-01,1.381999999999999895e+00
5.774999999999999467e+00,2.439999999999999947e-01,1.686999999999999833e+00
5.776999999999999247e+00,2.439999999999999947e-01,1.468999999999999861e+00
5.775999999999999801e+00,2.439999999999999947e-01,1.635000000000000009e+00
5.810999999999999943e+00,2.439999999999999947e-01,1.276999999999999913e+00
5.783999999999998920e+00,2.439999999999999947e-01,1.297999999999999821e+00
5.770999999999999019e+00,2.439999999999999947e-01,1.707999999999999963e+00
5.812999999999998835e+00,2.439999999999999947e-01,1.639000000000000012e+00
5.787999999999999368e+00,2.439999999999999947e-01,1.105999999999999872e+00
5.790999999999999481e+00,2.439999999999999947e-01,1.469999999999999973e+00
5.778999999999999915e+00,2.439999999999999947e-01,1.606999999999999984e+00
5.802999999999999048e+00,2.439999999999999947e-01,1.685999999999999943e+00
5.784999999999999254e+00,2.439999999999999947e-01,1.361999999999999877e+00
5.762999999999999901e+00,2.439999999999999947e-01,1.661999999999999922e+00
5.774999999999999467e+00,2.439999999999999947e-01,1.446999999999999842e+00
5.796999999999998820e+00,2.439999999999999947e-01,1.653999999999999915e+00
5.768999999999999240e+00,2.439999999999999947e-01,1.925999999999999934e+00
5.768999999999999240e+00,2.439999999999999947e-01,1.772999999999999909e+00
5.775999999999999801e+00,2.439999999999999947e-01,1.328999999999999959e+00
5.761999999999998678e+00,2.439999999999999947e-01,1.598999999999999977e+00
5.784999999999999254e+00,2.439999999999999947e-01,1.522999999999999909e+00
5.805999999999999162e+00,2.439999999999999947e-01,1.453999999999999959e+00
5.757999999999999119e+00,2.439999999999999947e-01,1.418999999999999817e+00
5.771999999999999353e+00,2.439999999999999947e-01,1.602999999999999980e+00
5.784999999999999254e+00,2.439999999999999947e-01,1.214999999999999858e+00
5.801999999999999602e+00,2.439999999999999947e-01,1.256000000000000005e+00
5.812999999999998835e+00,2.439999999999999947e-01,1.473999999999999977e+00
5.791999999999999815e+00,2.439999999999999947e-01,1.353999999999999870e+00
5.808999999999999275e+00,2.439999999999999947e-01,1.518999999999999906e+00
5.789999999999999147e+00,2.439999999999999947e-01,1.308999999999999941e+00
5.799999999999998934e+00,2.439999999999999947e-01,1.393999999999999906e+00
5.768999999999999240e+00,2.439999999999999947e-01,1.168999999999999817e+00
5.801999999999999602e+00,2.439999999999999947e-01,1.356999999999999984e+00
5.792999999999999261e+00,2.439999999999999947e-01,1.819999999999999840e+00
5.761999999999998678e+00,2.439999999999999947e-01,1.831999999999999851e+00
5.809999999999998721e+00,2.439999999999999947e-01,1.420999999999999819e+00
5.774999999999999467e+00,2.439999999999999947e-01,1.839999999999999858e+00
5.762999999999999901e+00,2.439999999999999947e-01,1.893999999999999906e+00
5.781999999999999140e+00,2.439999999999999947e-01,1.848999999999999977e+00
5.782999999999999474e+00,2.439999999999999947e-01,1.613999999999999879e+00
5.793999999999998707e+00,2.439999999999999947e-01,1.340999999999999970e+00
5.762999999999999901e+00,2.439999999999999947e-01,1.800999999999999934e+00
5.807999999999999829e+00,2.439999999999999947e-01,1.455999999999999961e+00
5.781999999999999140e+00,2.439999999999999947e-01,1.534999999999999920e+00
5.765999999999999126e+00,2.439999999999999947e-01,1.155999999999999917e+00
5.761999999999998678e+00,2.439999999999999947e-01,1.655999999999999917e+00
5.774999999999999467e+00,2.439999999999999947e-01,1.584999999999999964e+00
5.759999999999999787e+00,2.439999999999999947e-01,1.354999999999999982e+00
5.812999999999998835e+00,2.439999999999999947e-01,1.399000000000000021e+00
5.762999999999999901e+00,2.439999999999999947e-01,1.204999999999999849e+00
5.771999999999999353e+00,2.439999999999999947e-01,1.806999999999999940e+00
5.810999999999999943e+00,2.439999999999999947e-01,1.664999999999999813e+00
5.758999999999999453e+00,2.439999999999999947e-01,1.756000000000000005e+00
5.786999999999999034e+00,2.439999999999999947e-01,1.169999999999999929e+00
5.798999999999999488e+00,2.439999999999999947e-01,1.722999999999999865e+00
5.805999999999999162e+00,2.439999999999999947e-01,1.614999999999999991e+00
5.799999999999998934e+00,2.439999999999999947e-01,1.456999999999999851e+00
5.783999999999998920e+00,2.439999999999999947e-01,1.788999999999999924e+00
5.781999999999999140e+00,2.439999999999999947e-01,1.585999999999999854e+00
5.773999999999999133e+00,2.439999999999999947e-01,1.502000000000000002e+00
5.760999999999999233e+00,2.439999999999999947e-01,1.181999999999999940e+00
5.768999999999999240e+00,2.439999999999999947e-01,1.844999999999999973e+00
5.785999999999999588e+00,2.439999999999999947e-01,1.935999999999999943e+00
5.760999999999999233e+00,2.439999999999999947e-01,1.533999999999999808e+00
5.791999999999999815e+00,2.439999999999999947e-01,1.482999999999999874e+00
5.772999999999999687e+00,2.439999999999999947e-01,1.659999999999999920e+00
5.786999999999999034e+00,2.439999999999999947e-01,1.429999999999999938e+00
5.778999999999999915e+00,2.439999999999999947e-01,1.215999999999999970e+00
5.759999999999999787e+00,2.439999999999999947e-01,1.463999999999999968e+00
5.766999999999999460e+00,2.439999999999999947e-01,1.879000000000000004e+00
5.767999999999998906e+00,2.439999999999999947e-01,1.601999999999999869e+00
5.775999999999999801e+00,2.439999999999999947e-01,1.379000000000000004e+00
5.762999999999999901e+00,2.439999999999999947e-01,1.750000000000000000e+00
5.810999999999999943e+00,2.439999999999999947e-01,1.415999999999999925e+00
5.780999999999998806e+00,2.439999999999999947e-01,1.355999999999999872e+00
5.785999999999999588e+00,2.439999999999999947e-01,1.756000000000000005e+00
5.777999999999998693e+00,2.439999999999999947e-01,1.697999999999999954e+00
5.815999999999998948e+00,2.439999999999999947e-01,1.438999999999999835e+00
5.768999999999999240e+00,2.439999999999999947e-01,1.776000000000000023e+00
5.780999999999998806e+00,1.759999999999999343e-01,2.139999999999999958e-01
5.786999999999999034e+00,1.690000000000000391e-01,2.570000000000000062e-01
5.784999999999999254e+00,1.639999999999999236e-01,2.560000000000000053e-01
5.783999999999998920e+00,1.970000000000000639e-01,2.030000000000000138e-01
5.788999999999999702e+00,1.990000000000000657e-01,2.290000000000000091e-01
5.792999999999999261e+00,1.899999999999999467e-01,2.630000000000000115e-01
5.794999999999999929e+00,2.019999999999999574e-01,2.610000000000000098e-01
5.752999999999999226e+00,1.440000000000001279e-01,1.640000000000000069e-01
5.772999999999999687e+00,1.650000000000000355e-01,1.910000000000000031e-01
5.767999999999998906e+00,1.599999999999999201e-01,1.849999999999999978e-01
5.739999999999999325e+00,1.340000000000001190e-01,1.440000000000000169e-01
5.793999999999998707e+00,8.499999999999996447e-02,1.520000000000000018e+00
5.792999999999999261e+00,7.800000000000006928e-02,1.228999999999999870e+00
5.793999999999998707e+00,8.000000000000007105e-02,1.351999999999999869e+00
5.808999999999999275e+00,6.099999999999994316e-02,1.393999999999999906e+00
5.793999999999998707e+00,8.000000000000007105e-02,1.352999999999999980e+00
5.796999999999998820e+00,7.600000000000006750e-02,1.337999999999999856e+00
5.784999999999999254e+00,9.099999999999996980e-02,1.288999999999999924e+00
5.786999999999999034e+00,8.800000000000007816e-02,1.278999999999999915e+00
5.799999999999998934e+00,7.699999999999995737e-02,1.532999999999999918e+00
5.799999999999998934e+00,7.400000000000006573e-02,1.409999999999999920e+00
5.803999999999999382e+00,6.699999999999994849e-02,1.373999999999999888e+00
5.784999999999999254e+00,9.000000000000007994e-02,1.282999999999999918e+00
5.797999999999999154e+00,8.099999999999996092e-02,1.570999999999999952e+00
5.788999999999999702e+00,8.600000000000007638e-02,1.313999999999999835e+00
5.796999999999998820e+00,8.099999999999996092e-02,1.545999999999999819e+00
5.799999999999998934e+00,7.600000000000006750e-02,1.486999999999999877e+00
5.800999999999999268e+00,7.499999999999995559e-02,1.461999999999999966e+00
5.795999999999999375e+00,7.800000000000006928e-02,1.357999999999999874e+00
5.796999999999998820e+00,8.200000000000007283e-02,1.537999999999999812e+00
5.795999999999999375e+00,7.800000000000006928e-02,1.383999999999999897e+00
5.790999999999999481e+00,8.299999999999996270e-02,1.303999999999999826e+00
5.790999999999999481e+00,8.499999999999996447e-02,1.391999999999999904e+00
5.811999999999999389e+00,5.800000000000005151e-02,1.426999999999999824e+00
5.795999999999999375e+00,8.200000000000007283e-02,1.524000000000000021e+00
5.793999999999998707e+00,7.899999999999995914e-02,1.294999999999999929e+00
5.800999999999999268e+00,7.200000000000006395e-02,1.362999999999999989e+00
5.793999999999998707e+00,8.099999999999996092e-02,1.389000000000000012e+00
5.808999999999999275e+00,6.099999999999994316e-02,1.367999999999999883e+00
5.803999999999999382e+00,7.200000000000006395e-02,1.489999999999999991e+00
5.805999999999999162e+00,6.800000000000006040e-02,1.448999999999999844e+00
5.784999999999999254e+00,8.699999999999996625e-02,1.162999999999999812e+00
5.788999999999999702e+00,8.600000000000007638e-02,1.337999999999999856e+00
5.798999999999999488e+00,7.600000000000006750e-02,1.435999999999999943e+00
5.806999999999999496e+00,6.400000000000005684e-02,1.387000000000000011e+00
5.799999999999998934e+00,7.200000000000006395e-02,1.372999999999999998e+00
5.805999999999999162e+00,6.800000000000006040e-02,1.458999999999999853e+00
5.786999999999999034e+00,8.899999999999996803e-02,1.315999999999999837e+00
5.806999999999999496e+00,6.600000000000005862e-02,1.444999999999999840e+00
5.786999999999999034e+00,8.699999999999996625e-02,1.258000000000000007e+00
5.793999999999998707e+00,8.000000000000007105e-02,1.347999999999999865e+00
5.787999999999999368e+00,8.899999999999996803e-02,1.365999999999999881e+00
5.805999999999999162e+00,6.699999999999994849e-02,1.444999999999999840e+00
5.788999999999999702e+00,8.800000000000007816e-02,1.393999999999999906e+00
5.789999999999999147e+00,8.400000000000007461e-02,1.339999999999999858e+00
5.797999999999999154e+00,7.699999999999995737e-02,1.454999999999999849e+00
5.799999999999998934e+00,7.299999999999995381e-02,1.358999999999999986e+00
5.789999999999999147e+00,8.099999999999996092e-02,1.206999999999999851e+00
5.797999999999999154e+00,8.200000000000007283e-02,1.611999999999999877e+00
5.797999999999999154e+00,8.000000000000007105e-02,1.535999999999999810e+00
5.798999999999999488e+00,7.400000000000006573e-02,1.348999999999999977e+00
5.798999999999999488e+00,7.800000000000006928e-02,1.484999999999999876e+00
5.795999999999999375e+00,8.299999999999996270e-02,1.500999999999999890e+00
5.792999999999999261e+00,8.400000000000007461e-02,1.458999999999999853e+00
5.798999999999999488e+00,8.099999999999996092e-02,1.581999999999999851e+00
5.804999999999999716e+00,6.600000000000005862e-02,1.339999999999999858e+00
5.793999999999998707e+00,8.400000000000007461e-02,1.481999999999999984e+00
5.786999999999999034e+00,8.800000000000007816e-02,1.304999999999999938e+00
5.807999999999999829e+00,6.299999999999994493e-02,1.375999999999999890e+00
5.807999999999999829e+00,6.400000000000005684e-02,1.444999999999999840e+00
5.811999999999999389e+00,5.899999999999994138e-02,1.416999999999999815e+00
5.794999999999999929e+00,8.000000000000007105e-02,1.381000000000000005e+00
5.805999999999999162e+00,6.699999999999994849e-02,1.442999999999999838e+00
5.800999999999999268e+00,6.899999999999995026e-02,1.288999999999999924e+00
5.805999999999999162e+00,6.499999999999994671e-02,1.381999999999999895e+00
5.796999999999998820e+00,8.200000000000007283e-02,1.550999999999999934e+00
5.796999999999998820e+00,7.800000000000006928e-02,1.421999999999999931e+00
5.797999999999999154e+00,7.899999999999995914e-02,1.487999999999999989e+00
5.797999999999999154e+00,7.899999999999995914e-02,1.516000000000000014e+00
5.786999999999999034e+00,8.600000000000007638e-02,1.250000000000000000e+00
5.785999999999999588e+00,8.600000000000007638e-02,1.212999999999999856e+00
5.783999999999998920e+00,8.899999999999996803e-02,1.181999999999999940e+00
5.779999999999999361e+00,9.200000000000008171e-02,1.125000000000000000e+00
5.794999999999999929e+00,8.299999999999996270e-02,1.470999999999999863e+00
5.785999999999999588e+00,8.699999999999996625e-02,1.227999999999999980e+00
5.808999999999999275e+00,6.299999999999994493e-02,1.435999999999999943e+00
5.792999999999999261e+00,8.600000000000007638e-02,1.494999999999999885e+00
5.780999999999998806e+00,9.099999999999996980e-02,1.153000000000000025e+00
5.797999999999999154e+00,7.400000000000006573e-02,1.316999999999999948e+00
5.798999999999999488e+00,7.400000000000006573e-02,1.335999999999999854e+00
5.791999999999999815e+00,8.400000000000007461e-02,1.377999999999999892e+00
5.807999999999999829e+00,6.499999999999994671e-02,1.466999999999999860e+00
5.808999999999999275e+00,6.299999999999994493e-02,1.429999999999999938e+00
5.808999999999999275e+00,6.400000000000005684e-02,1.459999999999999964e+00
5.802999999999999048e+00,7.099999999999995204e-02,1.424999999999999822e+00
5.793999999999998707e+00,7.899999999999995914e-02,1.341999999999999860e+00
5.789999999999999147e+00,8.400000000000007461e-02,1.330999999999999961e+00
5.795999999999999375e+00,7.499999999999995559e-02,1.276000000000000023e+00
5.809999999999998721e+00,6.000000000000005329e-02,1.387000000000000011e+00
5.799999999999998934e+00,7.899999999999995914e-02,1.576999999999999957e+00
5.789999999999999147e+00,8.000000000000007105e-02,1.209999999999999964e+00
5.805999999999999162e+00,6.499999999999994671e-02,1.387000000000000011e+00
5.782999999999999474e+00,9.099999999999996980e-02,1.233999999999999986e+00
5.803999999999999382e+00,6.699999999999994849e-02,1.358999999999999986e+00
5.798999999999999488e+00,7.699999999999995737e-02,1.483999999999999986e+00
5.801999999999999602e+00,7.299999999999995381e-02,1.442999999999999838e+00
5.801999999999999602e+00,7.400000000000006573e-02,1.535999999999999810e+00
5.801999999999999602e+00,7.299999999999995381e-02,1.440999999999999837e+00
5.793999999999998707e+00,7.899999999999995914e-02,1.324999999999999956e+00
5.786999999999999034e+00,8.699999999999996625e-02,1.272000000000000020e+00
5.794999999999999929e+00,8.099999999999996092e-02,1.418999999999999817e+00
5.790999999999999481e+00,8.000000000000007105e-02,1.165999999999999925e+00
5.794999999999999929e+00,8.000000000000007105e-02,1.129000000000000004e+00
5.819999999999999396e+00,5.699999999999993960e-02,1.339999999999999858e+00
5.812999999999998835e+00,5.800000000000005151e-02,1.387000000000000011e+00
5.813999999999999169e+00,6.699999999999994849e-02,1.179999999999999938e+00
5.818999999999999062e+00,6.400000000000005684e-02,1.188999999999999835e+00
5.809999999999998721e+00,6.200000000000005507e-02,1.319999999999999840e+00
5.825999999999998735e+00,5.600000000000004974e-02,1.280000000000000027e+00
5.806999999999999496e+00,6.499999999999994671e-02,1.295999999999999819e+00
5.786999999999999034e+00,8.499999999999996447e-02,1.110999999999999988e+00
5.808999999999999275e+00,6.099999999999994316e-02,1.363999999999999879e+00
5.789999999999999147e+00,8.299999999999996270e-02,1.123999999999999888e+00
5.814999999999999503e+00,6.699999999999994849e-02,1.168999999999999817e+00
5.813999999999999169e+00,6.699999999999994849e-02,1.516999999999999904e+00
5.801999999999999602e+00,7.699999999999995737e-02,1.580999999999999961e+00
5.818999999999999062e+00,6.400000000000005684e-02,1.500000000000000000e+00
5.811999999999999389e+00,6.400000000000005684e-02,1.484999999999999876e+00
5.805999999999999162e+00,7.699999999999995737e-02,1.593999999999999861e+00
5.809999999999998721e+00,7.499999999999995559e-02,1.584999999999999964e+00
5.810999999999999943e+00,6.800000000000006040e-02,1.522999999999999909e+00
5.806999999999999496e+00,6.800000000000006040e-02,1.508000000000000007e+00
5.797999999999999154e+00,8.299999999999996270e-02,1.629999999999999893e+00
5.800999999999999268e+00,7.899999999999995914e-02,1.596999999999999975e+00
5.807999999999999829e+00,7.600000000000006750e-02,1.589999999999999858e+00
5.811999999999999389e+00,6.000000000000005329e-02,1.448999999999999844e+00
5.808999999999999275e+00,6.899999999999995026e-02,1.524000000000000021e+00
5.819999999999999396e+00,6.099999999999994316e-02,1.472999999999999865e+00
5.806999999999999496e+00,6.899999999999995026e-02,1.518999999999999906e+00
5.813999999999999169e+00,7.000000000000006217e-02,1.546999999999999931e+00
5.811999999999999389e+00,6.699999999999994849e-02,1.518000000000000016e+00
5.817999999999999616e+00,6.200000000000005507e-02,1.483999999999999986e+00
5.823999999999999844e+00,6.200000000000005507e-02,1.502999999999999892e+00
5.813999999999999169e+00,7.099999999999995204e-02,1.556999999999999940e+00
5.806999999999999496e+00,7.099999999999995204e-02,1.539999999999999813e+00
1.217999999999999972e+01,1.181999999999999940e+00,3.162999999999999812e+00
1.207799999999999940e+01,1.185999999999999943e+00,3.187999999999999723e+00
1.220799999999999841e+01,1.137000000000000011e+00,3.225999999999999979e+00
1.216799999999999926e+01,1.165000000000000036e+00,3.189000000000000057e+00
1.230399999999999849e+01,1.093999999999999861e+00,3.251999999999999780e+00
6.428999999999999382e+00,8.300000000000000711e-01,3.218999999999999861e+00
6.428999999999999382e+00,8.990000000000000213e-01,3.206999999999999851e+00
1.223499999999999943e+01,7.030000000000000693e-01,3.215999999999999748e+00
1.223699999999999832e+01,6.910000000000000586e-01,3.241000000000000103e+00
1.223699999999999832e+01,7.439999999999999947e-01,3.227999999999999758e+00
1.223599999999999888e+01,8.240000000000000657e-01,3.225000000000000089e+00
1.223599999999999888e+01,8.160000000000000586e-01,3.225000000000000089e+00
1.228200000000000003e+01,8.659999999999999920e-01,3.173000000000000043e+00
1.228800000000000026e+01,8.980000000000000204e-01,3.169999999999999929e+00
1.228800000000000026e+01,8.739999999999999991e-01,3.194999999999999840e+00
1.229299999999999926e+01,8.629999999999999893e-01,3.213000000000000078e+00
1.230099999999999838e+01,9.769999999999999796e-01,3.211999999999999744e+00
1.230999999999999872e+01,9.679999999999999716e-01,3.241000000000000103e+00
1.230399999999999849e+01,9.260000000000000453e-01,3.230999999999999872e+00
1.227299999999999969e+01,7.640000000000000124e-01,3.173999999999999932e+00
1.230399999999999849e+01,9.749999999999999778e-01,3.221000000000000085e+00
1.230099999999999838e+01,9.200000000000000400e-01,3.222999999999999865e+00
1.229599999999999937e+01,8.980000000000000204e-01,3.214999999999999858e+00
1.228800000000000026e+01,8.800000000000000044e-01,3.194999999999999840e+00
1.229799999999999827e+01,9.290000000000000480e-01,3.213000000000000078e+00
1.227399999999999913e+01,7.800000000000000266e-01,3.173999999999999932e+00
1.229100000000000037e+01,9.380000000000000560e-01,3.189999999999999947e+00
1.229100000000000037e+01,8.760000000000000009e-01,3.203999999999999737e+00
1.228999999999999915e+01,9.649999999999999689e-01,3.181000000000000050e+00
1.228399999999999892e+01,8.830000000000000071e-01,3.179999999999999716e+00
1.228800000000000026e+01,7.990000000000000435e-01,3.210999999999999854e+00
1.229199999999999982e+01,9.090000000000000302e-01,3.198999999999999844e+00
1.229499999999999993e+01,8.469999999999999751e-01,3.223999999999999755e+00
1.228299999999999947e+01,8.090000000000000524e-01,3.195999999999999730e+00
1.228299999999999947e+01,8.340000000000000746e-01,3.189000000000000057e+00
1.231299999999999883e+01,1.006000000000000005e+00,3.249000000000000110e+00
1.229399999999999871e+01,7.040000000000000702e-01,3.258000000000000007e+00
1.227899999999999991e+01,6.910000000000000586e-01,3.213000000000000078e+00
1.229299999999999926e+01,8.080000000000000515e-01,3.223999999999999755e+00
1.229699999999999882e+01,8.180000000000000604e-01,3.235999999999999766e+00
1.228099999999999881e+01,7.419999999999999929e-01,3.205000000000000071e+00
1.227699999999999925e+01,7.229999999999999760e-01,3.198999999999999844e+00
1.230699999999999861e+01,8.609999999999999876e-01,3.255999999999999783e+00
1.229599999999999937e+01,7.670000000000000151e-01,3.246999999999999886e+00
1.228999999999999915e+01,7.309999999999999831e-01,3.237999999999999989e+00
1.228500000000000014e+01,7.710000000000000187e-01,3.209000000000000075e+00
1.227899999999999991e+01,7.149999999999999689e-01,3.206999999999999851e+00
1.228200000000000003e+01,6.990000000000000657e-01,3.219999999999999751e+00
1.229199999999999982e+01,7.560000000000000053e-01,3.237999999999999989e+00
1.227799999999999869e+01,7.209999999999999742e-01,3.199999999999999734e+00
1.228200000000000003e+01,7.010000000000000675e-01,3.221000000000000085e+00
1.228599999999999959e+01,7.379999999999999893e-01,3.222999999999999865e+00
1.228599999999999959e+01,7.560000000000000053e-01,3.217999999999999972e+00
1.229399999999999871e+01,7.810000000000000275e-01,3.237999999999999989e+00
1.228800000000000026e+01,7.770000000000000240e-01,3.218999999999999861e+00
1.229799999999999827e+01,8.160000000000000586e-01,3.241000000000000103e+00
1.229699999999999882e+01,7.580000000000000071e-01,3.253000000000000114e+00
1.230199999999999960e+01,7.510000000000000009e-01,3.270999999999999908e+00
1.227699999999999925e+01,6.810000000000000497e-01,3.209000000000000075e+00
1.229100000000000037e+01,7.530000000000000027e-01,3.235999999999999766e+00
1.231499999999999950e+01,8.780000000000000027e-01,3.278000000000000025e+00
6.497999999999999332e+00,7.890000000000000346e-01,3.209000000000000075e+00
6.496999999999999886e+00,7.830000000000000293e-01,3.221999999999999975e+00
6.500999999999999446e+00,8.709999999999999964e-01,3.183999999999999719e+00
6.499999999999999112e+00,8.409999999999999698e-01,3.193999999999999950e+00
6.500999999999999446e+00,8.679999999999999938e-01,3.203999999999999737e+00
6.497999999999999332e+00,8.110000000000000542e-01,3.223999999999999755e+00
6.498999999999998778e+00,8.389999999999999680e-01,3.217999999999999972e+00
6.495999999999998664e+00,7.850000000000000311e-01,3.261000000000000121e+00
6.498999999999998778e+00,8.020000000000000462e-01,3.191999999999999726e+00
6.500999999999999446e+00,8.619999999999999885e-01,3.179999999999999716e+00
6.498999999999998778e+00,8.200000000000000622e-01,3.209999999999999964e+00
6.499999999999999112e+00,8.639999999999999902e-01,3.215999999999999748e+00
6.497999999999999332e+00,8.349999999999999645e-01,3.231999999999999762e+00
6.500999999999999446e+00,8.790000000000000036e-01,3.194999999999999840e+00
6.499999999999999112e+00,8.719999999999999973e-01,3.221999999999999975e+00
6.502999999999999226e+00,9.010000000000000231e-01,3.179999999999999716e+00
6.498999999999998778e+00,8.509999999999999787e-01,3.225999999999999979e+00
6.500999999999999446e+00,8.619999999999999885e-01,3.199999999999999734e+00
6.501999999999998892e+00,8.719999999999999973e-01,3.173999999999999932e+00
6.499999999999999112e+00,8.409999999999999698e-01,3.205000000000000071e+00
6.498999999999998778e+00,8.150000000000000577e-01,3.213000000000000078e+00
6.499999999999999112e+00,8.589999999999999858e-01,3.201999999999999957e+00
6.495999999999998664e+00,7.790000000000000258e-01,3.245999999999999996e+00
6.499999999999999112e+00,8.469999999999999751e-01,3.211999999999999744e+00
6.501999999999998892e+00,8.729999999999999982e-01,3.173999999999999932e+00
6.498999999999998778e+00,8.320000000000000728e-01,3.209000000000000075e+00
6.498999999999998778e+00,8.200000000000000622e-01,3.203999999999999737e+00
1.227399999999999913e+01,6.540000000000000258e-01,3.205999999999999961e+00
1.227099999999999902e+01,6.510000000000000231e-01,3.197000000000000064e+00
1.294200000000000017e+01,1.710000000000000409e-01,1.389999999999999902e+00
1.293499999999999872e+01,2.339999999999999858e-01,1.050999999999999934e+00
1.293799999999999883e+01,1.879999999999999449e-01,1.401000000000000023e+00
1.293799999999999883e+01,1.970000000000000639e-01,1.303999999999999826e+00
1.293699999999999939e+01,2.070000000000000728e-01,1.258999999999999897e+00
1.294399999999999906e+01,1.670000000000000373e-01,1.355999999999999872e+00
1.293599999999999994e+01,2.010000000000000675e-01,1.387999999999999901e+00
1.293199999999999861e+01,2.170000000000000817e-01,1.367999999999999883e+00
1.293399999999999928e+01,2.019999999999999574e-01,1.430999999999999828e+00
1.293599999999999994e+01,1.950000000000000622e-01,1.428999999999999826e+00
1.293299999999999983e+01,2.150000000000000799e-01,1.349999999999999867e+00
1.293999999999999950e+01,1.759999999999999343e-01,1.506999999999999895e+00
1.293999999999999950e+01,1.750000000000000444e-01,1.633000000000000007e+00
1.293999999999999950e+01,1.759999999999999343e-01,1.536999999999999922e+00
1.294099999999999895e+01,1.710000000000000409e-01,1.514999999999999902e+00
1.294399999999999906e+01,1.610000000000000320e-01,1.559999999999999831e+00
1.294899999999999807e+01,1.630000000000000338e-01,1.395999999999999908e+00
3.161499999999999844e+01,5.340000000000000302e-01,2.158999999999999808e+00
2.493199999999999861e+01,2.929999999999999272e-01,2.880000000000000338e-01
2.491300000000000026e+01,2.840000000000000302e-01,2.570000000000000062e-01
2.493599999999999994e+01,2.920000000000000373e-01,2.590000000000000080e-01
2.494699999999999918e+01,2.980000000000000426e-01,1.839999999999999969e-01
2.495199999999999818e+01,3.009999999999999343e-01,2.300000000000000100e-01
2.493999999999999773e+01,2.940000000000000391e-01,1.670000000000000095e-01
1.927400000000000091e+01,3.460000000000000853e-01,8.030000000000000471e-01
1.929399999999999693e+01,3.460000000000000853e-01,1.157999999999999918e+00
1.931499999999999773e+01,2.560000000000000053e-01,7.900000000000000355e-01
1.932399999999999807e+01,2.439999999999999947e-01,1.409999999999999920e+00
1.933599999999999852e+01,2.039999999999999591e-01,1.407000000000000028e+00
1.933200000000000074e+01,2.019999999999999574e-01,1.311999999999999833e+00
1.932099999999999795e+01,2.490000000000001101e-01,1.355999999999999872e+00
1.933099999999999952e+01,2.070000000000000728e-01,1.326999999999999957e+00
1.932600000000000051e+01,2.299999999999999822e-01,1.356999999999999984e+00
1.931400000000000006e+01,2.740000000000000213e-01,1.373999999999999888e+00
1.931899999999999906e+01,2.560000000000000053e-01,1.353999999999999870e+00
1.931799999999999784e+01,2.560000000000000053e-01,1.350999999999999979e+00
1.932300000000000040e+01,2.520000000000000018e-01,1.435999999999999943e+00
1.932600000000000051e+01,2.430000000000001048e-01,1.440999999999999837e+00
1.932199999999999918e+01,2.530000000000001137e-01,1.407999999999999918e+00
1.933200000000000074e+01,2.119999999999999662e-01,1.373999999999999888e+00
1.932600000000000051e+01,2.379999999999999893e-01,1.414999999999999813e+00
1.932099999999999795e+01,2.520000000000000018e-01,1.391000000000000014e+00
1.933699999999999974e+01,2.050000000000000711e-01,1.447999999999999954e+00
1.931299999999999883e+01,2.809999999999999165e-01,1.381999999999999895e+00
1.932799999999999940e+01,2.299999999999999822e-01,1.401000000000000023e+00
1.932600000000000051e+01,2.359999999999999876e-01,1.387999999999999901e+00
1.931799999999999784e+01,2.690000000000001279e-01,1.433999999999999941e+00
1.932799999999999940e+01,2.199999999999999734e-01,1.324999999999999956e+00
1.932199999999999918e+01,2.510000000000001119e-01,1.460999999999999854e+00
1.932300000000000040e+01,2.359999999999999876e-01,1.482999999999999874e+00
1.931899999999999906e+01,2.250000000000000888e-01,1.526000000000000023e+00
1.931299999999999883e+01,2.640000000000000124e-01,1.494999999999999885e+00
1.931499999999999773e+01,2.410000000000001030e-01,1.518999999999999906e+00
1.931199999999999761e+01,2.510000000000001119e-01,1.087999999999999856e+00
1.931199999999999761e+01,2.439999999999999947e-01,1.000999999999999890e+00
1.931199999999999761e+01,2.540000000000000036e-01,1.119999999999999885e+00
1.930999999999999872e+01,2.479999999999999982e-01,9.620000000000000773e-01
1.930999999999999872e+01,2.580000000000000071e-01,1.065999999999999837e+00
1.930899999999999750e+01,2.560000000000000053e-01,9.979999999999999982e-01
1.930699999999999861e+01,2.650000000000001243e-01,9.899999999999999911e-01
1.930799999999999983e+01,2.630000000000001226e-01,1.004999999999999893e+00
1.930499999999999972e+01,3.069999999999999396e-01,1.338999999999999968e+00
1.930899999999999750e+01,2.530000000000001137e-01,9.360000000000000542e-01
1.930699999999999861e+01,2.740000000000000213e-01,1.072999999999999954e+00
1.930699999999999861e+01,2.869999999999999218e-01,1.252000000000000002e+00
1.930899999999999750e+01,2.670000000000001261e-01,1.116999999999999993e+00
1.930899999999999750e+01,2.929999999999999272e-01,1.379000000000000004e+00
1.931700000000000017e+01,2.570000000000001172e-01,1.312999999999999945e+00
1.932000000000000028e+01,2.319999999999999840e-01,1.228999999999999870e+00
1.932000000000000028e+01,2.379999999999999893e-01,1.266999999999999904e+00
1.932099999999999795e+01,2.359999999999999876e-01,1.266999999999999904e+00
1.930899999999999750e+01,2.909999999999999254e-01,1.348999999999999977e+00
1.931099999999999994e+01,2.749999999999999112e-01,1.303999999999999826e+00
1.932099999999999795e+01,2.279999999999999805e-01,1.201999999999999957e+00
1.930399999999999849e+01,3.140000000000000568e-01,1.139999999999999902e+00
1.930399999999999849e+01,3.220000000000000639e-01,1.109999999999999876e+00
1.930699999999999861e+01,2.849999999999999201e-01,9.630000000000000782e-01
1.930599999999999739e+01,2.889999999999999236e-01,1.030999999999999917e+00
1.930499999999999972e+01,3.349999999999999645e-01,9.500000000000000666e-01
1.930599999999999739e+01,2.840000000000000302e-01,1.016000000000000014e+00
1.930599999999999739e+01,2.909999999999999254e-01,1.043999999999999817e+00
1.930599999999999739e+01,3.000000000000000444e-01,1.004000000000000004e+00
1.930399999999999849e+01,3.369999999999999662e-01,1.034999999999999920e+00
1.930699999999999861e+01,2.700000000000000178e-01,9.919999999999999929e-01
1.930699999999999861e+01,2.780000000000000249e-01,9.869999999999999885e-01
1.930499999999999972e+01,3.120000000000000551e-01,1.051999999999999824e+00
1.930499999999999972e+01,3.020000000000000462e-01,1.086999999999999966e+00
1.930599999999999739e+01,2.809999999999999165e-01,1.092999999999999972e+00
1.930599999999999739e+01,3.040000000000000480e-01,9.809999999999999831e-01
1.930599999999999739e+01,2.929999999999999272e-01,1.082999999999999963e+00
1.930999999999999872e+01,2.650000000000001243e-01,1.535999999999999810e+00
1.930999999999999872e+01,2.570000000000001172e-01,1.548999999999999932e+00
1.170199999999999996e+01,2.836000000000000298e+00,2.556999999999999940e+00
1.175499999999999901e+01,2.836000000000000298e+00,2.597999999999999865e+00
1.173699999999999832e+01,2.828999999999999737e+00,2.689999999999999947e+00
1.194800000000000040e+01,2.838999999999999968e+00,2.864999999999999769e+00
1.187699999999999889e+01,2.838000000000000078e+00,2.894000000000000128e+00
1.218599999999999994e+01,2.841000000000000192e+00,2.726999999999999869e+00
1.937699999999999889e+01,2.801000000000000156e+00,1.510000000000000009e+00
1.937299999999999756e+01,2.801000000000000156e+00,1.528999999999999915e+00
1.937500000000000000e+01,2.802000000000000046e+00,1.596999999999999975e+00
1.941100000000000136e+01,2.802999999999999936e+00,1.576999999999999957e+00
1.938100000000000023e+01,2.804999999999999716e+00,1.721999999999999975e+00
6.580999999999999517e+00,2.250000000000000888e-01,1.399000000000000021e+00
6.573999999999999844e+00,2.230000000000000870e-01,1.118999999999999995e+00
6.612999999999999545e+00,2.259999999999999787e-01,1.477999999999999980e+00
6.610999999999998877e+00,2.250000000000000888e-01,1.285999999999999810e+00
6.572999999999999510e+00,2.250000000000000888e-01,1.359999999999999876e+00
6.577999999999999403e+00,2.239999999999999769e-01,1.169999999999999929e+00
6.593999999999999417e+00,2.250000000000000888e-01,1.321999999999999842e+00
6.597999999999998977e+00,2.239999999999999769e-01,1.149000000000000021e+00
6.595999999999999197e+00,2.259999999999999787e-01,1.578999999999999959e+00
6.561999999999999389e+00,2.250000000000000888e-01,1.361999999999999877e+00
6.561999999999999389e+00,2.250000000000000888e-01,1.326999999999999957e+00
6.590999999999999304e+00,2.239999999999999769e-01,1.226999999999999869e+00
6.575999999999998735e+00,2.230000000000000870e-01,1.115999999999999881e+00
6.577999999999999403e+00,2.250000000000000888e-01,1.298999999999999932e+00
6.556999999999999496e+00,2.239999999999999769e-01,1.225999999999999979e+00
6.557999999999999829e+00,2.239999999999999769e-01,1.282999999999999918e+00
6.592999999999999972e+00,2.239999999999999769e-01,1.215999999999999970e+00
6.610999999999998877e+00,2.239999999999999769e-01,1.099999999999999867e+00
6.568999999999999062e+00,2.259999999999999787e-01,1.610999999999999988e+00
6.563999999999999169e+00,2.259999999999999787e-01,1.544999999999999929e+00
6.618999999999999773e+00,2.179999999999999716e-01,1.859999999999999987e-01
6.594999999999998863e+00,2.239999999999999769e-01,1.129000000000000004e+00
6.581999999999998963e+00,2.250000000000000888e-01,1.364999999999999991e+00
6.609999999999999432e+00,2.250000000000000888e-01,1.358999999999999986e+00
6.572999999999999510e+00,2.250000000000000888e-01,1.460999999999999854e+00
6.611999999999999211e+00,2.239999999999999769e-01,1.266000000000000014e+00
6.598999999999999311e+00,2.239999999999999769e-01,1.157000000000000028e+00
6.576999999999999957e+00,2.239999999999999769e-01,1.202999999999999847e+00
6.611999999999999211e+00,2.250000000000000888e-01,1.314999999999999947e+00
6.600999999999999091e+00,2.239999999999999769e-01,1.197999999999999954e+00
6.607999999999998764e+00,2.239999999999999769e-01,1.236999999999999877e+00
6.564999999999999503e+00,2.250000000000000888e-01,1.326999999999999957e+00
6.602999999999999758e+00,2.270000000000000906e-01,1.631999999999999895e+00
6.570999999999999730e+00,2.239999999999999769e-01,1.155999999999999917e+00
6.601999999999999424e+00,2.239999999999999769e-01,1.258000000000000007e+00
6.581999999999998963e+00,2.259999999999999787e-01,1.563999999999999835e+00
6.593999999999999417e+00,2.239999999999999769e-01,1.165999999999999925e+00
6.573999999999999844e+00,2.239999999999999769e-01,1.151000000000000023e+00
6.585999999999999410e+00,2.259999999999999787e-01,1.522000000000000020e+00
6.614999999999999325e+00,2.250000000000000888e-01,1.306999999999999940e+00
6.568999999999999062e+00,2.239999999999999769e-01,1.301999999999999824e+00
6.609999999999999432e+00,2.239999999999999769e-01,1.183999999999999941e+00
6.581999999999998963e+00,2.239999999999999769e-01,1.260000000000000009e+00
6.606999999999999318e+00,2.259999999999999787e-01,1.470999999999999863e+00
6.587999999999999190e+00,2.239999999999999769e-01,1.248999999999999888e+00
6.566999999999999282e+00,2.239999999999999769e-01,1.264000000000000012e+00
6.585999999999999410e+00,2.259999999999999787e-01,1.468999999999999861e+00
6.564999999999999503e+00,2.250000000000000888e-01,1.342999999999999972e+00
6.573999999999999844e+00,2.250000000000000888e-01,1.308999999999999941e+00
6.576999999999999957e+00,2.239999999999999769e-01,1.239999999999999991e+00
6.577999999999999403e+00,2.239999999999999769e-01,1.232999999999999874e+00
6.586999999999999744e+00,2.259999999999999787e-01,1.583999999999999853e+00
6.591999999999998749e+00,2.239999999999999769e-01,1.222999999999999865e+00
6.614999999999999325e+00,2.250000000000000888e-01,1.285999999999999810e+00
6.563999999999999169e+00,2.239999999999999769e-01,1.272000000000000020e+00
6.580999999999999517e+00,2.239999999999999769e-01,1.260000000000000009e+00
6.564999999999999503e+00,2.230000000000000870e-01,1.044999999999999929e+00
6.583999999999999631e+00,2.250000000000000888e-01,1.423999999999999932e+00
6.612999999999999545e+00,2.250000000000000888e-01,1.268000000000000016e+00
6.589999999999999858e+00,2.239999999999999769e-01,1.272999999999999909e+00
6.586999999999999744e+00,2.239999999999999769e-01,1.194999999999999840e+00
6.583999999999999631e+00,2.250000000000000888e-01,1.451999999999999957e+00
6.583999999999999631e+00,2.250000000000000888e-01,1.412999999999999812e+00
6.554999999999999716e+00,2.239999999999999769e-01,1.228999999999999870e+00
6.600999999999999091e+00,2.239999999999999769e-01,1.193999999999999950e+00
6.574999999999999289e+00,2.250000000000000888e-01,1.342999999999999972e+00
6.579999999999999183e+00,2.239999999999999769e-01,1.270000000000000018e+00
6.612999999999999545e+00,2.250000000000000888e-01,1.311999999999999833e+00
6.551999999999999602e+00,2.250000000000000888e-01,1.391999999999999904e+00
6.577999999999999403e+00,2.239999999999999769e-01,1.252000000000000002e+00
6.616999999999999105e+00,2.239999999999999769e-01,1.218999999999999861e+00
6.577999999999999403e+00,2.239999999999999769e-01,1.270000000000000018e+00
6.580999999999999517e+00,2.250000000000000888e-01,1.336999999999999966e+00
6.612999999999999545e+00,2.259999999999999787e-01,1.453999999999999959e+00
6.608999999999999098e+00,2.239999999999999769e-01,1.149999999999999911e+00
6.569999999999999396e+00,2.239999999999999769e-01,1.228999999999999870e+00
6.610999999999998877e+00,2.230000000000000870e-01,1.087999999999999856e+00
6.589999999999999858e+00,2.239999999999999769e-01,1.194999999999999840e+00
6.553999999999999382e+00,2.250000000000000888e-01,1.320999999999999952e+00
6.575999999999998735e+00,2.239999999999999769e-01,1.187999999999999945e+00
6.613999999999998991e+00,2.239999999999999769e-01,1.207999999999999963e+00
6.572999999999999510e+00,2.379999999999999893e-01,1.486999999999999877e+00
6.574999999999999289e+00,2.370000000000000995e-01,1.514000000000000012e+00
6.557999999999999829e+00,2.430000000000001048e-01,1.555999999999999828e+00
6.572999999999999510e+00,2.379999999999999893e-01,1.554999999999999938e+00
6.556999999999999496e+00,2.450000000000001066e-01,1.325999999999999845e+00
6.573999999999999844e+00,2.379999999999999893e-01,1.448999999999999844e+00
6.571999999999999176e+00,2.379999999999999893e-01,1.366999999999999993e+00
6.578999999999998849e+00,2.319999999999999840e-01,1.292999999999999927e+00
6.571999999999999176e+00,2.339999999999999858e-01,1.217999999999999972e+00
6.571999999999999176e+00,2.350000000000000977e-01,1.276000000000000023e+00
6.579999999999999183e+00,2.319999999999999840e-01,1.360999999999999988e+00
6.567999999999999616e+00,2.339999999999999858e-01,1.125000000000000000e+00
6.557999999999999829e+00,2.439999999999999947e-01,1.260999999999999899e+00
6.555999999999999162e+00,2.430000000000001048e-01,1.186999999999999833e+00
6.576999999999999957e+00,2.279999999999999805e-01,1.127999999999999892e+00
6.576999999999999957e+00,2.330000000000000959e-01,1.319999999999999840e+00
6.565999999999998948e+00,2.379999999999999893e-01,1.234999999999999876e+00
6.580999999999999517e+00,2.299999999999999822e-01,1.297999999999999821e+00
6.569999999999999396e+00,2.379999999999999893e-01,1.332999999999999963e+00
6.553999999999999382e+00,2.419999999999999929e-01,1.097999999999999865e+00
6.574999999999999289e+00,2.350000000000000977e-01,1.325999999999999845e+00
6.569999999999999396e+00,2.359999999999999876e-01,1.258000000000000007e+00
6.566999999999999282e+00,2.379999999999999893e-01,1.254000000000000004e+00
6.570999999999999730e+00,2.379999999999999893e-01,1.332999999999999963e+00
6.579999999999999183e+00,2.319999999999999840e-01,1.327999999999999847e+00
6.574999999999999289e+00,2.339999999999999858e-01,1.310999999999999943e+00
6.564999999999999503e+00,2.359999999999999876e-01,1.135999999999999899e+00
6.577999999999999403e+00,2.319999999999999840e-01,1.280000000000000027e+00
6.583999999999999631e+00,2.339999999999999858e-01,1.495999999999999996e+00
6.578999999999998849e+00,2.319999999999999840e-01,1.321999999999999842e+00
6.576999999999999957e+00,2.350000000000000977e-01,1.379000000000000004e+00
6.573999999999999844e+00,2.359999999999999876e-01,1.360999999999999988e+00
6.576999999999999957e+00,2.299999999999999822e-01,1.206999999999999851e+00
6.554999999999999716e+00,2.419999999999999929e-01,1.137999999999999901e+00
6.567999999999999616e+00,2.390000000000001013e-01,1.315999999999999837e+00
6.574999999999999289e+00,2.319999999999999840e-01,1.248999999999999888e+00
6.567999999999999616e+00,2.339999999999999858e-01,1.141000000000000014e+00
6.567999999999999616e+00,2.359999999999999876e-01,1.228999999999999870e+00
6.584999999999999076e+00,2.330000000000000959e-01,1.544999999999999929e+00
6.570999999999999730e+00,2.370000000000000995e-01,1.627999999999999892e+00
6.579999999999999183e+00,2.350000000000000977e-01,1.538999999999999924e+00
6.568999999999999062e+00,2.379999999999999893e-01,1.631000000000000005e+00
6.578999999999998849e+00,2.310000000000000941e-01,1.709999999999999964e+00
6.581999999999998963e+00,1.919999999999999485e-01,1.219999999999999973e-01
6.577999999999999403e+00,1.639999999999999236e-01,1.490000000000000213e-01
6.588999999999999524e+00,2.259999999999999787e-01,1.556999999999999940e+00
6.596999999999999531e+00,2.070000000000000728e-01,1.660999999999999810e+00
6.591999999999998749e+00,2.199999999999999734e-01,1.587999999999999856e+00
6.587999999999999190e+00,2.290000000000000924e-01,1.615999999999999881e+00
6.597999999999998977e+00,2.059999999999999609e-01,1.703999999999999959e+00
6.583999999999999631e+00,1.850000000000000533e-01,1.604999999999999982e+00
6.583999999999999631e+00,1.919999999999999485e-01,1.567999999999999838e+00
6.587999999999999190e+00,1.910000000000000586e-01,1.166999999999999815e+00
6.589999999999999858e+00,1.930000000000000604e-01,1.276999999999999913e+00
6.586999999999999744e+00,2.159999999999999698e-01,1.387999999999999901e+00
6.583999999999999631e+00,2.119999999999999662e-01,1.230999999999999872e+00
6.582999999999999297e+00,2.179999999999999716e-01,1.237999999999999989e+00
6.591999999999998749e+00,1.890000000000000568e-01,1.309999999999999831e+00
6.582999999999999297e+00,2.170000000000000817e-01,1.232999999999999874e+00
6.590999999999999304e+00,1.850000000000000533e-01,1.214999999999999858e+00
6.581999999999998963e+00,2.110000000000000764e-01,1.143999999999999906e+00
6.579999999999999183e+00,2.270000000000000906e-01,1.232999999999999874e+00
6.584999999999999076e+00,2.250000000000000888e-01,1.393000000000000016e+00
6.592999999999999972e+00,1.890000000000000568e-01,1.326999999999999957e+00
6.581999999999998963e+00,2.290000000000000924e-01,1.352999999999999980e+00
6.589999999999999858e+00,1.879999999999999449e-01,1.220999999999999863e+00
6.583999999999999631e+00,2.310000000000000941e-01,1.442999999999999838e+00
6.583999999999999631e+00,2.130000000000000782e-01,1.237999999999999989e+00
6.578999999999998849e+00,2.279999999999999805e-01,1.198999999999999844e+00
6.586999999999999744e+00,1.950000000000000622e-01,1.166999999999999815e+00
6.587999999999999190e+00,2.110000000000000764e-01,1.375999999999999890e+00
6.586999999999999744e+00,2.030000000000000693e-01,1.220999999999999863e+00
6.582999999999999297e+00,2.299999999999999822e-01,1.389000000000000012e+00
6.592999999999999972e+00,1.799999999999999378e-01,1.217999999999999972e+00
6.581999999999998963e+00,2.279999999999999805e-01,1.323999999999999844e+00
6.584999999999999076e+00,2.130000000000000782e-01,1.287999999999999812e+00
6.584999999999999076e+00,2.130000000000000782e-01,1.254000000000000004e+00
6.584999999999999076e+00,2.179999999999999716e-01,1.344999999999999973e+00
6.581999999999998963e+00,2.139999999999999680e-01,1.167999999999999927e+00
6.579999999999999183e+00,2.150000000000000799e-01,1.092999999999999972e+00
6.584999999999999076e+00,2.290000000000000924e-01,1.440999999999999837e+00
6.576999999999999957e+00,2.250000000000000888e-01,1.081999999999999851e+00
6.593999999999999417e+00,1.830000000000000515e-01,1.286999999999999922e+00
6.587999999999999190e+00,1.810000000000000497e-01,1.046999999999999931e+00
6.579999999999999183e+00,2.270000000000000906e-01,1.211999999999999966e+00
6.587999999999999190e+00,2.010000000000000675e-01,1.254999999999999893e+00
6.591999999999998749e+00,1.639999999999999236e-01,1.304999999999999938e+00
6.585999999999999410e+00,2.110000000000000764e-01,1.468999999999999861e+00
6.588999999999999524e+00,2.010000000000000675e-01,1.407000000000000028e+00
6.586999999999999744e+00,2.199999999999999734e-01,1.476999999999999869e+00
6.586999999999999744e+00,1.899999999999999467e-01,1.409999999999999920e+00
6.585999999999999410e+00,2.010000000000000675e-01,1.442999999999999838e+00
6.589999999999999858e+00,1.970000000000000639e-01,1.391999999999999904e+00
6.583999999999999631e+00,1.819999999999999396e-01,1.474999999999999867e+00
6.585999999999999410e+00,1.470000000000000195e-01,1.356999999999999984e+00
6.584999999999999076e+00,2.030000000000000693e-01,1.495999999999999996e+00
6.583999999999999631e+00,2.050000000000000711e-01,1.522000000000000020e+00
6.583999999999999631e+00,2.039999999999999591e-01,1.510999999999999899e+00
6.555999999999999162e+00,2.390000000000001013e-01,2.200000000000000011e-01
6.556999999999999496e+00,2.270000000000000906e-01,1.640000000000000069e-01
6.560999999999999943e+00,2.130000000000000782e-01,1.410000000000000142e-01
6.571999999999999176e+00,1.719999999999999307e-01,1.779999999999999916e-01
6.565999999999998948e+00,1.830000000000000515e-01,2.010000000000000120e-01
6.588999999999999524e+00,1.999999999999999556e-01,1.603999999999999870e+00
6.590999999999999304e+00,2.110000000000000764e-01,1.581999999999999851e+00
6.337999999999999190e+00,4.699999999999999734e-01,1.300000000000000044e-01
6.401999999999999247e+00,3.970000000000000195e-01,9.480000000000000648e-01
6.428999999999999382e+00,3.509999999999999787e-01,1.218999999999999861e+00
6.407999999999999474e+00,3.850000000000000089e-01,1.131000000000000005e+00
6.435999999999999943e+00,3.360000000000000764e-01,1.385000000000000009e+00
6.441999999999999282e+00,3.269999999999999574e-01,1.395999999999999908e+00
6.419999999999999929e+00,3.640000000000001013e-01,1.230999999999999872e+00
6.445999999999999730e+00,3.209999999999999520e-01,1.373999999999999888e+00
6.404999999999999361e+00,3.860000000000001208e-01,1.308999999999999941e+00
6.421999999999998820e+00,3.589999999999999858e-01,1.315999999999999837e+00
6.424999999999998934e+00,3.549999999999999822e-01,1.351999999999999869e+00
6.436999999999999389e+00,3.400000000000000799e-01,1.201999999999999957e+00
6.434999999999998721e+00,3.380000000000000782e-01,1.354999999999999982e+00
6.423999999999999488e+00,3.620000000000000995e-01,1.104999999999999982e+00
6.437999999999998835e+00,3.329999999999999627e-01,1.403000000000000025e+00
6.412999999999999368e+00,3.729999999999999982e-01,1.323999999999999844e+00
6.410999999999999588e+00,3.770000000000000018e-01,1.290999999999999925e+00
6.438999999999999169e+00,3.329999999999999627e-01,1.324999999999999956e+00
6.415999999999999481e+00,3.709999999999999964e-01,1.264000000000000012e+00
6.449999999999999289e+00,3.149999999999999467e-01,1.371999999999999886e+00
6.431999999999999496e+00,3.460000000000000853e-01,1.219999999999999973e+00
6.415999999999999481e+00,3.790000000000000036e-01,9.120000000000000329e-01
6.431999999999999496e+00,3.480000000000000870e-01,1.166999999999999815e+00
6.441999999999999282e+00,3.289999999999999591e-01,1.299999999999999822e+00
6.427999999999999048e+00,3.520000000000000906e-01,1.248999999999999888e+00
6.437999999999998835e+00,3.389999999999999680e-01,1.129000000000000004e+00
6.434999999999998721e+00,3.400000000000000799e-01,1.299999999999999822e+00
6.422999999999999154e+00,3.649999999999999911e-01,1.078999999999999959e+00
6.436999999999999389e+00,3.349999999999999645e-01,1.367999999999999883e+00
6.426999999999999602e+00,3.500000000000000888e-01,1.407999999999999918e+00
6.435999999999999943e+00,3.369999999999999662e-01,1.327999999999999847e+00
6.436999999999999389e+00,3.369999999999999662e-01,1.285999999999999810e+00
6.409999999999999254e+00,3.760000000000001119e-01,1.401000000000000023e+00
6.447999999999999510e+00,3.160000000000000586e-01,1.440999999999999837e+00
6.391999999999999460e+00,4.059999999999999165e-01,1.323999999999999844e+00
6.392999999999998906e+00,4.050000000000000266e-01,1.299999999999999822e+00
6.439999999999999503e+00,3.320000000000000728e-01,1.334999999999999964e+00
6.398999999999999133e+00,4.030000000000000249e-01,1.041999999999999815e+00
6.423999999999999488e+00,3.560000000000000941e-01,1.345999999999999863e+00
6.441999999999999282e+00,3.249999999999999556e-01,1.447999999999999954e+00
6.420999999999999375e+00,3.600000000000000977e-01,1.341999999999999860e+00
6.444999999999999396e+00,3.240000000000000657e-01,1.310999999999999943e+00
6.429999999999999716e+00,3.520000000000000906e-01,1.172999999999999821e+00
6.416999999999999815e+00,3.680000000000001048e-01,1.290999999999999925e+00
6.421999999999998820e+00,3.640000000000001013e-01,1.131999999999999895e+00
6.413999999999999702e+00,3.700000000000001066e-01,1.401000000000000023e+00
6.435999999999999943e+00,3.389999999999999680e-01,1.270000000000000018e+00
6.435999999999999943e+00,3.409999999999999698e-01,1.225999999999999979e+00
6.420999999999999375e+00,3.589999999999999858e-01,1.409999999999999920e+00
6.437999999999998835e+00,3.349999999999999645e-01,1.346999999999999975e+00
6.432999999999999829e+00,3.409999999999999698e-01,1.383999999999999897e+00
6.424999999999998934e+00,3.540000000000000924e-01,1.370999999999999996e+00
6.416999999999999815e+00,3.680000000000001048e-01,1.262000000000000011e+00
6.433999999999999275e+00,3.380000000000000782e-01,1.433999999999999941e+00
6.421999999999998820e+00,3.589999999999999858e-01,1.340999999999999970e+00
6.416999999999999815e+00,3.680000000000001048e-01,1.268999999999999906e+00
6.420999999999999375e+00,3.640000000000001013e-01,1.185999999999999943e+00
6.423999999999999488e+00,3.560000000000000941e-01,1.319999999999999840e+00
6.406999999999999140e+00,3.810000000000000053e-01,1.351999999999999869e+00
6.434999999999998721e+00,3.440000000000000835e-01,1.175999999999999934e+00
6.435999999999999943e+00,3.380000000000000782e-01,1.312999999999999945e+00
6.409999999999999254e+00,3.810000000000000053e-01,1.173999999999999932e+00
6.416999999999999815e+00,3.760000000000001119e-01,1.008000000000000007e+00
6.438999999999999169e+00,3.329999999999999627e-01,1.327999999999999847e+00
6.449999999999999289e+00,3.140000000000000568e-01,1.373999999999999888e+00
6.441999999999999282e+00,3.320000000000000728e-01,1.191999999999999948e+00
6.389999999999998792e+00,4.099999999999999201e-01,1.268000000000000016e+00
6.444999999999999396e+00,3.240000000000000657e-01,1.321999999999999842e+00
6.441999999999999282e+00,3.289999999999999591e-01,1.317999999999999838e+00
6.409999999999999254e+00,3.790000000000000036e-01,1.308999999999999941e+00
6.404999999999999361e+00,3.850000000000000089e-01,1.341999999999999860e+00
6.413999999999999702e+00,3.760000000000001119e-01,1.169999999999999929e+00
6.436999999999999389e+00,3.349999999999999645e-01,1.381000000000000005e+00
6.421999999999998820e+00,3.560000000000000941e-01,1.414999999999999813e+00
6.420999999999999375e+00,3.660000000000001030e-01,1.106999999999999984e+00
6.393999999999999240e+00,4.039999999999999147e-01,1.260000000000000009e+00
6.429999999999999716e+00,3.469999999999999751e-01,1.300999999999999934e+00
6.438999999999999169e+00,3.300000000000000711e-01,1.408999999999999808e+00
6.420999999999999375e+00,3.629999999999999893e-01,1.262999999999999901e+00
6.423999999999999488e+00,3.589999999999999858e-01,1.242999999999999883e+00
6.435999999999999943e+00,3.369999999999999662e-01,1.375000000000000000e+00
6.434999999999998721e+00,3.400000000000000799e-01,1.287999999999999812e+00
6.402999999999998693e+00,3.910000000000000142e-01,1.232999999999999874e+00
6.400999999999999801e+00,3.960000000000001297e-01,1.137000000000000011e+00
6.433999999999999275e+00,3.429999999999999716e-01,1.258999999999999897e+00
6.432999999999999829e+00,3.449999999999999734e-01,1.229999999999999982e+00
6.443999999999999062e+00,3.260000000000000675e-01,1.285999999999999810e+00
6.434999999999998721e+00,3.409999999999999698e-01,1.284999999999999920e+00
6.407999999999999474e+00,3.860000000000001208e-01,1.163999999999999924e+00
6.402999999999998693e+00,3.910000000000000142e-01,1.245999999999999996e+00
6.404999999999999361e+00,3.840000000000001190e-01,1.369999999999999885e+00
6.411999999999999034e+00,3.780000000000001137e-01,1.193999999999999950e+00
6.446999999999999176e+00,3.200000000000000622e-01,1.340999999999999970e+00
6.439999999999999503e+00,3.329999999999999627e-01,1.247999999999999998e+00
6.424999999999998934e+00,3.600000000000000977e-01,1.098999999999999977e+00
6.404999999999999361e+00,3.870000000000000107e-01,1.285999999999999810e+00
6.423999999999999488e+00,3.609999999999999876e-01,1.181999999999999940e+00
6.424999999999998934e+00,3.549999999999999822e-01,1.303999999999999826e+00
6.428999999999999382e+00,3.520000000000000906e-01,1.220999999999999863e+00
6.440999999999998948e+00,3.280000000000000693e-01,1.408999999999999808e+00
6.429999999999999716e+00,3.449999999999999734e-01,1.362999999999999989e+00
6.411999999999999034e+00,3.740000000000001101e-01,1.318999999999999950e+00
6.444999999999999396e+00,3.249999999999999556e-01,1.276000000000000023e+00
6.427999999999999048e+00,3.520000000000000906e-01,1.238999999999999879e+00
6.424999999999998934e+00,3.529999999999999805e-01,1.415999999999999925e+00
6.410999999999999588e+00,3.770000000000000018e-01,1.301999999999999824e+00
6.385999999999999233e+00,4.150000000000000355e-01,1.313999999999999835e+00
6.414999999999999147e+00,3.649999999999999911e-01,1.493999999999999995e+00
6.451999999999999957e+00,3.080000000000000515e-01,1.469999999999999973e+00
6.434999999999998721e+00,3.320000000000000728e-01,1.552999999999999936e+00
6.451999999999999957e+00,3.049999999999999378e-01,1.576999999999999957e+00
6.428999999999999382e+00,3.449999999999999734e-01,1.476999999999999869e+00
6.431999999999999496e+00,3.400000000000000799e-01,1.463999999999999968e+00
6.405999999999998806e+00,3.770000000000000018e-01,1.528000000000000025e+00
6.445999999999999730e+00,3.180000000000000604e-01,1.462999999999999856e+00
6.425999999999999268e+00,3.480000000000000870e-01,1.480999999999999872e+00
6.445999999999999730e+00,3.180000000000000604e-01,1.489999999999999991e+00
6.449999999999999289e+00,3.100000000000000533e-01,1.555999999999999828e+00
6.435999999999999943e+00,3.320000000000000728e-01,1.487999999999999989e+00
6.449999999999999289e+00,3.120000000000000551e-01,1.475999999999999979e+00
6.431999999999999496e+00,3.349999999999999645e-01,1.608999999999999986e+00
6.437999999999998835e+00,3.269999999999999574e-01,1.585999999999999854e+00
6.433999999999999275e+00,3.309999999999999609e-01,1.625999999999999890e+00
6.436999999999999389e+00,3.329999999999999627e-01,1.443999999999999950e+00
6.418999999999998707e+00,3.589999999999999858e-01,1.472999999999999865e+00
6.423999999999999488e+00,3.480000000000000870e-01,1.584999999999999964e+00
6.441999999999999282e+00,3.249999999999999556e-01,1.485999999999999988e+00
6.427999999999999048e+00,3.449999999999999734e-01,1.500000000000000000e+00
6.439999999999999503e+00,3.269999999999999574e-01,1.463999999999999968e+00
6.418999999999998707e+00,3.600000000000000977e-01,1.447999999999999954e+00
6.445999999999999730e+00,3.129999999999999449e-01,1.629000000000000004e+00
6.449999999999999289e+00,3.109999999999999432e-01,1.520999999999999908e+00
6.409999999999999254e+00,3.669999999999999929e-01,1.668999999999999817e+00
6.386999999999998678e+00,4.110000000000000320e-01,1.401999999999999913e+00
6.420999999999999375e+00,3.489999999999999769e-01,1.667999999999999927e+00
6.451999999999999957e+00,3.089999999999999414e-01,1.474999999999999867e+00
6.443999999999999062e+00,3.189999999999999503e-01,1.541999999999999815e+00
6.431999999999999496e+00,3.389999999999999680e-01,1.506999999999999895e+00
6.434999999999998721e+00,3.349999999999999645e-01,1.492999999999999883e+00
6.444999999999999396e+00,3.180000000000000604e-01,1.530999999999999917e+00
6.431999999999999496e+00,3.400000000000000799e-01,1.464999999999999858e+00
6.439999999999999503e+00,3.220000000000000639e-01,1.645000000000000018e+00
6.405999999999998806e+00,3.770000000000000018e-01,1.575999999999999845e+00
6.447999999999999510e+00,3.140000000000000568e-01,1.518999999999999906e+00
6.424999999999998934e+00,3.489999999999999769e-01,1.522999999999999909e+00
6.382999999999999119e+00,4.130000000000000338e-01,1.504000000000000004e+00
6.387999999999999901e+00,4.039999999999999147e-01,1.574999999999999956e+00
6.372999999999999332e+00,4.319999999999999396e-01,1.420999999999999819e+00
6.381999999999999673e+00,4.159999999999999254e-01,1.520000000000000018e+00
6.388999999999999346e+00,4.010000000000000231e-01,1.666999999999999815e+00
6.373999999999998778e+00,4.279999999999999361e-01,1.530000000000000027e+00
6.433999999999999275e+00,3.560000000000000941e-01,1.270000000000000018e-01
6.412999999999999368e+00,3.910000000000000142e-01,1.859999999999999987e-01
6.393999999999999240e+00,4.230000000000000426e-01,1.420000000000000151e-01
6.438999999999999169e+00,3.480000000000000870e-01,1.590000000000000024e-01
6.427999999999999048e+00,3.660000000000001030e-01,1.350000000000000089e-01
6.415999999999999481e+00,3.870000000000000107e-01,1.519999999999999962e-01
6.443999999999999062e+00,3.400000000000000799e-01,1.380000000000000115e-01
6.446999999999999176e+00,3.349999999999999645e-01,1.310000000000000053e-01
6.413999999999999702e+00,3.900000000000001243e-01,1.300000000000000044e-01
6.445999999999999730e+00,3.349999999999999645e-01,1.620000000000000051e-01
6.423999999999999488e+00,3.729999999999999982e-01,1.219999999999999973e-01
6.453999999999998849e+00,3.229999999999999538e-01,1.330000000000000071e-01
6.454999999999999183e+00,3.209999999999999520e-01,1.350000000000000089e-01
6.455999999999999517e+00,3.200000000000000622e-01,1.410000000000000142e-01
6.481999999999999318e+00,2.960000000000000409e-01,1.462999999999999856e+00
6.463999999999999524e+00,3.009999999999999343e-01,1.485999999999999988e+00
6.466999999999998749e+00,2.969999999999999307e-01,1.533999999999999808e+00
6.484999999999999432e+00,2.969999999999999307e-01,1.425999999999999934e+00
6.470999999999999197e+00,2.969999999999999307e-01,1.518000000000000016e+00
6.472999999999998977e+00,2.980000000000000426e-01,1.477999999999999980e+00
6.492999999999999439e+00,2.949999999999999289e-01,1.413999999999999924e+00
6.509999999999999787e+00,2.840000000000000302e-01,1.520000000000000018e+00
6.472999999999998977e+00,2.940000000000000391e-01,1.551999999999999824e+00
6.490999999999999659e+00,2.960000000000000409e-01,1.418999999999999817e+00
6.510999999999999233e+00,2.869999999999999218e-01,1.461999999999999966e+00
6.514999999999998792e+00,2.880000000000000338e-01,1.412999999999999812e+00
6.478999999999999204e+00,2.960000000000000409e-01,1.477999999999999980e+00
6.468999999999999417e+00,2.949999999999999289e-01,1.586999999999999966e+00
6.466999999999998749e+00,2.949999999999999289e-01,1.619999999999999885e+00
6.475999999999999091e+00,3.040000000000000480e-01,1.730000000000000149e-01
6.471999999999999531e+00,3.060000000000000497e-01,1.320000000000000062e-01
6.491999999999999105e+00,2.969999999999999307e-01,1.400000000000000133e-01
6.462999999999999190e+00,3.069999999999999396e-01,1.274999999999999911e+00
6.467999999999999972e+00,3.060000000000000497e-01,1.217999999999999972e+00
6.443999999999999062e+00,3.289999999999999591e-01,1.209999999999999964e+00
6.466999999999998749e+00,3.080000000000000515e-01,1.179999999999999938e+00
6.479999999999999538e+00,3.000000000000000444e-01,1.100999999999999979e+00
6.457999999999999297e+00,3.160000000000000586e-01,1.204999999999999849e+00
6.463999999999999524e+00,3.069999999999999396e-01,1.248999999999999888e+00
6.450999999999998735e+00,3.140000000000000568e-01,1.348999999999999977e+00
6.462999999999999190e+00,3.140000000000000568e-01,1.147000000000000020e+00
6.450999999999998735e+00,3.380000000000000782e-01,9.170000000000000373e-01
6.460999999999999410e+00,3.109999999999999432e-01,1.250999999999999890e+00
6.456999999999998963e+00,3.180000000000000604e-01,1.195999999999999952e+00
6.468999999999999417e+00,3.060000000000000497e-01,1.205999999999999961e+00
6.456999999999998963e+00,3.069999999999999396e-01,1.379000000000000004e+00
6.470999999999999197e+00,3.049999999999999378e-01,1.165999999999999925e+00
6.482999999999998764e+00,2.960000000000000409e-01,1.127999999999999892e+00
6.451999999999999957e+00,3.269999999999999574e-01,1.105999999999999872e+00
6.454999999999999183e+00,3.100000000000000533e-01,1.363999999999999879e+00
6.454999999999999183e+00,3.160000000000000586e-01,1.240999999999999881e+00
6.450999999999998735e+00,3.200000000000000622e-01,1.254000000000000004e+00
6.455999999999999517e+00,3.140000000000000568e-01,1.268999999999999906e+00
6.441999999999999282e+00,3.429999999999999716e-01,9.839999999999999858e-01
6.481999999999999318e+00,2.949999999999999289e-01,1.175999999999999934e+00
6.452999999999999403e+00,3.320000000000000728e-01,9.859999999999999876e-01
6.452999999999999403e+00,3.129999999999999449e-01,1.331999999999999851e+00
6.447999999999999510e+00,3.260000000000000675e-01,1.205999999999999961e+00
6.481999999999999318e+00,3.049999999999999378e-01,9.799999999999999822e-01
6.452999999999999403e+00,3.209999999999999520e-01,1.198999999999999844e+00
6.479999999999999538e+00,2.960000000000000409e-01,1.193999999999999950e+00
6.449999999999999289e+00,3.189999999999999503e-01,1.282000000000000028e+00
6.442999999999999616e+00,3.469999999999999751e-01,8.840000000000000080e-01
6.451999999999999957e+00,3.229999999999999538e-01,1.174999999999999822e+00
6.465999999999999304e+00,3.120000000000000551e-01,1.125000000000000000e+00
6.465999999999999304e+00,3.120000000000000551e-01,1.122999999999999998e+00
6.455999999999999517e+00,3.209999999999999520e-01,1.135999999999999899e+00
6.450999999999998735e+00,3.129999999999999449e-01,1.373999999999999888e+00
6.444999999999999396e+00,3.329999999999999627e-01,1.109999999999999876e+00
6.462999999999999190e+00,3.129999999999999449e-01,1.158999999999999808e+00
6.455999999999999517e+00,3.180000000000000604e-01,1.205999999999999961e+00
6.460999999999999410e+00,3.040000000000000480e-01,1.383000000000000007e+00
6.476999999999999424e+00,2.989999999999999325e-01,1.179999999999999938e+00
6.443999999999999062e+00,3.320000000000000728e-01,1.155000000000000027e+00
6.450999999999998735e+00,3.140000000000000568e-01,1.363999999999999879e+00
6.458999999999999631e+00,3.149999999999999467e-01,1.202999999999999847e+00
6.458999999999999631e+00,3.109999999999999432e-01,1.278000000000000025e+00
6.440999999999998948e+00,3.360000000000000764e-01,1.118999999999999995e+00
6.469999999999998863e+00,3.160000000000000586e-01,9.939999999999999947e-01
6.455999999999999517e+00,3.060000000000000497e-01,1.422999999999999821e+00
6.468999999999999417e+00,3.009999999999999343e-01,1.286999999999999922e+00
6.449999999999999289e+00,3.160000000000000586e-01,1.342999999999999972e+00
6.460999999999999410e+00,3.129999999999999449e-01,1.198999999999999844e+00
6.457999999999999297e+00,3.069999999999999396e-01,1.361999999999999877e+00
6.462999999999999190e+00,3.049999999999999378e-01,1.321999999999999842e+00
6.466999999999998749e+00,3.029999999999999361e-01,1.278999999999999915e+00
6.447999999999999510e+00,3.229999999999999538e-01,1.244999999999999885e+00
6.476999999999999424e+00,2.980000000000000426e-01,1.198999999999999844e+00
6.451999999999999957e+00,3.180000000000000604e-01,1.278999999999999915e+00
6.463999999999999524e+00,3.060000000000000497e-01,1.278999999999999915e+00
6.460999999999999410e+00,3.040000000000000480e-01,1.362999999999999989e+00
6.455999999999999517e+00,3.080000000000000515e-01,1.401000000000000023e+00
6.447999999999999510e+00,3.360000000000000764e-01,1.004999999999999893e+00
6.480999999999999872e+00,2.969999999999999307e-01,1.347999999999999865e+00
6.487999999999999545e+00,2.949999999999999289e-01,1.305999999999999828e+00
6.488999999999998991e+00,2.960000000000000409e-01,1.375000000000000000e+00
6.490999999999999659e+00,2.949999999999999289e-01,1.368999999999999995e+00
6.474999999999999645e+00,2.980000000000000426e-01,1.312999999999999945e+00
6.480999999999999872e+00,2.960000000000000409e-01,1.305999999999999828e+00
6.516999999999999460e+00,2.869999999999999218e-01,1.189999999999999947e+00
6.474999999999999645e+00,2.969999999999999307e-01,1.266000000000000014e+00
6.480999999999999872e+00,2.969999999999999307e-01,1.365999999999999881e+00
6.514999999999998792e+00,2.869999999999999218e-01,1.196999999999999842e+00
6.475999999999999091e+00,2.969999999999999307e-01,1.297999999999999821e+00
6.473999999999999311e+00,2.969999999999999307e-01,1.280000000000000027e+00
6.463999999999999524e+00,3.020000000000000462e-01,1.417999999999999927e+00
6.493999999999999773e+00,2.940000000000000391e-01,1.350999999999999979e+00
6.478999999999999204e+00,2.960000000000000409e-01,1.284999999999999920e+00
6.516999999999999460e+00,2.880000000000000338e-01,1.292999999999999927e+00
6.508999999999999453e+00,2.900000000000000355e-01,1.268000000000000016e+00
6.479999999999999538e+00,2.960000000000000409e-01,1.274000000000000021e+00
6.477999999999999758e+00,2.969999999999999307e-01,1.294999999999999929e+00
6.475999999999999091e+00,2.980000000000000426e-01,1.320999999999999952e+00
6.496999999999999886e+00,2.920000000000000373e-01,1.245999999999999996e+00
6.476999999999999424e+00,2.980000000000000426e-01,1.341999999999999860e+00
6.479999999999999538e+00,2.980000000000000426e-01,1.412999999999999812e+00
6.481999999999999318e+00,2.960000000000000409e-01,1.276000000000000023e+00
6.475999999999999091e+00,2.980000000000000426e-01,1.333999999999999853e+00
6.517999999999998906e+00,2.880000000000000338e-01,1.254999999999999893e+00
6.498999999999998778e+00,2.909999999999999254e-01,1.233999999999999986e+00
6.464999999999999858e+00,3.009999999999999343e-01,1.377999999999999892e+00
6.497999999999999332e+00,2.940000000000000391e-01,1.399999999999999911e+00
6.466999999999998749e+00,3.000000000000000444e-01,1.354999999999999982e+00
6.465999999999999304e+00,3.000000000000000444e-01,1.360999999999999988e+00
6.475999999999999091e+00,2.980000000000000426e-01,1.314999999999999947e+00
6.516999999999999460e+00,2.900000000000000355e-01,1.364999999999999991e+00
6.480999999999999872e+00,2.969999999999999307e-01,1.372999999999999998e+00
6.467999999999999972e+00,3.009999999999999343e-01,1.405000000000000027e+00
6.472999999999998977e+00,2.980000000000000426e-01,1.300999999999999934e+00
6.466999999999998749e+00,3.020000000000000462e-01,1.442999999999999838e+00
6.522999999999999687e+00,1.730000000000000426e-01,1.660000000000000087e-01
6.522999999999999687e+00,2.150000000000000799e-01,1.450000000000000178e-01
6.522999999999999687e+00,1.710000000000000409e-01,1.779999999999999916e-01
6.522999999999999687e+00,2.150000000000000799e-01,1.700000000000000122e-01
6.522999999999999687e+00,2.070000000000000728e-01,1.869999999999999996e-01
6.522999999999999687e+00,2.419999999999999929e-01,1.630000000000000060e-01
6.522999999999999687e+00,2.510000000000001119e-01,1.260000000000000009e-01
6.522999999999999687e+00,2.110000000000000764e-01,1.739999999999999880e-01
6.522999999999999687e+00,1.750000000000000444e-01,1.539999999999999980e-01
6.516999999999999460e+00,2.620000000000000107e-01,1.483999999999999986e+00
6.516999999999999460e+00,2.560000000000000053e-01,1.487999999999999989e+00
6.517999999999998906e+00,2.270000000000000906e-01,1.479999999999999982e+00
6.516999999999999460e+00,2.740000000000000213e-01,1.461999999999999966e+00
6.516999999999999460e+00,2.259999999999999787e-01,1.561999999999999833e+00
6.518999999999999240e+00,2.749999999999999112e-01,1.368999999999999995e+00
6.516999999999999460e+00,2.800000000000000266e-01,1.475999999999999979e+00
6.518999999999999240e+00,2.450000000000001066e-01,1.401000000000000023e+00
6.514999999999998792e+00,2.500000000000000000e-01,1.667999999999999927e+00
6.517999999999998906e+00,2.439999999999999947e-01,1.476999999999999869e+00
6.517999999999998906e+00,2.600000000000000089e-01,1.443999999999999950e+00
6.517999999999998906e+00,2.700000000000000178e-01,1.429999999999999938e+00
6.516999999999999460e+00,2.840000000000000302e-01,1.451999999999999957e+00
6.518999999999999240e+00,2.640000000000000124e-01,1.365999999999999881e+00
6.517999999999998906e+00,2.640000000000000124e-01,1.464999999999999858e+00
6.516999999999999460e+00,2.829999999999999183e-01,1.447999999999999954e+00
6.517999999999998906e+00,2.610000000000001208e-01,1.449999999999999956e+00
6.516999999999999460e+00,2.780000000000000249e-01,1.500000000000000000e+00
6.515999999999999126e+00,2.510000000000001119e-01,1.572999999999999954e+00
6.517999999999998906e+00,2.410000000000001030e-01,1.504999999999999893e+00
6.518999999999999240e+00,2.590000000000001190e-01,1.395999999999999908e+00
6.515999999999999126e+00,2.760000000000000231e-01,1.584999999999999964e+00
6.516999999999999460e+00,2.600000000000000089e-01,1.502999999999999892e+00
6.516999999999999460e+00,2.570000000000001172e-01,1.497999999999999998e+00
6.522999999999999687e+00,2.190000000000000835e-01,2.049999999999999878e-01
6.522999999999999687e+00,2.550000000000001155e-01,1.490000000000000213e-01
6.522999999999999687e+00,2.740000000000000213e-01,1.300000000000000044e-01
6.520999999999999019e+00,1.959999999999999520e-01,1.339999999999999858e+00
6.518999999999999240e+00,2.670000000000001261e-01,1.162999999999999812e+00
6.518999999999999240e+00,2.490000000000001101e-01,1.213999999999999968e+00
6.518999999999999240e+00,2.610000000000001208e-01,1.239999999999999991e+00
6.518999999999999240e+00,2.439999999999999947e-01,1.175999999999999934e+00
6.518999999999999240e+00,2.630000000000001226e-01,1.350999999999999979e+00
6.518999999999999240e+00,2.690000000000001279e-01,1.330999999999999961e+00
6.519999999999999574e+00,2.199999999999999734e-01,1.330999999999999961e+00
6.517999999999998906e+00,2.880000000000000338e-01,1.361999999999999877e+00
6.518999999999999240e+00,2.560000000000000053e-01,1.284999999999999920e+00
6.518999999999999240e+00,2.500000000000000000e-01,1.250999999999999890e+00
6.517999999999998906e+00,2.849999999999999201e-01,1.343999999999999861e+00
6.518999999999999240e+00,2.590000000000001190e-01,1.202999999999999847e+00
6.518999999999999240e+00,2.490000000000001101e-01,1.258999999999999897e+00
6.518999999999999240e+00,2.740000000000000213e-01,1.135000000000000009e+00
6.519999999999999574e+00,2.399999999999999911e-01,1.168999999999999817e+00
6.518999999999999240e+00,2.490000000000001101e-01,1.360999999999999988e+00
6.517999999999998906e+00,2.849999999999999201e-01,1.207999999999999963e+00
6.519999999999999574e+00,2.130000000000000782e-01,1.305999999999999828e+00
6.519999999999999574e+00,2.410000000000001030e-01,1.240999999999999881e+00
6.518999999999999240e+00,2.630000000000001226e-01,1.266999999999999904e+00
6.518999999999999240e+00,2.760000000000000231e-01,1.328999999999999959e+00
6.519999999999999574e+00,2.339999999999999858e-01,1.243999999999999995e+00
6.518999999999999240e+00,2.780000000000000249e-01,1.322999999999999954e+00
6.519999999999999574e+00,2.259999999999999787e-01,1.110999999999999988e+00
6.518999999999999240e+00,2.749999999999999112e-01,1.292999999999999927e+00
6.518999999999999240e+00,2.520000000000000018e-01,1.287999999999999812e+00
6.519999999999999574e+00,2.270000000000000906e-01,1.194999999999999840e+00
6.518999999999999240e+00,2.650000000000001243e-01,1.172999999999999821e+00
6.517999999999998906e+00,2.820000000000000284e-01,1.143999999999999906e+00
6.519999999999999574e+00,2.219999999999999751e-01,1.090999999999999970e+00
6.519999999999999574e+00,2.379999999999999893e-01,1.113999999999999879e+00
6.518999999999999240e+00,2.500000000000000000e-01,1.262999999999999901e+00
6.520999999999999019e+00,2.039999999999999591e-01,1.085999999999999854e+00
6.519999999999999574e+00,2.410000000000001030e-01,1.145000000000000018e+00
6.518999999999999240e+00,2.590000000000001190e-01,1.353999999999999870e+00
6.517999999999998906e+00,2.800000000000000266e-01,1.068999999999999950e+00
6.518999999999999240e+00,2.700000000000000178e-01,1.215999999999999970e+00
6.518999999999999240e+00,2.690000000000001279e-01,1.209999999999999964e+00
6.518999999999999240e+00,2.490000000000001101e-01,1.071999999999999842e+00
6.518999999999999240e+00,2.520000000000000018e-01,1.360999999999999988e+00
6.519999999999999574e+00,2.350000000000000977e-01,1.177999999999999936e+00
6.519999999999999574e+00,2.119999999999999662e-01,1.276000000000000023e+00
6.518999999999999240e+00,2.680000000000000160e-01,1.225999999999999979e+00
6.518999999999999240e+00,2.749999999999999112e-01,1.344999999999999973e+00
6.518999999999999240e+00,2.570000000000001172e-01,1.300999999999999934e+00
6.518999999999999240e+00,2.710000000000001297e-01,9.859999999999999876e-01
6.518999999999999240e+00,2.530000000000001137e-01,1.110999999999999988e+00
6.518999999999999240e+00,2.690000000000001279e-01,1.141999999999999904e+00
6.518999999999999240e+00,2.550000000000001155e-01,1.242999999999999883e+00
6.518999999999999240e+00,2.560000000000000053e-01,1.254999999999999893e+00
6.518999999999999240e+00,2.620000000000000107e-01,1.180999999999999828e+00
6.518999999999999240e+00,2.590000000000001190e-01,1.155000000000000027e+00
6.517999999999998906e+00,2.789999999999999147e-01,1.026999999999999913e+00
6.520999999999999019e+00,1.910000000000000586e-01,1.318999999999999950e+00
6.519999999999999574e+00,2.350000000000000977e-01,1.172999999999999821e+00
6.517999999999998906e+00,2.829999999999999183e-01,1.272000000000000020e+00
6.518999999999999240e+00,2.550000000000001155e-01,1.360999999999999988e+00
6.519999999999999574e+00,2.430000000000001048e-01,1.266999999999999904e+00
6.519999999999999574e+00,2.319999999999999840e-01,1.157999999999999918e+00
5.863999999999998991e+00,2.869999999999999218e-01,1.389999999999999902e+00
5.868999999999999773e+00,2.949999999999999289e-01,1.495999999999999996e+00
5.859999999999999432e+00,2.860000000000000320e-01,1.528000000000000025e+00
5.859999999999999432e+00,2.840000000000000302e-01,1.462999999999999856e+00
5.860999999999998877e+00,2.840000000000000302e-01,1.393000000000000016e+00
5.859999999999999432e+00,2.849999999999999201e-01,1.500999999999999890e+00
5.858999999999999098e+00,2.820000000000000284e-01,1.411999999999999922e+00
5.858999999999999098e+00,2.840000000000000302e-01,1.514000000000000012e+00
5.866999999999999105e+00,2.929999999999999272e-01,1.494999999999999885e+00
5.857999999999998764e+00,2.800000000000000266e-01,1.351999999999999869e+00
5.864999999999999325e+00,2.900000000000000355e-01,1.433999999999999941e+00
5.858999999999999098e+00,2.849999999999999201e-01,1.524000000000000021e+00
5.860999999999998877e+00,2.829999999999999183e-01,1.357999999999999874e+00
5.865999999999999659e+00,2.920000000000000373e-01,1.514999999999999902e+00
5.856999999999999318e+00,2.820000000000000284e-01,1.477999999999999980e+00
5.861999999999999211e+00,2.869999999999999218e-01,1.451999999999999957e+00
5.865999999999999659e+00,2.900000000000000355e-01,1.426999999999999824e+00
5.863999999999998991e+00,2.869999999999999218e-01,1.399000000000000021e+00
5.856999999999999318e+00,2.789999999999999147e-01,1.383999999999999897e+00
5.857999999999998764e+00,2.800000000000000266e-01,1.366999999999999993e+00
5.870999999999998664e+00,2.949999999999999289e-01,1.361999999999999877e+00
5.863999999999998991e+00,2.889999999999999236e-01,1.449999999999999956e+00
5.858999999999999098e+00,2.820000000000000284e-01,1.401000000000000023e+00
5.868999999999999773e+00,2.929999999999999272e-01,1.395000000000000018e+00
5.867999999999999439e+00,2.889999999999999236e-01,1.268000000000000016e+00
5.858999999999999098e+00,2.820000000000000284e-01,1.387999999999999901e+00
5.869999999999999218e+00,2.929999999999999272e-01,1.346999999999999975e+00
5.864999999999999325e+00,2.840000000000000302e-01,1.197999999999999954e+00
5.857999999999998764e+00,2.829999999999999183e-01,1.489999999999999991e+00
5.873999999999998778e+00,3.000000000000000444e-01,1.448999999999999844e+00
5.868999999999999773e+00,2.969999999999999307e-01,1.532000000000000028e+00
5.869999999999999218e+00,2.949999999999999289e-01,1.426999999999999824e+00
5.864999999999999325e+00,2.900000000000000355e-01,1.485999999999999988e+00
5.877999999999999226e+00,3.009999999999999343e-01,1.293999999999999817e+00
5.864999999999999325e+00,2.920000000000000373e-01,1.538999999999999924e+00
5.855999999999999872e+00,2.789999999999999147e-01,1.410999999999999810e+00
5.860999999999998877e+00,2.820000000000000284e-01,1.318999999999999950e+00
5.868999999999999773e+00,2.900000000000000355e-01,1.290999999999999925e+00
5.860999999999998877e+00,2.840000000000000302e-01,1.405000000000000027e+00
5.870999999999998664e+00,2.949999999999999289e-01,1.375000000000000000e+00
5.870999999999998664e+00,2.949999999999999289e-01,1.377000000000000002e+00
5.863999999999998991e+00,2.920000000000000373e-01,1.618999999999999995e+00
5.861999999999999211e+00,2.929999999999999272e-01,1.764999999999999902e+00
5.868999999999999773e+00,2.980000000000000426e-01,1.592999999999999972e+00
5.869999999999999218e+00,2.989999999999999325e-01,1.614999999999999991e+00
5.863999999999998991e+00,2.920000000000000373e-01,1.591999999999999860e+00
5.867999999999999439e+00,2.969999999999999307e-01,1.587999999999999856e+00
5.861999999999999211e+00,2.909999999999999254e-01,1.669999999999999929e+00
5.863999999999998991e+00,2.949999999999999289e-01,1.713999999999999968e+00
5.870999999999998664e+00,3.040000000000000480e-01,1.797999999999999821e+00
5.865999999999999659e+00,2.949999999999999289e-01,1.613999999999999879e+00
5.870999999999998664e+00,3.009999999999999343e-01,1.669999999999999929e+00
5.872999999999999332e+00,3.049999999999999378e-01,1.756999999999999895e+00
5.860999999999998877e+00,2.900000000000000355e-01,1.641000000000000014e+00
5.857999999999998764e+00,2.849999999999999201e-01,1.565999999999999837e+00
5.857999999999998764e+00,2.860000000000000320e-01,1.603999999999999870e+00
6.417999999999999261e+00,3.910000000000000142e-01,1.322999999999999954e+00
6.445999999999999730e+00,3.460000000000000853e-01,1.508999999999999897e+00
6.419999999999999929e+00,3.860000000000001208e-01,1.448999999999999844e+00
6.443999999999999062e+00,3.480000000000000870e-01,1.498999999999999888e+00
6.418999999999998707e+00,3.900000000000001243e-01,1.342999999999999972e+00
6.428999999999999382e+00,3.720000000000001084e-01,1.528000000000000025e+00
6.428999999999999382e+00,3.700000000000001066e-01,1.575999999999999845e+00
6.408999999999998920e+00,4.050000000000000266e-01,1.342999999999999972e+00
6.419999999999999929e+00,3.840000000000001190e-01,1.610999999999999988e+00
6.420999999999999375e+00,3.840000000000001190e-01,1.534999999999999920e+00
6.417999999999999261e+00,3.890000000000000124e-01,1.471999999999999975e+00
6.407999999999999474e+00,4.070000000000000284e-01,1.420999999999999819e+00
6.429999999999999716e+00,3.729999999999999982e-01,1.389999999999999902e+00
6.407999999999999474e+00,4.070000000000000284e-01,1.397999999999999909e+00
6.443999999999999062e+00,3.480000000000000870e-01,1.495999999999999996e+00
6.419999999999999929e+00,3.870000000000000107e-01,1.429999999999999938e+00
6.409999999999999254e+00,4.030000000000000249e-01,1.426999999999999824e+00
6.434999999999998721e+00,3.629999999999999893e-01,1.467999999999999972e+00
6.416999999999999815e+00,3.930000000000000160e-01,1.393999999999999906e+00
6.434999999999998721e+00,3.620000000000000995e-01,1.583999999999999853e+00
6.412999999999999368e+00,3.999999999999999112e-01,1.325999999999999845e+00
6.423999999999999488e+00,3.790000000000000036e-01,1.469999999999999973e+00
6.425999999999999268e+00,3.780000000000001137e-01,1.413999999999999924e+00
6.418999999999998707e+00,3.890000000000000124e-01,1.370999999999999996e+00
6.407999999999999474e+00,4.079999999999999183e-01,1.317999999999999838e+00
6.407999999999999474e+00,4.090000000000000302e-01,1.243999999999999995e+00
6.420999999999999375e+00,3.840000000000001190e-01,1.532000000000000028e+00
6.410999999999999588e+00,3.999999999999999112e-01,1.549999999999999822e+00
6.427999999999999048e+00,3.720000000000001084e-01,1.580999999999999961e+00
6.455999999999999517e+00,3.269999999999999574e-01,1.598999999999999977e+00
6.418999999999998707e+00,3.900000000000001243e-01,1.318999999999999950e+00
6.442999999999999616e+00,3.500000000000000888e-01,1.496999999999999886e+00
6.431999999999999496e+00,3.649999999999999911e-01,1.620999999999999996e+00
6.437999999999998835e+00,3.569999999999999840e-01,1.539999999999999813e+00
6.433999999999999275e+00,3.640000000000001013e-01,1.447999999999999954e+00
6.434999999999998721e+00,3.600000000000000977e-01,1.625000000000000000e+00
6.423999999999999488e+00,3.810000000000000053e-01,1.443999999999999950e+00
6.413999999999999702e+00,3.950000000000000178e-01,1.603999999999999870e+00
6.418999999999998707e+00,3.860000000000001208e-01,1.685999999999999943e+00
6.436999999999999389e+00,3.609999999999999876e-01,1.449999999999999956e+00
6.410999999999999588e+00,3.999999999999999112e-01,1.510999999999999899e+00
6.415999999999999481e+00,3.940000000000001279e-01,1.397999999999999909e+00
6.424999999999998934e+00,3.790000000000000036e-01,1.478999999999999870e+00
6.439999999999999503e+00,3.549999999999999822e-01,1.524999999999999911e+00
6.410999999999999588e+00,3.979999999999999094e-01,1.649000000000000021e+00
6.429999999999999716e+00,3.720000000000001084e-01,1.397000000000000020e+00
6.411999999999999034e+00,3.990000000000000213e-01,1.455999999999999961e+00
6.414999999999999147e+00,3.950000000000000178e-01,1.438999999999999835e+00
6.417999999999999261e+00,3.900000000000001243e-01,1.439999999999999947e+00
6.422999999999999154e+00,3.830000000000000071e-01,1.445999999999999952e+00
6.426999999999999602e+00,3.770000000000000018e-01,1.435999999999999943e+00
6.420999999999999375e+00,3.860000000000001208e-01,1.393999999999999906e+00
6.419999999999999929e+00,3.860000000000001208e-01,1.541999999999999815e+00
6.420999999999999375e+00,3.830000000000000071e-01,1.645999999999999908e+00
6.456999999999998963e+00,3.269999999999999574e-01,1.596999999999999975e+00
6.425999999999999268e+00,3.780000000000001137e-01,1.399999999999999911e+00
6.432999999999999829e+00,3.649999999999999911e-01,1.566999999999999948e+00
6.410999999999999588e+00,4.010000000000000231e-01,1.489999999999999991e+00
6.436999999999999389e+00,3.580000000000000959e-01,1.588999999999999968e+00
6.410999999999999588e+00,4.030000000000000249e-01,1.329999999999999849e+00
6.423999999999999488e+00,3.810000000000000053e-01,1.426999999999999824e+00
6.416999999999999815e+00,3.900000000000001243e-01,1.489999999999999991e+00
6.451999999999999957e+00,3.349999999999999645e-01,1.603999999999999870e+00
6.407999999999999474e+00,4.059999999999999165e-01,1.379999999999999893e+00
6.419999999999999929e+00,3.880000000000001226e-01,1.358999999999999986e+00
6.419999999999999929e+00,3.890000000000000124e-01,1.339999999999999858e+00
6.413999999999999702e+00,3.979999999999999094e-01,1.336999999999999966e+00
6.410999999999999588e+00,4.019999999999999130e-01,1.397000000000000020e+00
6.417999999999999261e+00,3.910000000000000142e-01,1.309999999999999831e+00
6.424999999999998934e+00,3.800000000000001155e-01,1.393999999999999906e+00
6.407999999999999474e+00,4.059999999999999165e-01,1.475999999999999979e+00
6.417999999999999261e+00,3.900000000000001243e-01,1.403999999999999915e+00
6.409999999999999254e+00,4.059999999999999165e-01,1.278999999999999915e+00
6.443999999999999062e+00,3.460000000000000853e-01,1.637999999999999901e+00
6.411999999999999034e+00,3.940000000000001279e-01,1.766999999999999904e+00
6.413999999999999702e+00,3.930000000000000160e-01,1.680999999999999828e+00
6.415999999999999481e+00,3.910000000000000142e-01,1.607999999999999874e+00
6.446999999999999176e+00,3.429999999999999716e-01,1.540999999999999925e+00
6.415999999999999481e+00,3.920000000000001261e-01,1.500999999999999890e+00
6.444999999999999396e+00,3.520000000000000906e-01,1.030999999999999917e+00
6.450999999999998735e+00,3.440000000000000835e-01,9.929999999999999938e-01
6.454999999999999183e+00,3.369999999999999662e-01,9.859999999999999876e-01
6.425999999999999268e+00,3.810000000000000053e-01,1.067999999999999838e+00
6.455999999999999517e+00,3.360000000000000764e-01,9.869999999999999885e-01
6.436999999999999389e+00,3.649999999999999911e-01,1.028000000000000025e+00
6.451999999999999957e+00,3.420000000000000817e-01,9.650000000000000799e-01
6.412999999999999368e+00,3.999999999999999112e-01,9.390000000000000568e-01
6.464999999999999858e+00,3.220000000000000639e-01,9.380000000000000560e-01
6.455999999999999517e+00,3.349999999999999645e-01,8.050000000000000488e-01
6.425999999999999268e+00,3.810000000000000053e-01,9.789999999999999813e-01
6.450999999999998735e+00,3.420000000000000817e-01,8.000000000000000444e-01
6.420999999999999375e+00,3.880000000000001226e-01,9.670000000000000817e-01
6.428999999999999382e+00,3.770000000000000018e-01,1.066999999999999948e+00
6.432999999999999829e+00,3.700000000000001066e-01,8.589999999999999858e-01
6.415999999999999481e+00,3.960000000000001297e-01,9.909999999999999920e-01
6.428999999999999382e+00,3.770000000000000018e-01,1.016000000000000014e+00
6.467999999999999972e+00,3.189999999999999503e-01,9.440000000000000613e-01
6.422999999999999154e+00,3.840000000000001190e-01,8.750000000000000000e-01
6.414999999999999147e+00,3.979999999999999094e-01,1.111999999999999877e+00
6.445999999999999730e+00,3.509999999999999787e-01,9.979999999999999982e-01
6.411999999999999034e+00,3.999999999999999112e-01,8.410000000000000808e-01
6.406999999999999140e+00,4.099999999999999201e-01,1.004000000000000004e+00
6.450999999999998735e+00,3.429999999999999716e-01,8.280000000000000693e-01
6.414999999999999147e+00,3.970000000000000195e-01,9.759999999999999787e-01
6.435999999999999943e+00,3.660000000000001030e-01,1.028000000000000025e+00
6.423999999999999488e+00,3.850000000000000089e-01,1.084999999999999964e+00
6.413999999999999702e+00,3.990000000000000213e-01,1.077999999999999847e+00
6.448999999999999844e+00,3.460000000000000853e-01,9.210000000000000409e-01
6.434999999999998721e+00,3.680000000000001048e-01,1.067999999999999838e+00
6.473999999999999311e+00,3.089999999999999414e-01,9.280000000000000471e-01
6.426999999999999602e+00,3.800000000000001155e-01,1.077999999999999847e+00
6.443999999999999062e+00,3.540000000000000924e-01,9.340000000000000524e-01
6.441999999999999282e+00,3.520000000000000906e-01,1.421999999999999931e+00
6.468999999999999417e+00,3.129999999999999449e-01,1.254000000000000004e+00
6.463999999999999524e+00,3.220000000000000639e-01,1.137000000000000011e+00
6.465999999999999304e+00,3.200000000000000622e-01,1.094999999999999973e+00
6.460999999999999410e+00,3.269999999999999574e-01,1.137999999999999901e+00
6.442999999999999616e+00,3.549999999999999822e-01,1.176999999999999824e+00
6.457999999999999297e+00,3.329999999999999627e-01,1.024999999999999911e+00
6.457999999999999297e+00,3.269999999999999574e-01,1.403000000000000025e+00
6.472999999999998977e+00,3.069999999999999396e-01,1.224999999999999867e+00
6.490999999999999659e+00,2.800000000000000266e-01,1.161999999999999922e+00
6.436999999999999389e+00,3.620000000000000995e-01,1.246999999999999886e+00
6.442999999999999616e+00,3.529999999999999805e-01,1.272000000000000020e+00
6.460999999999999410e+00,3.260000000000000675e-01,1.235999999999999988e+00
6.483999999999999098e+00,2.889999999999999236e-01,1.290999999999999925e+00
6.467999999999999972e+00,3.129999999999999449e-01,1.280000000000000027e+00
6.425999999999999268e+00,3.810000000000000053e-01,1.177999999999999936e+00
6.439999999999999503e+00,3.549999999999999822e-01,1.436999999999999833e+00
6.488999999999998991e+00,2.780000000000000249e-01,1.424999999999999822e+00
6.448999999999999844e+00,3.460000000000000853e-01,1.075999999999999845e+00
6.437999999999998835e+00,3.640000000000001013e-01,1.089999999999999858e+00
6.493999999999999773e+00,2.720000000000000195e-01,1.356999999999999984e+00
6.439999999999999503e+00,3.560000000000000941e-01,1.399999999999999911e+00
6.458999999999999631e+00,3.260000000000000675e-01,1.367999999999999883e+00
6.463999999999999524e+00,3.229999999999999538e-01,1.059999999999999831e+00
6.457999999999999297e+00,3.269999999999999574e-01,1.395000000000000018e+00
6.457999999999999297e+00,3.289999999999999591e-01,1.298999999999999932e+00
6.433999999999999275e+00,3.680000000000001048e-01,1.239999999999999991e+00
6.460999999999999410e+00,3.260000000000000675e-01,1.222999999999999865e+00
6.487999999999999545e+00,2.820000000000000284e-01,1.338999999999999968e+00
6.487999999999999545e+00,2.860000000000000320e-01,9.909999999999999920e-01
6.452999999999999403e+00,3.369999999999999662e-01,1.276999999999999913e+00
6.483999999999999098e+00,2.909999999999999254e-01,1.127999999999999892e+00
6.458999999999999631e+00,3.300000000000000711e-01,1.131000000000000005e+00
6.445999999999999730e+00,3.480000000000000870e-01,1.360999999999999988e+00
6.435999999999999943e+00,3.629999999999999893e-01,1.334999999999999964e+00
6.465999999999999304e+00,3.160000000000000586e-01,1.350999999999999979e+00
6.440999999999998948e+00,3.540000000000000924e-01,1.430999999999999828e+00
6.459999999999999076e+00,3.240000000000000657e-01,1.431999999999999940e+00
6.435999999999999943e+00,3.620000000000000995e-01,1.421999999999999931e+00
6.496999999999999886e+00,2.670000000000001261e-01,1.313999999999999835e+00
6.465999999999999304e+00,3.149999999999999467e-01,1.439999999999999947e+00
6.417999999999999261e+00,3.930000000000000160e-01,1.216999999999999860e+00
6.432999999999999829e+00,3.689999999999999947e-01,1.262999999999999901e+00
6.474999999999999645e+00,3.040000000000000480e-01,1.218999999999999861e+00
6.466999999999998749e+00,3.160000000000000586e-01,1.221999999999999975e+00
6.436999999999999389e+00,3.609999999999999876e-01,1.322999999999999954e+00
6.461999999999999744e+00,3.229999999999999538e-01,1.245999999999999996e+00
6.455999999999999517e+00,3.340000000000000746e-01,1.180999999999999828e+00
6.462999999999999190e+00,3.229999999999999538e-01,1.245999999999999996e+00
6.458999999999999631e+00,3.320000000000000728e-01,1.036999999999999922e+00
6.418999999999998707e+00,3.910000000000000142e-01,1.299999999999999822e+00
6.481999999999999318e+00,2.900000000000000355e-01,1.375999999999999890e+00
6.481999999999999318e+00,2.920000000000000373e-01,1.296999999999999931e+00
6.481999999999999318e+00,2.940000000000000391e-01,1.209999999999999964e+00
6.435999999999999943e+00,3.640000000000001013e-01,1.272999999999999909e+00
6.475999999999999091e+00,3.029999999999999361e-01,1.147999999999999909e+00
6.472999999999998977e+00,3.069999999999999396e-01,1.201999999999999957e+00
6.446999999999999176e+00,3.449999999999999734e-01,1.368999999999999995e+00
6.436999999999999389e+00,3.609999999999999876e-01,1.320999999999999952e+00
6.474999999999999645e+00,3.020000000000000462e-01,1.412999999999999812e+00
6.483999999999999098e+00,2.889999999999999236e-01,1.292999999999999927e+00
6.460999999999999410e+00,3.280000000000000693e-01,1.037999999999999812e+00
6.453999999999998849e+00,3.329999999999999627e-01,1.502000000000000002e+00
6.452999999999999403e+00,3.400000000000000799e-01,1.141999999999999904e+00
6.479999999999999538e+00,2.969999999999999307e-01,1.212999999999999856e+00
6.471999999999999531e+00,3.060000000000000497e-01,1.349999999999999867e+00
6.486999999999999211e+00,2.800000000000000266e-01,1.489999999999999991e+00
6.413999999999999702e+00,3.999999999999999112e-01,1.188999999999999835e+00
6.480999999999999872e+00,2.889999999999999236e-01,1.622999999999999998e+00
6.475999999999999091e+00,3.000000000000000444e-01,1.405999999999999917e+00
6.454999999999999183e+00,3.329999999999999627e-01,1.353999999999999870e+00
6.440999999999998948e+00,3.580000000000000959e-01,1.143000000000000016e+00
6.438999999999999169e+00,3.600000000000000977e-01,1.299999999999999822e+00
6.491999999999999105e+00,2.789999999999999147e-01,1.133999999999999897e+00
6.463999999999999524e+00,3.200000000000000622e-01,1.322999999999999954e+00
6.457999999999999297e+00,3.260000000000000675e-01,1.536999999999999922e+00
6.476999999999999424e+00,3.020000000000000462e-01,1.131999999999999895e+00
6.434999999999998721e+00,3.660000000000001030e-01,1.236999999999999877e+00
6.496999999999999886e+00,2.729999999999999094e-01,9.769999999999999796e-01
6.430999999999999162e+00,3.709999999999999964e-01,1.317999999999999838e+00
6.484999999999999432e+00,2.849999999999999201e-01,1.408999999999999808e+00
6.480999999999999872e+00,2.929999999999999272e-01,1.370999999999999996e+00
6.437999999999998835e+00,3.589999999999999858e-01,1.341999999999999860e+00
6.490999999999999659e+00,2.829999999999999183e-01,9.540000000000000702e-01
6.487999999999999545e+00,2.820000000000000284e-01,1.321999999999999842e+00
6.480999999999999872e+00,2.929999999999999272e-01,1.322999999999999954e+00
6.443999999999999062e+00,3.509999999999999787e-01,1.307999999999999829e+00
6.463999999999999524e+00,3.189999999999999503e-01,1.297999999999999821e+00
6.489999999999999325e+00,2.800000000000000266e-01,1.292999999999999927e+00
6.445999999999999730e+00,3.469999999999999751e-01,1.389000000000000012e+00
6.469999999999998863e+00,3.100000000000000533e-01,1.345999999999999863e+00
6.488999999999998991e+00,2.809999999999999165e-01,1.320999999999999952e+00
6.469999999999998863e+00,3.129999999999999449e-01,1.187999999999999945e+00
6.458999999999999631e+00,3.289999999999999591e-01,1.205999999999999961e+00
6.420999999999999375e+00,3.890000000000000124e-01,1.163999999999999924e+00
6.469999999999998863e+00,3.109999999999999432e-01,1.242999999999999883e+00
6.457999999999999297e+00,3.289999999999999591e-01,1.309999999999999831e+00
6.478999999999999204e+00,2.949999999999999289e-01,1.379999999999999893e+00
6.477999999999999758e+00,2.960000000000000409e-01,1.474999999999999867e+00
6.415999999999999481e+00,3.970000000000000195e-01,1.186999999999999833e+00
6.443999999999999062e+00,3.549999999999999822e-01,1.071999999999999842e+00
6.483999999999999098e+00,2.900000000000000355e-01,1.195999999999999952e+00
6.481999999999999318e+00,2.920000000000000373e-01,1.289999999999999813e+00
6.474999999999999645e+00,2.989999999999999325e-01,1.560999999999999943e+00
6.492999999999999439e+00,2.780000000000000249e-01,1.108999999999999986e+00
6.491999999999999105e+00,2.760000000000000231e-01,1.302999999999999936e+00
6.486999999999999211e+00,2.840000000000000302e-01,1.254999999999999893e+00
6.454999999999999183e+00,3.329999999999999627e-01,1.365999999999999881e+00
6.463999999999999524e+00,3.209999999999999520e-01,1.246999999999999886e+00
6.449999999999999289e+00,3.429999999999999716e-01,1.206999999999999851e+00
6.446999999999999176e+00,3.460000000000000853e-01,1.313999999999999835e+00
6.419999999999999929e+00,3.900000000000001243e-01,1.227999999999999980e+00
6.491999999999999105e+00,2.769999999999999130e-01,1.222999999999999865e+00
6.489999999999999325e+00,2.760000000000000231e-01,1.477999999999999980e+00
6.493999999999999773e+00,2.740000000000000213e-01,1.220999999999999863e+00
6.451999999999999957e+00,3.409999999999999698e-01,1.155999999999999917e+00
6.473999999999999311e+00,3.060000000000000497e-01,1.221999999999999975e+00
6.470999999999999197e+00,3.069999999999999396e-01,1.422999999999999821e+00
6.476999999999999424e+00,2.969999999999999307e-01,1.430999999999999828e+00
6.481999999999999318e+00,2.960000000000000409e-01,1.032999999999999918e+00
6.474999999999999645e+00,2.980000000000000426e-01,1.576999999999999957e+00
6.447999999999999510e+00,3.489999999999999769e-01,1.055999999999999828e+00
6.422999999999999154e+00,3.860000000000001208e-01,1.198999999999999844e+00
6.470999999999999197e+00,3.120000000000000551e-01,1.070999999999999952e+00
6.478999999999999204e+00,2.929999999999999272e-01,1.532000000000000028e+00
6.424999999999998934e+00,3.820000000000001172e-01,1.272999999999999909e+00
6.473999999999999311e+00,3.069999999999999396e-01,1.086999999999999966e+00
6.446999999999999176e+00,3.469999999999999751e-01,1.310999999999999943e+00
6.462999999999999190e+00,3.209999999999999520e-01,1.373999999999999888e+00
6.468999999999999417e+00,3.160000000000000586e-01,1.026999999999999913e+00
6.450999999999998735e+00,3.440000000000000835e-01,1.093999999999999861e+00
6.473999999999999311e+00,3.080000000000000515e-01,1.091999999999999860e+00
6.473999999999999311e+00,3.049999999999999378e-01,1.301999999999999824e+00
6.463999999999999524e+00,3.160000000000000586e-01,1.548999999999999932e+00
6.480999999999999872e+00,2.969999999999999307e-01,1.057999999999999829e+00
6.466999999999998749e+00,3.180000000000000604e-01,1.137999999999999901e+00
6.447999999999999510e+00,3.429999999999999716e-01,1.442999999999999838e+00
6.464999999999999858e+00,3.200000000000000622e-01,1.163999999999999924e+00
6.440999999999998948e+00,3.569999999999999840e-01,1.168999999999999817e+00
6.487999999999999545e+00,2.820000000000000284e-01,1.302999999999999936e+00
6.440999999999998948e+00,3.580000000000000959e-01,1.185999999999999943e+00
6.445999999999999730e+00,3.469999999999999751e-01,1.449999999999999956e+00
6.489999999999999325e+00,2.800000000000000266e-01,1.245999999999999996e+00
6.490999999999999659e+00,2.760000000000000231e-01,1.439999999999999947e+00
6.435999999999999943e+00,3.609999999999999876e-01,1.422999999999999821e+00
6.445999999999999730e+00,3.469999999999999751e-01,1.359999999999999876e+00
6.434999999999998721e+00,3.680000000000001048e-01,1.135000000000000009e+00
6.482999999999998764e+00,2.900000000000000355e-01,1.305999999999999828e+00
6.450999999999998735e+00,3.409999999999999698e-01,1.200999999999999845e+00
6.453999999999998849e+00,3.349999999999999645e-01,1.314999999999999947e+00
6.444999999999999396e+00,3.480000000000000870e-01,1.405000000000000027e+00
6.484999999999999432e+00,2.840000000000000302e-01,1.450999999999999845e+00
6.462999999999999190e+00,3.209999999999999520e-01,1.309999999999999831e+00
6.487999999999999545e+00,2.809999999999999165e-01,1.379000000000000004e+00
6.442999999999999616e+00,3.549999999999999822e-01,1.202999999999999847e+00
6.445999999999999730e+00,3.500000000000000888e-01,1.151999999999999913e+00
6.425999999999999268e+00,3.790000000000000036e-01,1.310999999999999943e+00
6.482999999999998764e+00,2.909999999999999254e-01,1.262999999999999901e+00
6.445999999999999730e+00,3.460000000000000853e-01,1.429999999999999938e+00
6.452999999999999403e+00,3.369999999999999662e-01,1.231999999999999984e+00
6.427999999999999048e+00,3.760000000000001119e-01,1.317999999999999838e+00
6.451999999999999957e+00,3.400000000000000799e-01,1.264000000000000012e+00
6.465999999999999304e+00,3.160000000000000586e-01,1.316999999999999948e+00
6.478999999999999204e+00,2.989999999999999325e-01,1.127000000000000002e+00
6.473999999999999311e+00,3.049999999999999378e-01,1.189999999999999947e+00
6.456999999999998963e+00,3.300000000000000711e-01,1.395000000000000018e+00
6.432999999999999829e+00,3.680000000000001048e-01,1.340999999999999970e+00
6.419999999999999929e+00,3.880000000000001226e-01,1.316999999999999948e+00
6.448999999999999844e+00,3.440000000000000835e-01,1.316999999999999948e+00
6.480999999999999872e+00,2.969999999999999307e-01,1.037999999999999812e+00
6.468999999999999417e+00,3.100000000000000533e-01,1.486999999999999877e+00
6.453999999999998849e+00,3.329999999999999627e-01,1.441999999999999948e+00
6.482999999999998764e+00,2.929999999999999272e-01,1.110999999999999988e+00
6.449999999999999289e+00,3.440000000000000835e-01,1.096999999999999975e+00
6.430999999999999162e+00,3.709999999999999964e-01,1.371999999999999886e+00
6.433999999999999275e+00,3.669999999999999929e-01,1.226999999999999869e+00
6.422999999999999154e+00,3.840000000000001190e-01,1.295999999999999819e+00
6.447999999999999510e+00,3.449999999999999734e-01,1.262000000000000011e+00
6.466999999999998749e+00,3.109999999999999432e-01,1.563999999999999835e+00
6.464999999999999858e+00,3.189999999999999503e-01,1.219999999999999973e+00
6.423999999999999488e+00,3.830000000000000071e-01,1.242999999999999883e+00
6.450999999999998735e+00,3.400000000000000799e-01,1.304999999999999938e+00
6.451999999999999957e+00,3.400000000000000799e-01,1.266999999999999904e+00
6.475999999999999091e+00,3.000000000000000444e-01,1.368999999999999995e+00
6.477999999999999758e+00,2.949999999999999289e-01,1.492999999999999883e+00
6.491999999999999105e+00,2.760000000000000231e-01,1.282000000000000028e+00
6.481999999999999318e+00,2.949999999999999289e-01,1.141000000000000014e+00
6.446999999999999176e+00,3.440000000000000835e-01,1.408999999999999808e+00
6.445999999999999730e+00,3.489999999999999769e-01,1.258000000000000007e+00
6.459999999999999076e+00,3.269999999999999574e-01,1.258999999999999897e+00
6.437999999999998835e+00,3.589999999999999858e-01,1.399000000000000021e+00
6.464999999999999858e+00,3.189999999999999503e-01,1.235999999999999988e+00
6.454999999999999183e+00,3.320000000000000728e-01,1.470999999999999863e+00
6.490999999999999659e+00,2.769999999999999130e-01,1.315999999999999837e+00
6.453999999999998849e+00,3.340000000000000746e-01,1.377999999999999892e+00
6.470999999999999197e+00,3.089999999999999414e-01,1.352999999999999980e+00
6.429999999999999716e+00,3.720000000000001084e-01,1.323999999999999844e+00
6.464999999999999858e+00,3.149999999999999467e-01,1.510999999999999899e+00
6.438999999999999169e+00,3.600000000000000977e-01,1.155000000000000027e+00
6.438999999999999169e+00,3.589999999999999858e-01,1.379000000000000004e+00
6.498999999999998778e+00,2.680000000000000160e-01,1.087999999999999856e+00
6.487999999999999545e+00,2.780000000000000249e-01,1.532999999999999918e+00
6.432999999999999829e+00,3.680000000000001048e-01,1.295999999999999819e+00
6.469999999999998863e+00,3.109999999999999432e-01,1.310999999999999943e+00
6.465999999999999304e+00,3.209999999999999520e-01,1.004999999999999893e+00
6.465999999999999304e+00,3.169999999999999485e-01,1.329999999999999849e+00
6.426999999999999602e+00,3.790000000000000036e-01,1.258000000000000007e+00
6.474999999999999645e+00,3.029999999999999361e-01,1.289999999999999813e+00
6.421999999999998820e+00,3.870000000000000107e-01,1.228999999999999870e+00
6.474999999999999645e+00,3.029999999999999361e-01,1.246999999999999886e+00
6.422999999999999154e+00,3.850000000000000089e-01,1.234999999999999876e+00
6.436999999999999389e+00,3.609999999999999876e-01,1.416999999999999815e+00
6.458999999999999631e+00,3.229999999999999538e-01,1.554999999999999938e+00
6.427999999999999048e+00,3.770000000000000018e-01,1.278999999999999915e+00
6.435999999999999943e+00,3.660000000000001030e-01,1.194999999999999840e+00
6.475999999999999091e+00,3.000000000000000444e-01,1.370999999999999996e+00
6.447999999999999510e+00,3.429999999999999716e-01,1.401000000000000023e+00
6.443999999999999062e+00,3.489999999999999769e-01,1.448999999999999844e+00
6.444999999999999396e+00,3.509999999999999787e-01,1.235999999999999988e+00
6.447999999999999510e+00,3.460000000000000853e-01,1.207999999999999963e+00
6.444999999999999396e+00,3.509999999999999787e-01,1.173999999999999932e+00
6.438999999999999169e+00,3.600000000000000977e-01,1.301999999999999824e+00
6.468999999999999417e+00,3.120000000000000551e-01,1.330999999999999961e+00
6.488999999999998991e+00,2.769999999999999130e-01,1.504999999999999893e+00
6.472999999999998977e+00,3.009999999999999343e-01,1.613999999999999879e+00
6.474999999999999645e+00,3.049999999999999378e-01,1.217999999999999972e+00
6.437999999999998835e+00,3.609999999999999876e-01,1.266000000000000014e+00
6.487999999999999545e+00,2.840000000000000302e-01,1.214999999999999858e+00
6.476999999999999424e+00,2.960000000000000409e-01,1.497999999999999998e+00
6.452999999999999403e+00,3.360000000000000764e-01,1.355999999999999872e+00
6.482999999999998764e+00,2.920000000000000373e-01,1.177999999999999936e+00
6.420999999999999375e+00,3.890000000000000124e-01,1.230999999999999872e+00
6.420999999999999375e+00,3.890000000000000124e-01,1.171999999999999931e+00
6.451999999999999957e+00,3.429999999999999716e-01,1.064999999999999947e+00
6.481999999999999318e+00,2.889999999999999236e-01,1.456999999999999851e+00
6.472999999999998977e+00,3.089999999999999414e-01,1.111999999999999877e+00
6.432999999999999829e+00,3.689999999999999947e-01,1.223999999999999977e+00
6.467999999999999972e+00,3.120000000000000551e-01,1.411999999999999922e+00
6.444999999999999396e+00,3.480000000000000870e-01,1.439999999999999947e+00
6.448999999999999844e+00,3.460000000000000853e-01,1.184999999999999831e+00
6.481999999999999318e+00,2.949999999999999289e-01,1.139000000000000012e+00
6.444999999999999396e+00,3.489999999999999769e-01,1.328999999999999959e+00
6.463999999999999524e+00,3.160000000000000586e-01,1.537999999999999812e+00
6.491999999999999105e+00,2.760000000000000231e-01,1.270000000000000018e+00
6.466999999999998749e+00,3.140000000000000568e-01,1.317999999999999838e+00
6.448999999999999844e+00,3.449999999999999734e-01,1.254000000000000004e+00
6.443999999999999062e+00,3.489999999999999769e-01,1.451999999999999957e+00
6.477999999999999758e+00,3.020000000000000462e-01,1.024999999999999911e+00
6.454999999999999183e+00,3.349999999999999645e-01,1.250000000000000000e+00
6.481999999999999318e+00,2.929999999999999272e-01,1.175999999999999934e+00
6.486999999999999211e+00,2.880000000000000338e-01,1.061999999999999833e+00
6.460999999999999410e+00,3.209999999999999520e-01,1.545999999999999819e+00
6.449999999999999289e+00,3.409999999999999698e-01,1.385999999999999899e+00
6.458999999999999631e+00,3.309999999999999609e-01,1.069999999999999840e+00
6.443999999999999062e+00,3.500000000000000888e-01,1.373999999999999888e+00
6.447999999999999510e+00,3.429999999999999716e-01,1.440999999999999837e+00
6.463999999999999524e+00,3.169999999999999485e-01,1.441999999999999948e+00
6.495999999999998664e+00,2.700000000000000178e-01,1.258999999999999897e+00
6.456999999999998963e+00,3.329999999999999627e-01,1.145999999999999908e+00
6.480999999999999872e+00,2.889999999999999236e-01,1.637000000000000011e+00
6.493999999999999773e+00,2.749999999999999112e-01,1.087999999999999856e+00
6.449999999999999289e+00,3.420000000000000817e-01,1.264000000000000012e+00
6.424999999999998934e+00,3.820000000000001172e-01,1.268000000000000016e+00
6.434999999999998721e+00,3.640000000000001013e-01,1.377000000000000002e+00
6.448999999999999844e+00,3.429999999999999716e-01,1.373999999999999888e+00
6.430999999999999162e+00,3.729999999999999982e-01,1.282000000000000028e+00
6.469999999999998863e+00,3.100000000000000533e-01,1.342999999999999972e+00
6.464999999999999858e+00,3.209999999999999520e-01,1.063999999999999835e+00
6.472999999999998977e+00,3.069999999999999396e-01,1.226999999999999869e+00
6.415999999999999481e+00,3.960000000000001297e-01,1.242999999999999883e+00
6.461999999999999744e+00,3.240000000000000657e-01,1.274000000000000021e+00
6.480999999999999872e+00,2.920000000000000373e-01,1.359999999999999876e+00
6.472999999999998977e+00,3.020000000000000462e-01,1.602999999999999980e+00
6.422999999999999154e+00,3.840000000000001190e-01,1.333999999999999853e+00
6.456999999999998963e+00,3.329999999999999627e-01,1.183999999999999941e+00
6.457999999999999297e+00,3.300000000000000711e-01,1.232999999999999874e+00
6.496999999999999886e+00,2.729999999999999094e-01,9.969999999999999973e-01
6.473999999999999311e+00,3.060000000000000497e-01,1.123999999999999888e+00
6.464999999999999858e+00,3.220000000000000639e-01,1.108999999999999986e+00
6.453999999999998849e+00,3.340000000000000746e-01,1.412999999999999812e+00
6.452999999999999403e+00,3.349999999999999645e-01,1.473999999999999977e+00
6.441999999999999282e+00,3.549999999999999822e-01,1.238999999999999879e+00
6.472999999999998977e+00,3.100000000000000533e-01,1.036999999999999922e+00
6.472999999999998977e+00,3.069999999999999396e-01,1.210999999999999854e+00
6.483999999999999098e+00,2.880000000000000338e-01,1.312999999999999945e+00
6.450999999999998735e+00,3.400000000000000799e-01,1.333999999999999853e+00
6.468999999999999417e+00,3.140000000000000568e-01,1.237999999999999989e+00
6.495999999999998664e+00,2.700000000000000178e-01,1.225999999999999979e+00
6.422999999999999154e+00,3.860000000000001208e-01,1.169999999999999929e+00
6.488999999999998991e+00,2.820000000000000284e-01,1.256000000000000005e+00
6.455999999999999517e+00,3.309999999999999609e-01,1.441999999999999948e+00
6.464999999999999858e+00,3.180000000000000604e-01,1.266000000000000014e+00
6.452999999999999403e+00,3.340000000000000746e-01,1.504000000000000004e+00
6.422999999999999154e+00,3.850000000000000089e-01,1.219999999999999973e+00
6.444999999999999396e+00,3.469999999999999751e-01,1.433999999999999941e+00
6.450999999999998735e+00,3.409999999999999698e-01,1.236999999999999877e+00
6.497999999999999332e+00,2.690000000000001279e-01,1.120999999999999996e+00
6.430999999999999162e+00,3.729999999999999982e-01,1.252000000000000002e+00
6.416999999999999815e+00,3.960000000000001297e-01,1.182999999999999829e+00
6.482999999999998764e+00,2.900000000000000355e-01,1.333999999999999853e+00
6.466999999999998749e+00,3.149999999999999467e-01,1.372999999999999998e+00
6.482999999999998764e+00,2.920000000000000373e-01,1.200999999999999845e+00
6.422999999999999154e+00,3.850000000000000089e-01,1.233999999999999986e+00
6.486999999999999211e+00,2.809999999999999165e-01,1.446999999999999842e+00
6.433999999999999275e+00,3.689999999999999947e-01,1.127999999999999892e+00
6.453999999999998849e+00,3.360000000000000764e-01,1.262999999999999901e+00
6.463999999999999524e+00,3.220000000000000639e-01,1.118999999999999995e+00
6.473999999999999311e+00,3.069999999999999396e-01,1.151000000000000023e+00
6.491999999999999105e+00,2.729999999999999094e-01,1.431999999999999940e+00
6.497999999999999332e+00,2.700000000000000178e-01,1.098999999999999977e+00
6.450999999999998735e+00,3.400000000000000799e-01,1.343999999999999861e+00
6.430999999999999162e+00,3.729999999999999982e-01,1.159999999999999920e+00
6.415999999999999481e+00,3.960000000000001297e-01,1.225999999999999979e+00
6.464999999999999858e+00,3.149999999999999467e-01,1.500999999999999890e+00
6.452999999999999403e+00,3.360000000000000764e-01,1.369999999999999885e+00
6.434999999999998721e+00,3.649999999999999911e-01,1.357999999999999874e+00
6.456999999999998963e+00,3.289999999999999591e-01,1.379000000000000004e+00
6.415999999999999481e+00,3.970000000000000195e-01,1.197999999999999954e+00
6.459999999999999076e+00,3.309999999999999609e-01,1.020000000000000018e+00
6.480999999999999872e+00,2.949999999999999289e-01,1.216999999999999860e+00
6.469999999999998863e+00,3.080000000000000515e-01,1.418999999999999817e+00
6.465999999999999304e+00,3.180000000000000604e-01,1.228999999999999870e+00
6.412999999999999368e+00,3.999999999999999112e-01,1.266999999999999904e+00
6.446999999999999176e+00,3.480000000000000870e-01,1.209999999999999964e+00
6.466999999999998749e+00,3.109999999999999432e-01,1.603999999999999870e+00
6.459999999999999076e+00,3.280000000000000693e-01,1.155999999999999917e+00
6.497999999999999332e+00,2.720000000000000195e-01,8.860000000000000098e-01
6.438999999999999169e+00,3.589999999999999858e-01,1.339999999999999858e+00
6.430999999999999162e+00,3.729999999999999982e-01,1.268999999999999906e+00
6.449999999999999289e+00,3.429999999999999716e-01,1.213999999999999968e+00
6.483999999999999098e+00,2.840000000000000302e-01,1.565999999999999837e+00
6.434999999999998721e+00,3.649999999999999911e-01,1.359999999999999876e+00
6.443999999999999062e+00,3.489999999999999769e-01,1.434999999999999831e+00
6.439999999999999503e+00,3.569999999999999840e-01,1.333999999999999853e+00
6.425999999999999268e+00,3.790000000000000036e-01,1.326999999999999957e+00
6.419999999999999929e+00,3.900000000000001243e-01,1.180999999999999828e+00
6.459999999999999076e+00,3.240000000000000657e-01,1.381999999999999895e+00
6.457999999999999297e+00,3.320000000000000728e-01,1.106999999999999984e+00
6.469999999999998863e+00,3.080000000000000515e-01,1.440999999999999837e+00
6.488999999999998991e+00,2.769999999999999130e-01,1.516000000000000014e+00
6.432999999999999829e+00,3.680000000000001048e-01,1.363999999999999879e+00
6.430999999999999162e+00,3.729999999999999982e-01,1.155999999999999917e+00
6.471999999999999531e+00,3.089999999999999414e-01,1.241999999999999993e+00
6.547999999999999154e+00,2.470000000000001084e-01,1.576999999999999957e+00
6.510999999999999233e+00,2.620000000000000107e-01,1.426999999999999824e+00
6.498999999999998778e+00,2.670000000000001261e-01,1.225999999999999979e+00
6.519999999999999574e+00,2.600000000000000089e-01,1.047999999999999821e+00
6.511999999999998678e+00,2.620000000000000107e-01,1.141000000000000014e+00
6.505999999999999339e+00,2.640000000000000124e-01,1.200999999999999845e+00
6.511999999999998678e+00,2.630000000000001226e-01,1.117999999999999883e+00
6.503999999999999559e+00,2.640000000000000124e-01,1.383000000000000007e+00
6.507999999999999119e+00,2.640000000000000124e-01,1.103999999999999870e+00
6.506999999999999673e+00,2.630000000000001226e-01,1.387999999999999901e+00
6.529999999999999361e+00,2.560000000000000053e-01,1.165999999999999925e+00
6.526999999999999247e+00,2.570000000000001172e-01,1.256000000000000005e+00
6.510999999999999233e+00,2.630000000000001226e-01,1.155999999999999917e+00
6.509999999999999787e+00,2.630000000000001226e-01,1.099999999999999867e+00
6.503999999999999559e+00,2.660000000000000142e-01,1.127000000000000002e+00
6.549999999999998934e+00,2.470000000000001084e-01,1.421999999999999931e+00
6.502999999999999226e+00,2.650000000000001243e-01,1.278999999999999915e+00
6.513999999999999346e+00,2.600000000000000089e-01,1.597999999999999865e+00
6.501999999999998892e+00,2.660000000000000142e-01,1.185999999999999943e+00
6.513999999999999346e+00,2.620000000000000107e-01,1.033999999999999808e+00
6.512999999999999901e+00,2.620000000000000107e-01,1.063999999999999835e+00
6.518999999999999240e+00,2.590000000000001190e-01,1.245999999999999996e+00
6.540999999999999481e+00,2.500000000000000000e-01,1.545999999999999819e+00
6.503999999999999559e+00,2.650000000000001243e-01,1.268000000000000016e+00
6.524999999999999467e+00,2.570000000000001172e-01,1.304999999999999938e+00
6.509999999999999787e+00,2.620000000000000107e-01,1.475999999999999979e+00
6.500999999999999446e+00,2.660000000000000142e-01,1.241999999999999993e+00
6.502999999999999226e+00,2.660000000000000142e-01,1.221999999999999975e+00
6.528999999999999915e+00,2.560000000000000053e-01,1.155999999999999917e+00
6.504999999999999005e+00,2.650000000000001243e-01,1.197999999999999954e+00
6.504999999999999005e+00,2.640000000000000124e-01,1.232999999999999874e+00
6.524999999999999467e+00,2.580000000000000071e-01,1.131999999999999895e+00
6.515999999999999126e+00,2.590000000000001190e-01,1.483999999999999986e+00
6.510999999999999233e+00,2.620000000000000107e-01,1.360999999999999988e+00
6.504999999999999005e+00,2.660000000000000142e-01,1.014999999999999902e+00
6.513999999999999346e+00,2.620000000000000107e-01,1.168999999999999817e+00
6.530999999999998806e+00,2.540000000000000036e-01,1.340999999999999970e+00
6.504999999999999005e+00,2.630000000000001226e-01,1.522000000000000020e+00
6.524999999999999467e+00,2.570000000000001172e-01,1.217999999999999972e+00
6.526999999999999247e+00,2.560000000000000053e-01,1.184999999999999831e+00
6.540999999999999481e+00,2.510000000000001119e-01,1.266000000000000014e+00
6.518999999999999240e+00,2.590000000000001190e-01,1.286999999999999922e+00
6.523999999999999133e+00,2.560000000000000053e-01,1.579999999999999849e+00
6.500999999999999446e+00,2.660000000000000142e-01,1.311999999999999833e+00
6.522999999999999687e+00,2.580000000000000071e-01,1.307999999999999829e+00
6.530999999999998806e+00,2.550000000000001155e-01,1.276000000000000023e+00
6.499999999999999112e+00,2.670000000000001261e-01,1.238999999999999879e+00
6.529999999999999361e+00,2.560000000000000053e-01,1.129999999999999893e+00
6.511999999999998678e+00,2.620000000000000107e-01,1.125999999999999890e+00
6.508999999999999453e+00,2.620000000000000107e-01,1.379000000000000004e+00
6.500999999999999446e+00,2.650000000000001243e-01,1.478999999999999870e+00
6.502999999999999226e+00,2.660000000000000142e-01,1.173999999999999932e+00
6.510999999999999233e+00,2.620000000000000107e-01,1.381000000000000005e+00
6.499999999999999112e+00,2.660000000000000142e-01,1.316999999999999948e+00
6.506999999999999673e+00,2.640000000000000124e-01,1.098999999999999977e+00
6.515999999999999126e+00,2.600000000000000089e-01,1.223999999999999977e+00
6.509999999999999787e+00,2.630000000000001226e-01,1.252999999999999892e+00
6.526999999999999247e+00,2.550000000000001155e-01,1.514000000000000012e+00
6.498999999999998778e+00,2.670000000000001261e-01,1.202999999999999847e+00
6.506999999999999673e+00,2.640000000000000124e-01,1.297999999999999821e+00
6.507999999999999119e+00,2.640000000000000124e-01,1.164999999999999813e+00
6.497999999999999332e+00,2.660000000000000142e-01,1.436999999999999833e+00
6.498999999999998778e+00,2.650000000000001243e-01,1.557999999999999829e+00
6.505999999999999339e+00,2.640000000000000124e-01,1.268999999999999906e+00
6.538999999999999702e+00,2.520000000000000018e-01,1.103999999999999870e+00
6.548999999999999488e+00,2.479999999999999982e-01,1.199999999999999956e+00
6.542999999999999261e+00,2.479999999999999982e-01,1.064999999999999947e+00
6.368999999999999773e+00,4.290000000000000480e-01,1.213999999999999968e+00
6.381999999999999673e+00,4.239999999999999325e-01,1.074999999999999956e+00
6.383999999999999453e+00,4.219999999999999307e-01,1.198999999999999844e+00
6.369999999999999218e+00,4.290000000000000480e-01,1.127999999999999892e+00
6.380999999999999339e+00,4.239999999999999325e-01,1.127999999999999892e+00
6.377999999999999226e+00,4.259999999999999343e-01,1.073999999999999844e+00
6.365999999999999659e+00,4.310000000000000497e-01,1.014000000000000012e+00
6.369999999999999218e+00,4.290000000000000480e-01,1.133999999999999897e+00
6.397999999999999687e+00,4.150000000000000355e-01,1.254999999999999893e+00
6.390999999999999126e+00,4.190000000000000391e-01,1.227999999999999980e+00
6.393999999999999240e+00,4.179999999999999272e-01,1.171999999999999931e+00
6.375999999999999446e+00,4.259999999999999343e-01,1.215999999999999970e+00
6.388999999999999346e+00,4.190000000000000391e-01,1.298999999999999932e+00
6.396999999999999353e+00,4.159999999999999254e-01,1.226999999999999869e+00
6.382999999999999119e+00,4.210000000000000409e-01,1.318999999999999950e+00
6.374999999999999112e+00,4.259999999999999343e-01,1.116999999999999993e+00
6.365999999999999659e+00,4.310000000000000497e-01,1.040999999999999925e+00
6.368999999999999773e+00,4.290000000000000480e-01,1.121999999999999886e+00
6.383999999999999453e+00,4.210000000000000409e-01,1.332999999999999963e+00
6.368999999999999773e+00,4.279999999999999361e-01,1.321999999999999842e+00
6.370999999999998664e+00,4.259999999999999343e-01,1.431999999999999940e+00
6.397999999999999687e+00,4.130000000000000338e-01,1.446999999999999842e+00
6.386999999999998678e+00,4.190000000000000391e-01,1.436999999999999833e+00
6.378999999999999559e+00,4.210000000000000409e-01,1.609999999999999876e+00
6.388999999999999346e+00,4.179999999999999272e-01,1.456999999999999851e+00
6.373999999999998778e+00,4.250000000000000444e-01,1.412999999999999812e+00
6.393999999999999240e+00,4.159999999999999254e-01,1.367999999999999883e+00
6.380999999999999339e+00,4.190000000000000391e-01,1.651999999999999913e+00
6.387999999999999901e+00,4.179999999999999272e-01,1.409999999999999920e+00
6.392999999999998906e+00,4.170000000000000373e-01,1.312999999999999945e+00
6.370999999999998664e+00,4.250000000000000444e-01,1.542999999999999927e+00
6.390999999999999126e+00,4.179999999999999272e-01,1.310999999999999943e+00
6.378999999999999559e+00,4.230000000000000426e-01,1.385000000000000009e+00
6.385999999999999233e+00,4.179999999999999272e-01,1.542999999999999927e+00
6.397999999999999687e+00,4.150000000000000355e-01,1.278000000000000025e+00
6.393999999999999240e+00,4.139999999999999236e-01,1.623999999999999888e+00
6.390999999999999126e+00,4.159999999999999254e-01,1.563999999999999835e+00
6.365999999999999659e+00,4.270000000000000462e-01,1.580999999999999961e+00
6.366999999999999105e+00,4.350000000000000533e-01,4.659999999999999698e-01
6.388999999999999346e+00,4.210000000000000409e-01,1.014000000000000012e+00
6.392999999999998906e+00,4.190000000000000391e-01,9.969999999999999973e-01
6.398999999999999133e+00,4.159999999999999254e-01,1.133999999999999897e+00
6.389999999999998792e+00,4.210000000000000409e-01,9.500000000000000666e-01
6.368999999999999773e+00,4.310000000000000497e-01,8.860000000000000098e-01
6.398999999999999133e+00,4.159999999999999254e-01,1.153000000000000025e+00
6.444999999999999396e+00,3.560000000000000941e-01,1.779999999999999916e-01
6.477999999999999758e+00,3.220000000000000639e-01,1.360000000000000098e-01
6.500999999999999446e+00,3.029999999999999361e-01,1.239999999999999991e-01
6.420999999999999375e+00,3.729999999999999982e-01,1.730000000000000149e-01
6.423999999999999488e+00,3.680000000000001048e-01,1.539999999999999980e-01
6.493999999999999773e+00,3.129999999999999449e-01,1.480000000000000204e-01
6.419999999999999929e+00,3.830000000000000071e-01,2.190000000000000002e-01
6.361999999999999211e+00,4.330000000000000515e-01,2.530000000000000027e-01
6.401999999999999247e+00,3.870000000000000107e-01,1.690000000000000113e-01
6.422999999999999154e+00,3.709999999999999964e-01,1.690000000000000113e-01
6.375999999999999446e+00,4.119999999999999218e-01,1.940000000000000058e-01
6.376999999999998892e+00,4.099999999999999201e-01,1.880000000000000004e-01
6.377999999999999226e+00,4.070000000000000284e-01,1.769999999999999907e-01
6.427999999999999048e+00,3.850000000000000089e-01,2.660000000000000142e-01
6.401999999999999247e+00,3.830000000000000071e-01,1.490000000000000213e-01
6.502999999999999226e+00,2.989999999999999325e-01,1.150000000000000050e-01
6.317999999999999616e+00,4.499999999999999556e-01,1.670000000000000095e-01
6.370999999999998664e+00,4.219999999999999307e-01,2.330000000000000127e-01
6.437999999999998835e+00,3.689999999999999947e-01,2.169999999999999984e-01
6.398999999999999133e+00,3.880000000000001226e-01,1.620000000000000051e-01
6.494999999999999218e+00,3.129999999999999449e-01,1.529999999999999971e-01
6.405999999999998806e+00,3.979999999999999094e-01,2.459999999999999964e-01
6.477999999999999758e+00,3.320000000000000728e-01,2.190000000000000002e-01
6.539999999999999147e+00,2.620000000000000107e-01,1.580000000000000016e-01
6.494999999999999218e+00,3.120000000000000551e-01,2.109999999999999931e-01
5.899999999999927525e-02,2.899999999999991473e-02,7.130000000000000782e-01
4.399999999999870681e-02,1.600000000000001421e-02,2.910000000000000364e-01
3.599999999999958789e-02,9.000000000000119016e-03,3.719999999999999973e-01
6.099999999999994316e-02,3.000000000000002665e-02,6.700000000000000400e-01
4.299999999999926104e-02,1.500000000000012434e-02,3.579999999999999849e-01
2.899999999999991473e-02,1.000000000000111910e-03,8.360000000000000764e-01
5.699999999999860734e-02,2.800000000000002487e-02,5.320000000000000284e-01
6.299999999999883471e-02,3.200000000000002842e-02,5.160000000000000142e-01
3.099999999999880629e-02,4.000000000000003553e-03,4.419999999999999485e-01
4.699999999999882050e-02,1.700000000000012612e-02,8.210000000000000631e-01
5.699999999999860734e-02,2.800000000000002487e-02,3.539999999999999813e-01
2.899999999999991473e-02,1.000000000000111910e-03,7.750000000000000222e-01
2.899999999999991473e-02,1.000000000000111910e-03,6.119999999999999885e-01
5.499999999999971578e-02,2.499999999999991118e-02,5.950000000000000844e-01
4.599999999999937472e-02,1.700000000000012612e-02,5.860000000000000764e-01
3.799999999999847944e-02,9.000000000000119016e-03,8.519999999999999796e-01
5.299999999999904787e-02,2.400000000000002132e-02,3.599999999999999867e-01
5.899999999999927525e-02,2.800000000000002487e-02,6.800000000000000488e-01
3.999999999999914735e-02,1.100000000000012079e-02,8.529999999999999805e-01
3.599999999999958789e-02,9.000000000000119016e-03,3.970000000000000195e-01
5.799999999999982947e-02,2.699999999999991296e-02,8.619999999999999885e-01
2.999999999999936051e-02,2.000000000000001776e-03,4.919999999999999929e-01
2.999999999999936051e-02,2.000000000000001776e-03,5.610000000000000542e-01
5.799999999999982947e-02,2.699999999999991296e-02,8.150000000000000577e-01
4.599999999999937472e-02,1.600000000000001421e-02,6.740000000000000435e-01
5.499999999999971578e-02,2.400000000000002132e-02,8.980000000000000204e-01
3.599999999999958789e-02,8.000000000000007105e-03,5.200000000000000178e-01
5.499999999999971578e-02,2.600000000000002309e-02,4.799999999999999822e-01
5.499999999999971578e-02,2.499999999999991118e-02,5.660000000000000586e-01
4.099999999999859313e-02,1.200000000000001066e-02,6.610000000000000320e-01
4.499999999999992895e-02,1.600000000000001421e-02,6.660000000000000364e-01
2.699999999999924682e-02,1.000000000000111910e-03,2.860000000000000320e-01
3.899999999999970157e-02,1.100000000000012079e-02,5.610000000000000542e-01
3.999999999999914735e-02,1.200000000000001066e-02,4.489999999999999547e-01
5.299999999999904787e-02,2.200000000000001954e-02,9.300000000000000488e-01
3.500000000000014211e-02,6.000000000000005329e-03,8.479999999999999760e-01
5.599999999999916156e-02,2.600000000000002309e-02,5.860000000000000764e-01
2.599999999999980105e-02,0.000000000000000000e+00,3.100000000000000533e-01
3.500000000000014211e-02,6.000000000000005329e-03,8.410000000000000808e-01
5.100000000000015632e-02,2.000000000000001776e-02,8.930000000000000160e-01
5.100000000000015632e-02,2.200000000000001954e-02,3.709999999999999964e-01
6.299999999999883471e-02,3.299999999999991829e-02,3.449999999999999734e-01
3.399999999999891998e-02,5.000000000000115463e-03,7.980000000000000426e-01
3.299999999999947420e-02,6.000000000000005329e-03,3.349999999999999645e-01
3.799999999999847944e-02,9.000000000000119016e-03,6.490000000000000213e-01
5.199999999999960210e-02,2.100000000000012967e-02,8.300000000000000711e-01
5.799999999999982947e-02,2.800000000000002487e-02,4.579999999999999627e-01
3.699999999999903366e-02,1.000000000000000888e-02,4.000000000000000222e-01
4.299999999999926104e-02,1.400000000000001243e-02,7.000000000000000666e-01
5.499999999999971578e-02,2.499999999999991118e-02,5.280000000000000249e-01
4.499999999999992895e-02,1.600000000000001421e-02,6.270000000000000018e-01
4.499999999999992895e-02,1.700000000000012612e-02,5.070000000000000062e-01
3.699999999999903366e-02,7.000000000000117240e-03,8.649999999999999911e-01
4.699999999999882050e-02,1.700000000000012612e-02,7.279999999999999805e-01
4.199999999999981526e-02,1.300000000000012257e-02,5.010000000000000009e-01
5.699999999999860734e-02,2.699999999999991296e-02,7.530000000000000027e-01
5.100000000000015632e-02,2.000000000000001776e-02,8.940000000000000169e-01
3.200000000000002842e-02,5.000000000000115463e-03,4.439999999999999503e-01
2.999999999999936051e-02,2.000000000000001776e-03,8.130000000000000560e-01
4.999999999999893419e-02,2.100000000000012967e-02,2.910000000000000364e-01
4.099999999999859313e-02,1.200000000000001066e-02,6.320000000000000062e-01
4.299999999999926104e-02,1.300000000000012257e-02,7.710000000000000187e-01
3.099999999999880629e-02,3.000000000000113687e-03,6.229999999999999982e-01
5.299999999999904787e-02,2.200000000000001954e-02,8.960000000000000187e-01
4.599999999999937472e-02,1.600000000000001421e-02,7.650000000000000133e-01
5.799999999999982947e-02,2.699999999999991296e-02,6.760000000000000453e-01
4.699999999999882050e-02,1.800000000000001599e-02,6.199999999999999956e-01
2.599999999999980105e-02,0.000000000000000000e+00,3.120000000000000551e-01
2.899999999999991473e-02,1.000000000000111910e-03,6.270000000000000018e-01
3.799999999999847944e-02,8.000000000000007105e-03,7.750000000000000222e-01
3.399999999999891998e-02,7.000000000000117240e-03,4.340000000000000524e-01
2.699999999999924682e-02,1.000000000000111910e-03,4.270000000000000462e-01
3.999999999999914735e-02,1.200000000000001066e-02,5.350000000000000311e-01
3.099999999999880629e-02,3.000000000000113687e-03,7.389999999999999902e-01
6.099999999999994316e-02,3.000000000000002665e-02,7.100000000000000755e-01
4.399999999999870681e-02,1.500000000000012434e-02,4.709999999999999742e-01
3.699999999999903366e-02,9.000000000000119016e-03,4.559999999999999609e-01
4.199999999999981526e-02,1.300000000000012257e-02,6.880000000000000560e-01
4.199999999999981526e-02,1.300000000000012257e-02,6.760000000000000453e-01
6.199999999999938893e-02,3.200000000000002842e-02,5.080000000000000071e-01
4.199999999999981526e-02,1.400000000000001243e-02,4.010000000000000231e-01
5.299999999999904787e-02,2.200000000000001954e-02,8.350000000000000755e-01
4.399999999999870681e-02,1.500000000000012434e-02,3.940000000000000169e-01
4.599999999999937472e-02,1.800000000000001599e-02,4.439999999999999503e-01
4.499999999999992895e-02,1.500000000000012434e-02,8.960000000000000187e-01
3.799999999999847944e-02,1.000000000000000888e-02,3.850000000000000089e-01
2.899999999999991473e-02,2.000000000000001776e-03,3.229999999999999538e-01
2.899999999999991473e-02,1.000000000000111910e-03,6.590000000000000302e-01
5.299999999999904787e-02,2.499999999999991118e-02,3.579999999999999849e-01
5.799999999999982947e-02,2.699999999999991296e-02,8.140000000000000568e-01
5.499999999999971578e-02,2.699999999999991296e-02,2.740000000000000213e-01
3.599999999999958789e-02,7.000000000000117240e-03,6.540000000000000258e-01
4.099999999999859313e-02,1.300000000000012257e-02,5.680000000000000604e-01
3.999999999999914735e-02,1.100000000000012079e-02,7.640000000000000124e-01
3.999999999999914735e-02,1.100000000000012079e-02,8.760000000000000009e-01
3.999999999999914735e-02,1.200000000000001066e-02,5.969999999999999751e-01
4.099999999999859313e-02,1.400000000000001243e-02,2.560000000000000053e-01
3.599999999999958789e-02,8.000000000000007105e-03,4.240000000000000435e-01
3.799999999999847944e-02,9.000000000000119016e-03,6.780000000000000471e-01
4.199999999999981526e-02,1.200000000000001066e-02,8.170000000000000595e-01
5.699999999999860734e-02,2.800000000000002487e-02,5.550000000000000488e-01
5.499999999999971578e-02,2.499999999999991118e-02,5.520000000000000462e-01
6.199999999999938893e-02,3.099999999999991651e-02,6.109999999999999876e-01
5.899999999999927525e-02,3.000000000000002665e-02,4.140000000000000346e-01
4.299999999999926104e-02,1.500000000000012434e-02,3.850000000000000089e-01
6.199999999999938893e-02,3.200000000000002842e-02,3.459999999999999742e-01
4.499999999999992895e-02,1.700000000000012612e-02,4.829999999999999849e-01
5.799999999999982947e-02,2.800000000000002487e-02,6.560000000000000275e-01
4.599999999999937472e-02,1.600000000000001421e-02,8.549999999999999822e-01
4.199999999999981526e-02,1.300000000000012257e-02,6.280000000000000027e-01
5.699999999999860734e-02,2.600000000000002309e-02,8.440000000000000835e-01
5.599999999999916156e-02,2.699999999999991296e-02,2.830000000000000293e-01
3.699999999999903366e-02,9.000000000000119016e-03,6.560000000000000275e-01
5.799999999999982947e-02,2.699999999999991296e-02,7.890000000000000346e-01
4.999999999999893419e-02,2.200000000000001954e-02,2.720000000000000195e-01
3.999999999999914735e-02,1.100000000000012079e-02,7.680000000000000160e-01
4.800000000000004263e-02,2.000000000000001776e-02,2.830000000000000293e-01
2.799999999999869260e-02,0.000000000000000000e+00,6.590000000000000302e-01
4.199999999999981526e-02,1.300000000000012257e-02,7.510000000000000009e-01
5.299999999999904787e-02,2.200000000000001954e-02,9.160000000000000364e-01
4.699999999999882050e-02,1.800000000000001599e-02,5.390000000000000346e-01
6.299999999999883471e-02,3.299999999999991829e-02,5.020000000000000018e-01
3.399999999999891998e-02,6.000000000000005329e-03,5.080000000000000071e-01
5.699999999999860734e-02,2.699999999999991296e-02,5.930000000000000826e-01
5.199999999999960210e-02,2.200000000000001954e-02,7.550000000000000044e-01
5.999999999999872102e-02,2.899999999999991473e-02,6.350000000000000089e-01
5.599999999999916156e-02,2.699999999999991296e-02,3.709999999999999964e-01
5.799999999999982947e-02,2.800000000000002487e-02,6.129999999999999893e-01
4.099999999999859313e-02,1.100000000000012079e-02,7.479999999999999982e-01
2.799999999999869260e-02,1.000000000000111910e-03,3.890000000000000124e-01
3.899999999999970157e-02,1.000000000000000888e-02,7.990000000000000435e-01
6.099999999999994316e-02,3.099999999999991651e-02,6.310000000000000053e-01
4.999999999999893419e-02,2.000000000000001776e-02,7.349999999999999867e-01
5.499999999999971578e-02,2.400000000000002132e-02,9.110000000000000320e-01
4.299999999999926104e-02,1.300000000000012257e-02,8.080000000000000515e-01
5.299999999999904787e-02,2.400000000000002132e-02,4.769999999999999796e-01
3.999999999999914735e-02,1.200000000000001066e-02,3.369999999999999662e-01
3.500000000000014211e-02,6.000000000000005329e-03,7.960000000000000409e-01
5.999999999999872102e-02,2.899999999999991473e-02,7.070000000000000728e-01
5.499999999999971578e-02,2.400000000000002132e-02,8.850000000000000089e-01
2.899999999999991473e-02,1.000000000000111910e-03,7.090000000000000746e-01
5.199999999999960210e-02,2.100000000000012967e-02,8.850000000000000089e-01
4.599999999999937472e-02,1.800000000000001599e-02,4.100000000000000311e-01
4.399999999999870681e-02,1.600000000000001421e-02,3.790000000000000036e-01
5.299999999999904787e-02,2.200000000000001954e-02,8.649999999999999911e-01
5.499999999999971578e-02,2.600000000000002309e-02,4.250000000000000444e-01
2.999999999999936051e-02,2.000000000000001776e-03,7.459999999999999964e-01
5.199999999999960210e-02,2.299999999999990941e-02,4.459999999999999520e-01
3.099999999999880629e-02,4.000000000000003553e-03,4.210000000000000409e-01
3.099999999999880629e-02,3.000000000000113687e-03,5.710000000000000631e-01
3.399999999999891998e-02,6.000000000000005329e-03,6.029999999999999805e-01
6.199999999999938893e-02,3.099999999999991651e-02,6.450000000000000178e-01
2.799999999999869260e-02,2.000000000000001776e-03,4.140000000000000346e-01
3.200000000000002842e-02,4.000000000000003553e-03,8.400000000000000799e-01
4.499999999999992895e-02,1.700000000000012612e-02,5.580000000000000515e-01
6.299999999999883471e-02,3.299999999999991829e-02,3.699999999999999956e-01
6.299999999999883471e-02,3.299999999999991829e-02,4.559999999999999609e-01
4.399999999999870681e-02,1.600000000000001421e-02,3.679999999999999938e-01
2.799999999999869260e-02,1.000000000000111910e-03,4.869999999999999885e-01
3.099999999999880629e-02,3.000000000000113687e-03,5.770000000000000684e-01
4.299999999999926104e-02,1.500000000000012434e-02,4.300000000000000488e-01
4.899999999999948841e-02,1.900000000000012790e-02,7.130000000000000782e-01
3.699999999999903366e-02,9.000000000000119016e-03,4.449999999999999512e-01
5.899999999999927525e-02,3.000000000000002665e-02,4.390000000000000568e-01
3.500000000000014211e-02,7.000000000000117240e-03,5.520000000000000462e-01
3.899999999999970157e-02,1.000000000000000888e-02,6.470000000000000195e-01
5.999999999999872102e-02,3.000000000000002665e-02,6.139999999999999902e-01
3.699999999999903366e-02,8.000000000000007105e-03,8.150000000000000577e-01
3.099999999999880629e-02,3.000000000000113687e-03,7.790000000000000258e-01
5.799999999999982947e-02,2.899999999999991473e-02,4.839999999999999858e-01
5.299999999999904787e-02,2.400000000000002132e-02,6.420000000000000151e-01
4.999999999999893419e-02,2.100000000000012967e-02,4.969999999999999973e-01
5.699999999999860734e-02,2.800000000000002487e-02,3.820000000000000062e-01
2.699999999999924682e-02,0.000000000000000000e+00,3.169999999999999485e-01
5.100000000000015632e-02,2.200000000000001954e-02,4.559999999999999609e-01
4.099999999999859313e-02,1.300000000000012257e-02,5.180000000000000160e-01
5.499999999999971578e-02,2.600000000000002309e-02,4.310000000000000497e-01
6.299999999999883471e-02,3.299999999999991829e-02,4.989999999999999991e-01
4.699999999999882050e-02,1.700000000000012612e-02,8.300000000000000711e-01
5.799999999999982947e-02,2.800000000000002487e-02,6.330000000000000071e-01
4.499999999999992895e-02,1.500000000000012434e-02,7.870000000000000329e-01
3.299999999999947420e-02,6.000000000000005329e-03,4.110000000000000320e-01
3.200000000000002842e-02,5.000000000000115463e-03,5.560000000000000497e-01
4.800000000000004263e-02,1.900000000000012790e-02,5.969999999999999751e-01
3.599999999999958789e-02,8.000000000000007105e-03,4.859999999999999876e-01
5.399999999999849365e-02,2.499999999999991118e-02,5.410000000000000364e-01
4.099999999999859313e-02,1.200000000000001066e-02,6.119999999999999885e-01
6.299999999999883471e-02,3.299999999999991829e-02,4.429999999999999494e-01
3.399999999999891998e-02,5.000000000000115463e-03,8.519999999999999796e-01
2.999999999999936051e-02,3.000000000000113687e-03,4.699999999999999734e-01
3.200000000000002842e-02,5.000000000000115463e-03,3.980000000000000204e-01
5.299999999999904787e-02,2.299999999999990941e-02,7.540000000000000036e-01
4.399999999999870681e-02,1.400000000000001243e-02,7.399999999999999911e-01
2.999999999999936051e-02,3.000000000000113687e-03,5.100000000000000089e-01
5.499999999999971578e-02,2.499999999999991118e-02,6.790000000000000480e-01
5.499999999999971578e-02,2.400000000000002132e-02,8.669999999999999929e-01
3.200000000000002842e-02,3.000000000000113687e-03,7.830000000000000293e-01
2.699999999999924682e-02,0.000000000000000000e+00,4.759999999999999787e-01
2.999999999999936051e-02,3.000000000000113687e-03,4.250000000000000444e-01
5.499999999999971578e-02,2.600000000000002309e-02,5.510000000000000453e-01
4.099999999999859313e-02,1.200000000000001066e-02,7.990000000000000435e-01
4.099999999999859313e-02,1.200000000000001066e-02,6.720000000000000417e-01
2.799999999999869260e-02,1.000000000000111910e-03,4.459999999999999520e-01
5.899999999999927525e-02,2.899999999999991473e-02,5.770000000000000684e-01
2.999999999999936051e-02,2.000000000000001776e-03,6.710000000000000409e-01
3.500000000000014211e-02,8.000000000000007105e-03,5.140000000000000124e-01
6.299999999999883471e-02,3.299999999999991829e-02,4.769999999999999796e-01
4.199999999999981526e-02,1.200000000000001066e-02,7.930000000000000382e-01
2.999999999999936051e-02,3.000000000000113687e-03,3.060000000000000497e-01
3.200000000000002842e-02,5.000000000000115463e-03,4.629999999999999671e-01
4.999999999999893419e-02,2.100000000000012967e-02,4.679999999999999716e-01
3.299999999999947420e-02,5.000000000000115463e-03,7.650000000000000133e-01
2.699999999999924682e-02,0.000000000000000000e+00,4.529999999999999583e-01
3.899999999999970157e-02,1.100000000000012079e-02,5.160000000000000142e-01
3.899999999999970157e-02,1.100000000000012079e-02,4.959999999999999964e-01
4.999999999999893419e-02,2.000000000000001776e-02,6.290000000000000036e-01
3.200000000000002842e-02,5.000000000000115463e-03,4.979999999999999982e-01
5.499999999999971578e-02,2.499999999999991118e-02,7.670000000000000151e-01
4.999999999999893419e-02,2.000000000000001776e-02,6.620000000000000329e-01
4.599999999999937472e-02,1.700000000000012612e-02,4.230000000000000426e-01
4.199999999999981526e-02,1.400000000000001243e-02,2.850000000000000311e-01
5.299999999999904787e-02,2.400000000000002132e-02,4.689999999999999725e-01
5.799999999999982947e-02,2.699999999999991296e-02,7.090000000000000746e-01
4.099999999999859313e-02,1.300000000000012257e-02,3.920000000000000151e-01
5.599999999999916156e-02,2.499999999999991118e-02,9.200000000000000400e-01
4.199999999999981526e-02,1.300000000000012257e-02,6.560000000000000275e-01
5.899999999999927525e-02,2.899999999999991473e-02,5.110000000000000098e-01
3.299999999999947420e-02,4.000000000000003553e-03,7.389999999999999902e-01
4.499999999999992895e-02,1.600000000000001421e-02,6.910000000000000586e-01
5.100000000000015632e-02,2.200000000000001954e-02,6.199999999999999956e-01
4.800000000000004263e-02,1.900000000000012790e-02,4.270000000000000462e-01
5.699999999999860734e-02,2.600000000000002309e-02,7.700000000000000178e-01
3.200000000000002842e-02,3.000000000000113687e-03,7.790000000000000258e-01
5.799999999999982947e-02,2.699999999999991296e-02,7.170000000000000817e-01
4.800000000000004263e-02,1.800000000000001599e-02,7.890000000000000346e-01
6.099999999999994316e-02,3.099999999999991651e-02,3.780000000000000027e-01
2.699999999999924682e-02,1.000000000000111910e-03,4.240000000000000435e-01
4.599999999999937472e-02,1.700000000000012612e-02,7.269999999999999796e-01
4.299999999999926104e-02,1.500000000000012434e-02,5.500000000000000444e-01
3.999999999999914735e-02,1.200000000000001066e-02,4.320000000000000506e-01
4.499999999999992895e-02,1.500000000000012434e-02,6.810000000000000497e-01
5.399999999999849365e-02,2.299999999999990941e-02,9.350000000000000533e-01
2.799999999999869260e-02,0.000000000000000000e+00,7.279999999999999805e-01
4.099999999999859313e-02,1.200000000000001066e-02,6.690000000000000391e-01
5.399999999999849365e-02,2.299999999999990941e-02,8.489999999999999769e-01
5.799999999999982947e-02,2.800000000000002487e-02,5.780000000000000693e-01
4.699999999999882050e-02,1.700000000000012612e-02,6.250000000000000000e-01
5.999999999999872102e-02,2.899999999999991473e-02,7.419999999999999929e-01
2.699999999999924682e-02,0.000000000000000000e+00,4.509999999999999565e-01
4.499999999999992895e-02,1.600000000000001421e-02,5.240000000000000213e-01
5.199999999999960210e-02,2.100000000000012967e-02,9.220000000000000417e-01
4.099999999999859313e-02,1.200000000000001066e-02,6.189999999999999947e-01
4.599999999999937472e-02,1.600000000000001421e-02,6.390000000000000124e-01
5.299999999999904787e-02,2.200000000000001954e-02,8.410000000000000808e-01
3.099999999999880629e-02,3.000000000000113687e-03,6.970000000000000639e-01
6.099999999999994316e-02,3.099999999999991651e-02,6.610000000000000320e-01
2.199999999999846523e-02,8.000000000000007105e-03,2.320999999999999730e+00
4.800000000000004263e-02,2.899999999999991473e-02,2.265000000000000124e+00
4.800000000000004263e-02,3.000000000000002665e-02,2.339999999999999858e+00
4.899999999999948841e-02,3.000000000000002665e-02,2.266000000000000014e+00
5.599999999999916156e-02,3.600000000000003197e-02,2.290999999999999925e+00
3.799999999999847944e-02,2.100000000000012967e-02,2.290999999999999925e+00
4.999999999999893419e-02,3.099999999999991651e-02,2.274999999999999911e+00
2.899999999999991473e-02,1.300000000000012257e-02,2.343999999999999861e+00
1.799999999999890576e-02,5.000000000000115463e-03,2.316999999999999726e+00
4.999999999999893419e-02,3.099999999999991651e-02,2.270000000000000018e+00
5.499999999999971578e-02,3.600000000000003197e-02,2.277000000000000135e+00
5.799999999999982947e-02,3.800000000000003375e-02,2.253000000000000114e+00
5.599999999999916156e-02,3.600000000000003197e-02,2.258000000000000007e+00
5.799999999999982947e-02,3.800000000000003375e-02,2.233999999999999986e+00
4.999999999999893419e-02,3.099999999999991651e-02,2.247999999999999776e+00
4.199999999999981526e-02,2.400000000000002132e-02,2.284999999999999698e+00
4.399999999999870681e-02,2.600000000000002309e-02,2.339999999999999858e+00
5.399999999999849365e-02,3.499999999999992006e-02,2.338000000000000078e+00
1.799999999999890576e-02,4.000000000000003553e-03,2.326000000000000068e+00
2.799999999999869260e-02,1.300000000000012257e-02,2.322999999999999954e+00
4.399999999999870681e-02,2.600000000000002309e-02,2.277000000000000135e+00
5.699999999999860734e-02,3.699999999999992184e-02,2.310000000000000053e+00
4.699999999999882050e-02,2.899999999999991473e-02,2.323999999999999844e+00
4.999999999999893419e-02,3.099999999999991651e-02,2.281000000000000139e+00
5.199999999999960210e-02,3.299999999999991829e-02,2.294000000000000039e+00
4.399999999999870681e-02,2.600000000000002309e-02,2.328999999999999737e+00
5.299999999999904787e-02,3.400000000000003020e-02,2.282000000000000028e+00
5.299999999999904787e-02,3.400000000000003020e-02,2.290999999999999925e+00
1.999999999999957367e-02,6.000000000000005329e-03,2.330999999999999961e+00
4.999999999999893419e-02,3.099999999999991651e-02,2.335999999999999854e+00
5.699999999999860734e-02,3.699999999999992184e-02,2.223999999999999755e+00
2.499999999999857891e-02,1.000000000000000888e-02,2.314999999999999947e+00
4.399999999999870681e-02,1.600000000000001421e-02,9.350000000000000533e-01
3.399999999999891998e-02,7.000000000000117240e-03,9.180000000000000382e-01
3.999999999999914735e-02,1.100000000000012079e-02,9.010000000000000231e-01
2.699999999999924682e-02,1.000000000000111910e-03,9.000000000000000222e-01
3.699999999999903366e-02,9.000000000000119016e-03,9.040000000000000258e-01
4.899999999999948841e-02,1.900000000000012790e-02,9.280000000000000471e-01
2.999999999999936051e-02,1.000000000000111910e-03,8.440000000000000835e-01
3.799999999999847944e-02,9.000000000000119016e-03,8.840000000000000080e-01
4.299999999999926104e-02,1.400000000000001243e-02,9.210000000000000409e-01
4.099999999999859313e-02,1.200000000000001066e-02,8.980000000000000204e-01
2.799999999999869260e-02,0.000000000000000000e+00,8.400000000000000799e-01
3.399999999999891998e-02,7.000000000000117240e-03,9.100000000000000311e-01
2.599999999999980105e-02,1.000000000000111910e-03,9.150000000000000355e-01
4.199999999999981526e-02,1.300000000000012257e-02,9.180000000000000382e-01
3.299999999999947420e-02,4.000000000000003553e-03,8.599999999999999867e-01
2.799999999999869260e-02,3.000000000000113687e-03,9.280000000000000471e-01
2.699999999999924682e-02,1.000000000000111910e-03,8.709999999999999964e-01
3.899999999999970157e-02,1.100000000000012079e-02,9.110000000000000320e-01
3.799999999999847944e-02,1.000000000000000888e-02,9.090000000000000302e-01
3.500000000000014211e-02,7.000000000000117240e-03,8.790000000000000036e-01
2.799999999999869260e-02,1.000000000000111910e-03,8.780000000000000027e-01
5.399999999999849365e-02,3.000000000000002665e-02,1.651000000000000023e+00
3.200000000000002842e-02,9.000000000000119016e-03,1.158999999999999808e+00
2.999999999999936051e-02,1.100000000000012079e-02,1.568999999999999950e+00
3.399999999999891998e-02,1.400000000000001243e-02,1.625999999999999890e+00
3.099999999999880629e-02,1.000000000000000888e-02,1.377000000000000002e+00
2.099999999999901945e-02,7.000000000000117240e-03,1.887999999999999901e+00
2.699999999999924682e-02,6.000000000000005329e-03,1.280999999999999917e+00
2.899999999999991473e-02,7.000000000000117240e-03,1.302999999999999936e+00
3.299999999999947420e-02,1.100000000000012079e-02,1.338999999999999968e+00
2.899999999999991473e-02,1.000000000000000888e-02,1.533999999999999808e+00
4.499999999999992895e-02,2.699999999999991296e-02,2.054999999999999716e+00
3.699999999999903366e-02,1.500000000000012434e-02,1.459999999999999964e+00
3.799999999999847944e-02,2.100000000000012967e-02,1.959999999999999964e+00
2.299999999999968736e-02,1.100000000000012079e-02,2.096999999999999975e+00
5.499999999999971578e-02,2.699999999999991296e-02,1.209999999999999964e+00
2.099999999999901945e-02,5.000000000000115463e-03,1.675999999999999934e+00
3.200000000000002842e-02,1.500000000000012434e-02,1.822999999999999954e+00
1.799999999999890576e-02,7.000000000000117240e-03,2.077999999999999847e+00
3.799999999999847944e-02,1.400000000000001243e-02,1.326999999999999957e+00
4.099999999999859313e-02,1.700000000000012612e-02,1.344999999999999973e+00
2.599999999999980105e-02,1.200000000000001066e-02,1.966999999999999860e+00
4.299999999999926104e-02,1.700000000000012612e-02,1.214999999999999858e+00
1.600000000000001421e-02,1.000000000000111910e-03,1.635000000000000009e+00
5.199999999999960210e-02,3.000000000000002665e-02,1.842999999999999972e+00
3.099999999999880629e-02,1.100000000000012079e-02,1.558999999999999941e+00
5.599999999999916156e-02,3.299999999999991829e-02,1.852999999999999980e+00
4.800000000000004263e-02,2.499999999999991118e-02,1.586999999999999966e+00
2.299999999999968736e-02,9.000000000000119016e-03,1.926999999999999824e+00
2.399999999999913314e-02,1.200000000000001066e-02,2.120999999999999996e+00
4.699999999999882050e-02,2.000000000000001776e-02,1.171999999999999931e+00
3.899999999999970157e-02,1.300000000000012257e-02,1.091999999999999860e+00
3.399999999999891998e-02,1.100000000000012079e-02,1.286999999999999922e+00
5.299999999999904787e-02,3.200000000000002842e-02,1.985999999999999988e+00
5.100000000000015632e-02,2.800000000000002487e-02,1.653000000000000025e+00
5.399999999999849365e-02,3.000000000000002665e-02,1.687999999999999945e+00
2.599999999999980105e-02,6.000000000000005329e-03,1.391999999999999904e+00
2.699999999999924682e-02,1.100000000000012079e-02,1.833999999999999853e+00
4.999999999999893419e-02,3.099999999999991651e-02,2.104999999999999982e+00
2.799999999999869260e-02,1.000000000000000888e-02,1.635999999999999899e+00
5.399999999999849365e-02,2.899999999999991473e-02,1.615999999999999881e+00
2.299999999999968736e-02,1.000000000000000888e-02,2.125000000000000000e+00
2.599999999999980105e-02,8.000000000000007105e-03,1.601999999999999869e+00
2.599999999999980105e-02,7.000000000000117240e-03,1.516000000000000014e+00
3.699999999999903366e-02,1.500000000000012434e-02,1.421999999999999931e+00
4.099999999999859313e-02,1.500000000000012434e-02,1.137999999999999901e+00
5.499999999999971578e-02,3.499999999999992006e-02,2.092999999999999972e+00
1.299999999999990052e-02,1.000000000000111910e-03,1.868999999999999995e+00
4.299999999999926104e-02,2.299999999999990941e-02,1.851999999999999869e+00
1.900000000000012790e-02,5.000000000000115463e-03,1.776999999999999913e+00
3.699999999999903366e-02,1.900000000000012790e-02,1.877000000000000002e+00
1.799999999999890576e-02,2.000000000000001776e-03,1.561999999999999833e+00
4.699999999999882050e-02,2.800000000000002487e-02,1.982999999999999874e+00
4.899999999999948841e-02,2.400000000000002132e-02,1.451999999999999957e+00
3.899999999999970157e-02,2.299999999999990941e-02,2.142999999999999794e+00
1.299999999999990052e-02,3.000000000000113687e-03,2.092000000000000082e+00
2.599999999999980105e-02,5.000000000000115463e-03,1.274999999999999911e+00
5.399999999999849365e-02,3.000000000000002665e-02,1.621999999999999886e+00
1.699999999999945999e-02,5.000000000000115463e-03,2.006000000000000227e+00
3.699999999999903366e-02,1.600000000000001421e-02,1.556999999999999940e+00
1.699999999999945999e-02,5.000000000000115463e-03,2.004000000000000004e+00
5.299999999999904787e-02,3.200000000000002842e-02,1.919999999999999929e+00
4.199999999999981526e-02,2.499999999999991118e-02,2.106999999999999762e+00
5.599999999999916156e-02,3.400000000000003020e-02,1.934999999999999831e+00
5.499999999999971578e-02,3.600000000000003197e-02,2.166999999999999815e+00
2.099999999999901945e-02,8.000000000000007105e-03,2.068999999999999950e+00
4.299999999999926104e-02,2.400000000000002132e-02,1.933999999999999941e+00
4.299999999999926104e-02,1.700000000000012612e-02,1.173999999999999932e+00
4.800000000000004263e-02,2.000000000000001776e-02,1.065999999999999837e+00
5.399999999999849365e-02,3.499999999999992006e-02,2.177999999999999936e+00
5.299999999999904787e-02,3.200000000000002842e-02,2.022000000000000242e+00
4.199999999999981526e-02,2.100000000000012967e-02,1.726999999999999869e+00
3.699999999999903366e-02,2.100000000000012967e-02,2.134999999999999787e+00
3.699999999999903366e-02,2.000000000000001776e-02,2.061999999999999833e+00
3.099999999999880629e-02,1.200000000000001066e-02,1.562999999999999945e+00
1.900000000000012790e-02,0.000000000000000000e+00,1.351999999999999869e+00
2.899999999999991473e-02,1.300000000000012257e-02,1.803999999999999826e+00
4.599999999999937472e-02,2.499999999999991118e-02,1.819999999999999840e+00
5.100000000000015632e-02,2.699999999999991296e-02,1.595999999999999863e+00
2.599999999999980105e-02,1.300000000000012257e-02,2.153999999999999915e+00
2.999999999999936051e-02,1.200000000000001066e-02,1.661999999999999922e+00
3.099999999999880629e-02,9.000000000000119016e-03,1.230999999999999872e+00
1.799999999999890576e-02,6.000000000000005329e-03,1.937999999999999945e+00
2.299999999999968736e-02,1.000000000000000888e-02,2.031000000000000139e+00
4.999999999999893419e-02,2.299999999999990941e-02,1.296999999999999931e+00
1.399999999999934630e-02,5.000000000000115463e-03,2.193000000000000060e+00
2.199999999999846523e-02,5.000000000000115463e-03,1.575999999999999845e+00
2.399999999999913314e-02,9.000000000000119016e-03,1.911999999999999922e+00
4.999999999999893419e-02,2.100000000000012967e-02,1.016999999999999904e+00
4.999999999999893419e-02,2.499999999999991118e-02,1.454999999999999849e+00
3.099999999999880629e-02,1.200000000000001066e-02,1.631999999999999895e+00
5.399999999999849365e-02,2.699999999999991296e-02,1.411999999999999922e+00
1.900000000000012790e-02,3.000000000000113687e-03,1.588999999999999968e+00
5.499999999999971578e-02,2.899999999999991473e-02,1.500000000000000000e+00
8.999999999998564704e-03,0.000000000000000000e+00,2.157000000000000028e+00
3.799999999999847944e-02,1.300000000000012257e-02,1.201999999999999957e+00
5.199999999999960210e-02,3.000000000000002665e-02,1.891999999999999904e+00
4.399999999999870681e-02,2.600000000000002309e-02,2.124000000000000110e+00
2.899999999999991473e-02,7.000000000000117240e-03,1.254000000000000004e+00
4.800000000000004263e-02,2.499999999999991118e-02,1.691999999999999948e+00
4.599999999999937472e-02,1.800000000000001599e-02,1.034999999999999920e+00
4.999999999999893419e-02,2.899999999999991473e-02,1.962999999999999856e+00
4.399999999999870681e-02,2.400000000000002132e-02,1.822999999999999954e+00
4.199999999999981526e-02,2.200000000000001954e-02,1.796999999999999931e+00
4.999999999999893419e-02,2.899999999999991473e-02,1.924999999999999822e+00
4.800000000000004263e-02,1.900000000000012790e-02,1.026999999999999913e+00
5.499999999999971578e-02,2.499999999999991118e-02,1.067999999999999838e+00
1.999999999999957367e-02,9.000000000000119016e-03,2.186999999999999833e+00
4.999999999999893419e-02,2.699999999999991296e-02,1.633000000000000007e+00
4.999999999999893419e-02,2.499999999999991118e-02,1.470999999999999863e+00
5.699999999999860734e-02,3.600000000000003197e-02,2.062999999999999723e+00
2.799999999999869260e-02,1.500000000000012434e-02,2.181000000000000050e+00
4.199999999999981526e-02,2.200000000000001954e-02,1.800999999999999934e+00
2.499999999999857891e-02,1.200000000000001066e-02,2.108000000000000096e+00
3.599999999999958789e-02,2.000000000000001776e-02,2.088000000000000078e+00
5.299999999999904787e-02,2.400000000000002132e-02,1.186999999999999833e+00
3.699999999999903366e-02,1.700000000000012612e-02,1.649000000000000021e+00
4.099999999999859313e-02,1.500000000000012434e-02,1.172999999999999821e+00
4.999999999999893419e-02,2.400000000000002132e-02,1.346999999999999975e+00
5.399999999999849365e-02,2.699999999999991296e-02,1.328999999999999959e+00
4.399999999999870681e-02,2.000000000000001776e-02,1.377000000000000002e+00
3.399999999999891998e-02,1.900000000000012790e-02,2.133999999999999897e+00
5.299999999999904787e-02,2.400000000000002132e-02,1.141999999999999904e+00
5.599999999999916156e-02,2.600000000000002309e-02,1.164999999999999813e+00
5.199999999999960210e-02,2.600000000000002309e-02,1.383000000000000007e+00
3.200000000000002842e-02,1.700000000000012612e-02,2.050999999999999712e+00
1.600000000000001421e-02,3.000000000000113687e-03,1.851999999999999869e+00
4.099999999999859313e-02,1.600000000000001421e-02,1.212999999999999856e+00
4.399999999999870681e-02,2.400000000000002132e-02,1.875000000000000000e+00
2.399999999999913314e-02,5.000000000000115463e-03,1.420999999999999819e+00
5.499999999999971578e-02,3.299999999999991829e-02,1.947999999999999954e+00
4.599999999999937472e-02,2.100000000000012967e-02,1.296999999999999931e+00
4.499999999999992895e-02,2.699999999999991296e-02,2.102999999999999758e+00
4.899999999999948841e-02,2.200000000000001954e-02,1.171999999999999931e+00
4.599999999999937472e-02,2.200000000000001954e-02,1.432999999999999829e+00
2.299999999999968736e-02,7.000000000000117240e-03,1.740999999999999881e+00
4.399999999999870681e-02,2.600000000000002309e-02,2.120000000000000107e+00
2.699999999999924682e-02,1.300000000000012257e-02,2.093999999999999861e+00
2.799999999999869260e-02,7.000000000000117240e-03,1.375999999999999890e+00
4.699999999999882050e-02,2.299999999999990941e-02,1.512999999999999901e+00
2.099999999999901945e-02,6.000000000000005329e-03,1.803999999999999826e+00
5.499999999999971578e-02,2.899999999999991473e-02,1.460999999999999854e+00
4.299999999999926104e-02,2.100000000000012967e-02,1.608999999999999986e+00
4.800000000000004263e-02,2.600000000000002309e-02,1.783999999999999808e+00
3.099999999999880629e-02,1.400000000000001243e-02,1.796999999999999931e+00
4.099999999999859313e-02,2.200000000000001954e-02,1.908999999999999808e+00
1.699999999999945999e-02,4.000000000000003553e-03,1.897999999999999909e+00
3.799999999999847944e-02,2.000000000000001776e-02,1.887999999999999901e+00
5.499999999999971578e-02,2.699999999999991296e-02,1.225999999999999979e+00
5.599999999999916156e-02,3.400000000000003020e-02,1.958999999999999853e+00
4.699999999999882050e-02,2.699999999999991296e-02,1.899000000000000021e+00
4.199999999999981526e-02,2.000000000000001776e-02,1.524000000000000021e+00
2.499999999999857891e-02,6.000000000000005329e-03,1.370999999999999996e+00
2.299999999999968736e-02,5.000000000000115463e-03,1.537999999999999812e+00
3.999999999999914735e-02,1.500000000000012434e-02,1.213999999999999968e+00
3.599999999999958789e-02,1.600000000000001421e-02,1.568999999999999950e+00
4.699999999999882050e-02,2.899999999999991473e-02,2.158999999999999808e+00
4.199999999999981526e-02,2.000000000000001776e-02,1.542999999999999927e+00
5.100000000000015632e-02,2.499999999999991118e-02,1.319999999999999840e+00
4.499999999999992895e-02,2.200000000000001954e-02,1.468999999999999861e+00
4.599999999999937472e-02,2.600000000000002309e-02,1.854999999999999982e+00
3.500000000000014211e-02,1.700000000000012612e-02,1.842999999999999972e+00
1.399999999999934630e-02,1.000000000000111910e-03,1.851999999999999869e+00
4.999999999999893419e-02,2.299999999999990941e-02,1.300999999999999934e+00
9.999999999999786837e-03,0.000000000000000000e+00,2.060999999999999943e+00
4.999999999999893419e-02,2.800000000000002487e-02,1.740999999999999881e+00
3.599999999999958789e-02,1.900000000000012790e-02,1.948999999999999844e+00
4.299999999999926104e-02,2.100000000000012967e-02,1.597999999999999865e+00
2.299999999999968736e-02,3.000000000000113687e-03,1.270999999999999908e+00
4.599999999999937472e-02,2.100000000000012967e-02,1.340999999999999970e+00
2.999999999999936051e-02,1.100000000000012079e-02,1.516999999999999904e+00
5.499999999999971578e-02,3.099999999999991651e-02,1.649999999999999911e+00
2.899999999999991473e-02,1.100000000000012079e-02,1.687999999999999945e+00
3.799999999999847944e-02,1.300000000000012257e-02,1.114999999999999991e+00
3.699999999999903366e-02,1.700000000000012612e-02,1.683999999999999941e+00
4.399999999999870681e-02,2.499999999999991118e-02,1.922999999999999821e+00
4.299999999999926104e-02,2.400000000000002132e-02,1.945999999999999952e+00
4.499999999999992895e-02,2.499999999999991118e-02,1.905999999999999917e+00
2.899999999999991473e-02,1.200000000000001066e-02,1.695999999999999952e+00
4.800000000000004263e-02,2.299999999999990941e-02,1.353999999999999870e+00
2.599999999999980105e-02,1.100000000000012079e-02,1.927999999999999936e+00
5.299999999999904787e-02,3.099999999999991651e-02,1.815999999999999837e+00
2.299999999999968736e-02,4.000000000000003553e-03,1.387999999999999901e+00
4.299999999999926104e-02,2.200000000000001954e-02,1.768999999999999906e+00
5.199999999999960210e-02,3.000000000000002665e-02,1.810999999999999943e+00
3.699999999999903366e-02,1.700000000000012612e-02,1.724999999999999867e+00
4.099999999999859313e-02,1.700000000000012612e-02,1.319999999999999840e+00
2.599999999999980105e-02,7.000000000000117240e-03,1.433999999999999941e+00
2.499999999999857891e-02,1.100000000000012079e-02,1.989999999999999991e+00
4.099999999999859313e-02,1.600000000000001421e-02,1.217999999999999972e+00
2.499999999999857891e-02,1.200000000000001066e-02,2.120999999999999996e+00
1.799999999999890576e-02,6.000000000000005329e-03,2.088000000000000078e+00
4.099999999999859313e-02,2.000000000000001776e-02,1.608999999999999986e+00
3.299999999999947420e-02,9.000000000000119016e-03,1.163999999999999924e+00
5.199999999999960210e-02,2.299999999999990941e-02,1.020999999999999908e+00
4.299999999999926104e-02,1.900000000000012790e-02,1.312999999999999945e+00
4.199999999999981526e-02,2.200000000000001954e-02,1.711999999999999966e+00
3.699999999999903366e-02,1.200000000000001066e-02,1.108999999999999986e+00
1.699999999999945999e-02,4.000000000000003553e-03,1.947999999999999954e+00
4.999999999999893419e-02,2.100000000000012967e-02,1.072999999999999954e+00
3.599999999999958789e-02,1.700000000000012612e-02,1.809999999999999831e+00
2.999999999999936051e-02,1.500000000000012434e-02,2.050999999999999712e+00
3.799999999999847944e-02,1.400000000000001243e-02,1.228999999999999870e+00
1.399999999999934630e-02,1.000000000000111910e-03,1.829999999999999849e+00
3.599999999999958789e-02,1.600000000000001421e-02,1.678999999999999826e+00
3.599999999999958789e-02,1.900000000000012790e-02,1.934999999999999831e+00
4.199999999999981526e-02,1.800000000000001599e-02,1.397000000000000020e+00
1.099999999999923261e-02,0.000000000000000000e+00,1.958999999999999853e+00
5.399999999999849365e-02,2.400000000000002132e-02,1.026999999999999913e+00
5.100000000000015632e-02,2.600000000000002309e-02,1.462999999999999856e+00
2.899999999999991473e-02,1.500000000000012434e-02,2.177999999999999936e+00
1.799999999999890576e-02,7.000000000000117240e-03,2.129000000000000004e+00
3.699999999999903366e-02,2.100000000000012967e-02,2.096000000000000085e+00
2.199999999999846523e-02,3.000000000000113687e-03,1.444999999999999840e+00
4.800000000000004263e-02,1.900000000000012790e-02,1.018000000000000016e+00
2.599999999999980105e-02,1.300000000000012257e-02,2.162999999999999812e+00
3.699999999999903366e-02,1.500000000000012434e-02,1.405999999999999917e+00
3.799999999999847944e-02,2.299999999999990941e-02,2.146999999999999797e+00
1.900000000000012790e-02,3.000000000000113687e-03,1.573999999999999844e+00
8.999999999998564704e-03,0.000000000000000000e+00,2.073999999999999844e+00
1.799999999999890576e-02,5.000000000000115463e-03,1.959999999999999964e+00
4.499999999999992895e-02,2.100000000000012967e-02,1.475999999999999979e+00
3.099999999999880629e-02,1.100000000000012079e-02,1.522000000000000020e+00
3.999999999999914735e-02,2.299999999999990941e-02,2.052999999999999936e+00
4.299999999999926104e-02,2.200000000000001954e-02,1.699999999999999956e+00
5.599999999999916156e-02,3.200000000000002842e-02,1.730999999999999872e+00
4.499999999999992895e-02,2.299999999999990941e-02,1.703999999999999959e+00
5.699999999999860734e-02,2.800000000000002487e-02,1.245999999999999996e+00
3.500000000000014211e-02,1.300000000000012257e-02,1.405999999999999917e+00
4.699999999999882050e-02,2.299999999999990941e-02,1.461999999999999966e+00
1.799999999999890576e-02,6.000000000000005329e-03,2.027000000000000135e+00
5.399999999999849365e-02,2.800000000000002487e-02,1.451999999999999957e+00
1.399999999999934630e-02,4.000000000000003553e-03,2.165000000000000036e+00
2.999999999999936051e-02,1.000000000000000888e-02,1.449999999999999956e+00
2.699999999999924682e-02,1.000000000000000888e-02,1.750000000000000000e+00
2.999999999999936051e-02,1.400000000000001243e-02,1.916999999999999815e+00
1.499999999999879208e-02,4.000000000000003553e-03,2.064999999999999947e+00
4.599999999999937472e-02,1.900000000000012790e-02,1.147000000000000020e+00
3.399999999999891998e-02,1.000000000000000888e-02,1.145999999999999908e+00
4.399999999999870681e-02,2.600000000000002309e-02,2.070999999999999730e+00
1.999999999999957367e-02,9.000000000000119016e-03,2.141999999999999904e+00
2.099999999999901945e-02,8.000000000000007105e-03,1.968999999999999861e+00
3.299999999999947420e-02,1.800000000000001599e-02,2.141000000000000014e+00
4.599999999999937472e-02,2.800000000000002487e-02,2.098999999999999755e+00
3.299999999999947420e-02,9.000000000000119016e-03,1.190999999999999837e+00
5.699999999999860734e-02,2.600000000000002309e-02,1.008999999999999897e+00
4.199999999999981526e-02,1.800000000000001599e-02,1.333999999999999853e+00
1.799999999999890576e-02,5.000000000000115463e-03,1.956999999999999851e+00
2.099999999999901945e-02,3.000000000000113687e-03,1.453999999999999959e+00
1.900000000000012790e-02,8.000000000000007105e-03,2.148000000000000131e+00
2.999999999999936051e-02,1.400000000000001243e-02,1.833999999999999853e+00
5.100000000000015632e-02,2.400000000000002132e-02,1.247999999999999998e+00
4.899999999999948841e-02,2.200000000000001954e-02,1.252000000000000002e+00
1.999999999999957367e-02,8.000000000000007105e-03,2.105999999999999872e+00
4.199999999999981526e-02,2.200000000000001954e-02,1.793999999999999817e+00
5.199999999999960210e-02,3.000000000000002665e-02,1.816999999999999948e+00
2.399999999999913314e-02,7.000000000000117240e-03,1.649000000000000021e+00
5.199999999999960210e-02,3.099999999999991651e-02,2.024999999999999911e+00
3.699999999999903366e-02,1.200000000000001066e-02,1.176999999999999824e+00
2.699999999999924682e-02,5.000000000000115463e-03,1.205999999999999961e+00
5.199999999999960210e-02,2.499999999999991118e-02,1.237999999999999989e+00
2.999999999999936051e-02,1.500000000000012434e-02,2.048999999999999932e+00
3.399999999999891998e-02,1.100000000000012079e-02,1.322999999999999954e+00
2.799999999999869260e-02,1.400000000000001243e-02,2.036000000000000032e+00
1.900000000000012790e-02,3.000000000000113687e-03,1.618999999999999995e+00
1.199999999999867839e-02,1.000000000000111910e-03,1.916999999999999815e+00
4.800000000000004263e-02,2.600000000000002309e-02,1.742999999999999883e+00
2.799999999999869260e-02,1.300000000000012257e-02,2.011000000000000121e+00
3.999999999999914735e-02,1.900000000000012790e-02,1.697999999999999954e+00
3.500000000000014211e-02,2.000000000000001776e-02,2.153000000000000025e+00
3.599999999999958789e-02,1.600000000000001421e-02,1.627999999999999892e+00
1.999999999999957367e-02,9.000000000000119016e-03,2.175999999999999712e+00
4.099999999999859313e-02,2.400000000000002132e-02,2.072999999999999954e+00
5.100000000000015632e-02,2.200000000000001954e-02,9.969999999999999973e-01
2.699999999999924682e-02,1.100000000000012079e-02,1.901000000000000023e+00
5.199999999999960210e-02,2.699999999999991296e-02,1.586999999999999966e+00
2.099999999999901945e-02,2.000000000000001776e-03,1.311999999999999833e+00
3.999999999999914735e-02,1.800000000000001599e-02,1.597999999999999865e+00
3.200000000000002842e-02,1.000000000000000888e-02,1.293999999999999817e+00
2.099999999999901945e-02,3.000000000000113687e-03,1.423999999999999932e+00
3.599999999999958789e-02,1.500000000000012434e-02,1.510999999999999899e+00
1.399999999999934630e-02,0.000000000000000000e+00,1.635999999999999899e+00
2.699999999999924682e-02,1.100000000000012079e-02,1.839999999999999858e+00
2.099999999999901945e-02,2.000000000000001776e-03,1.357999999999999874e+00
4.999999999999893419e-02,2.499999999999991118e-02,1.504999999999999893e+00
5.499999999999971578e-02,2.699999999999991296e-02,1.202999999999999847e+00
4.699999999999882050e-02,2.800000000000002487e-02,2.012000000000000011e+00
8.999999999998564704e-03,0.000000000000000000e+00,2.097999999999999865e+00
4.399999999999870681e-02,1.700000000000012612e-02,1.090999999999999970e+00
4.199999999999981526e-02,2.200000000000001954e-02,1.725999999999999979e+00
4.999999999999893419e-02,2.200000000000001954e-02,1.121999999999999886e+00
3.200000000000002842e-02,1.400000000000001243e-02,1.824999999999999956e+00
5.199999999999960210e-02,3.099999999999991651e-02,1.905000000000000027e+00
5.399999999999849365e-02,3.099999999999991651e-02,1.768999999999999906e+00
3.799999999999847944e-02,1.500000000000012434e-02,1.381999999999999895e+00
2.299999999999968736e-02,1.000000000000000888e-02,2.011000000000000121e+00
4.999999999999893419e-02,2.899999999999991473e-02,1.862999999999999989e+00
2.399999999999913314e-02,5.000000000000115463e-03,1.428999999999999826e+00
4.099999999999859313e-02,1.500000000000012434e-02,1.157000000000000028e+00
2.899999999999991473e-02,1.100000000000012079e-02,1.726999999999999869e+00
3.399999999999891998e-02,1.800000000000001599e-02,2.104000000000000092e+00
3.799999999999847944e-02,2.299999999999990941e-02,2.149000000000000021e+00
5.299999999999904787e-02,2.899999999999991473e-02,1.637999999999999901e+00
1.900000000000012790e-02,4.000000000000003553e-03,1.709999999999999964e+00
3.599999999999958789e-02,1.700000000000012612e-02,1.752999999999999892e+00
1.900000000000012790e-02,8.000000000000007105e-03,2.144000000000000128e+00
3.899999999999970157e-02,1.600000000000001421e-02,1.354999999999999982e+00
3.599999999999958789e-02,1.200000000000001066e-02,1.161999999999999922e+00
4.399999999999870681e-02,2.200000000000001954e-02,1.629000000000000004e+00
1.999999999999957367e-02,4.000000000000003553e-03,1.627000000000000002e+00
1.399999999999934630e-02,3.000000000000113687e-03,1.993999999999999995e+00
3.599999999999958789e-02,1.400000000000001243e-02,1.379999999999999893e+00
3.899999999999970157e-02,2.299999999999990941e-02,2.190999999999999837e+00
4.899999999999948841e-02,3.000000000000002665e-02,2.081999999999999851e+00
3.999999999999914735e-02,2.000000000000001776e-02,1.741999999999999993e+00
4.899999999999948841e-02,2.600000000000002309e-02,1.655999999999999917e+00
4.299999999999926104e-02,2.200000000000001954e-02,1.728999999999999870e+00
2.999999999999936051e-02,1.600000000000001421e-02,2.153000000000000025e+00
2.699999999999924682e-02,1.400000000000001243e-02,2.179999999999999716e+00
4.999999999999893419e-02,3.099999999999991651e-02,2.156000000000000139e+00
4.299999999999926104e-02,1.900000000000012790e-02,1.344999999999999973e+00
1.799999999999890576e-02,5.000000000000115463e-03,1.921999999999999931e+00
4.899999999999948841e-02,2.299999999999990941e-02,1.395000000000000018e+00
4.999999999999893419e-02,2.200000000000001954e-02,1.189999999999999947e+00
4.099999999999859313e-02,2.400000000000002132e-02,2.106999999999999762e+00
2.099999999999901945e-02,8.000000000000007105e-03,1.951999999999999957e+00
5.399999999999849365e-02,2.699999999999991296e-02,1.387999999999999901e+00
3.299999999999947420e-02,1.800000000000001599e-02,2.028000000000000025e+00
4.199999999999981526e-02,2.400000000000002132e-02,1.971999999999999975e+00
5.100000000000015632e-02,2.400000000000002132e-02,1.283999999999999808e+00
2.199999999999846523e-02,5.000000000000115463e-03,1.604999999999999982e+00
4.299999999999926104e-02,2.299999999999990941e-02,1.825999999999999845e+00
3.599999999999958789e-02,1.200000000000001066e-02,1.153999999999999915e+00
4.699999999999882050e-02,2.499999999999991118e-02,1.744999999999999885e+00
2.799999999999869260e-02,1.200000000000001066e-02,1.815999999999999837e+00
4.599999999999937472e-02,2.100000000000012967e-02,1.283999999999999808e+00
4.699999999999882050e-02,2.699999999999991296e-02,1.925999999999999934e+00
4.399999999999870681e-02,2.499999999999991118e-02,1.924999999999999822e+00
2.499999999999857891e-02,6.000000000000005329e-03,1.401000000000000023e+00
2.999999999999936051e-02,1.300000000000012257e-02,1.799999999999999822e+00
1.900000000000012790e-02,5.000000000000115463e-03,1.864999999999999991e+00
4.599999999999937472e-02,2.000000000000001776e-02,1.290999999999999925e+00
1.399999999999934630e-02,5.000000000000115463e-03,2.175999999999999712e+00
1.799999999999890576e-02,0.000000000000000000e+00,1.397999999999999909e+00
1.399999999999934630e-02,3.000000000000113687e-03,1.959999999999999964e+00
3.299999999999947420e-02,1.200000000000001066e-02,1.403000000000000025e+00
4.199999999999981526e-02,2.100000000000012967e-02,1.665999999999999925e+00
4.699999999999882050e-02,2.000000000000001776e-02,1.104999999999999982e+00
3.999999999999914735e-02,2.299999999999990941e-02,2.023000000000000131e+00
4.699999999999882050e-02,2.100000000000012967e-02,1.291999999999999815e+00
5.299999999999904787e-02,2.299999999999990941e-02,1.002000000000000002e+00
4.699999999999882050e-02,2.200000000000001954e-02,1.364999999999999991e+00
4.199999999999981526e-02,1.900000000000012790e-02,1.512999999999999901e+00
2.499999999999857891e-02,1.000000000000000888e-02,1.954999999999999849e+00
2.099999999999901945e-02,8.000000000000007105e-03,2.011000000000000121e+00
2.899999999999991473e-02,9.000000000000119016e-03,1.460999999999999854e+00
4.999999999999893419e-02,3.099999999999991651e-02,2.108000000000000096e+00
3.799999999999847944e-02,2.000000000000001776e-02,1.816999999999999948e+00
3.299999999999947420e-02,1.400000000000001243e-02,1.683999999999999941e+00
2.699999999999924682e-02,1.300000000000012257e-02,2.031000000000000139e+00
3.699999999999903366e-02,2.100000000000012967e-02,2.068000000000000060e+00
4.999999999999893419e-02,2.899999999999991473e-02,1.830999999999999961e+00
2.499999999999857891e-02,1.100000000000012079e-02,2.037999999999999812e+00
4.599999999999937472e-02,2.899999999999991473e-02,2.173999999999999932e+00
2.099999999999901945e-02,3.000000000000113687e-03,1.491999999999999993e+00
3.599999999999958789e-02,1.900000000000012790e-02,1.911999999999999922e+00
2.599999999999980105e-02,1.200000000000001066e-02,1.958999999999999853e+00
1.699999999999945999e-02,1.000000000000111910e-03,1.487999999999999989e+00
3.500000000000014211e-02,1.400000000000001243e-02,1.518999999999999906e+00
1.999999999999957367e-02,8.000000000000007105e-03,2.081999999999999851e+00
4.299999999999926104e-02,1.700000000000012612e-02,1.202999999999999847e+00
3.999999999999914735e-02,1.900000000000012790e-02,1.681999999999999940e+00
4.899999999999948841e-02,2.100000000000012967e-02,1.088999999999999968e+00
3.999999999999914735e-02,1.800000000000001599e-02,1.496999999999999886e+00
4.999999999999893419e-02,2.200000000000001954e-02,1.102999999999999980e+00
5.399999999999849365e-02,2.800000000000002487e-02,1.431999999999999940e+00
2.899999999999991473e-02,9.000000000000119016e-03,1.437999999999999945e+00
9.999999999999786837e-03,1.000000000000111910e-03,2.161000000000000032e+00
3.699999999999903366e-02,1.400000000000001243e-02,1.358999999999999986e+00
5.199999999999960210e-02,2.200000000000001954e-02,1.012000000000000011e+00
2.399999999999913314e-02,8.000000000000007105e-03,1.735999999999999988e+00
4.399999999999870681e-02,2.400000000000002132e-02,1.776999999999999913e+00
3.099999999999880629e-02,1.700000000000012612e-02,2.141999999999999904e+00
3.999999999999914735e-02,2.200000000000001954e-02,1.958999999999999853e+00
2.899999999999991473e-02,1.200000000000001066e-02,1.746999999999999886e+00
1.699999999999945999e-02,2.000000000000001776e-03,1.637999999999999901e+00
1.199999999999867839e-02,2.000000000000001776e-03,2.086999999999999744e+00
3.599999999999958789e-02,1.100000000000012079e-02,1.143000000000000016e+00
2.099999999999901945e-02,7.000000000000117240e-03,1.901000000000000023e+00
4.999999999999893419e-02,2.100000000000012967e-02,1.040999999999999925e+00
4.399999999999870681e-02,2.499999999999991118e-02,1.903000000000000025e+00
4.699999999999882050e-02,2.200000000000001954e-02,1.433999999999999941e+00
1.600000000000001421e-02,1.000000000000111910e-03,1.622999999999999998e+00
5.199999999999960210e-02,2.800000000000002487e-02,1.579999999999999849e+00
4.199999999999981526e-02,2.299999999999990941e-02,1.903000000000000025e+00
1.600000000000001421e-02,2.000000000000001776e-03,1.787999999999999812e+00
3.899999999999970157e-02,2.299999999999990941e-02,2.106999999999999762e+00
3.200000000000002842e-02,1.200000000000001066e-02,1.532999999999999918e+00
1.600000000000001421e-02,2.000000000000001776e-03,1.694999999999999840e+00
5.199999999999960210e-02,3.000000000000002665e-02,1.887000000000000011e+00
2.299999999999968736e-02,7.000000000000117240e-03,1.688999999999999835e+00
3.999999999999914735e-02,2.100000000000012967e-02,1.808999999999999941e+00
2.899999999999991473e-02,1.000000000000000888e-02,1.537999999999999812e+00
2.399999999999913314e-02,8.000000000000007105e-03,1.718999999999999861e+00
3.200000000000002842e-02,1.500000000000012434e-02,1.796999999999999931e+00
2.399999999999913314e-02,1.000000000000000888e-02,1.956999999999999851e+00
2.899999999999991473e-02,1.600000000000001421e-02,2.187999999999999723e+00
5.699999999999860734e-02,2.800000000000002487e-02,1.165999999999999925e+00
4.399999999999870681e-02,2.499999999999991118e-02,1.868999999999999995e+00
4.699999999999882050e-02,2.699999999999991296e-02,1.905999999999999917e+00
4.800000000000004263e-02,2.800000000000002487e-02,1.988999999999999879e+00
1.999999999999957367e-02,4.000000000000003553e-03,1.665999999999999925e+00
5.299999999999904787e-02,2.699999999999991296e-02,1.412999999999999812e+00
1.999999999999957367e-02,7.000000000000117240e-03,1.944999999999999840e+00
3.999999999999914735e-02,1.400000000000001243e-02,1.106999999999999984e+00
5.299999999999904787e-02,2.899999999999991473e-02,1.711999999999999966e+00
4.199999999999981526e-02,1.700000000000012612e-02,1.198999999999999844e+00
1.900000000000012790e-02,2.000000000000001776e-03,1.534999999999999920e+00
4.899999999999948841e-02,2.299999999999990941e-02,1.320999999999999952e+00
4.699999999999882050e-02,2.499999999999991118e-02,1.752999999999999892e+00
3.399999999999891998e-02,1.600000000000001421e-02,1.835999999999999854e+00
3.699999999999903366e-02,1.400000000000001243e-02,1.365999999999999881e+00
4.199999999999981526e-02,1.700000000000012612e-02,1.209999999999999964e+00
5.599999999999916156e-02,3.000000000000002665e-02,1.514999999999999902e+00
3.299999999999947420e-02,1.300000000000012257e-02,1.610999999999999988e+00
1.099999999999923261e-02,1.000000000000111910e-03,2.104999999999999982e+00
3.299999999999947420e-02,1.200000000000001066e-02,1.502999999999999892e+00
3.399999999999891998e-02,1.700000000000012612e-02,1.860999999999999988e+00
3.999999999999914735e-02,1.800000000000001599e-02,1.554999999999999938e+00
4.399999999999870681e-02,2.200000000000001954e-02,1.651000000000000023e+00
3.399999999999891998e-02,1.300000000000012257e-02,1.532999999999999918e+00
1.799999999999890576e-02,4.000000000000003553e-03,1.825999999999999845e+00
3.899999999999970157e-02,1.900000000000012790e-02,1.717999999999999972e+00
3.899999999999970157e-02,2.299999999999990941e-02,2.183999999999999719e+00
1.900000000000012790e-02,6.000000000000005329e-03,1.891000000000000014e+00
4.899999999999948841e-02,2.100000000000012967e-02,1.098999999999999977e+00
4.999999999999893419e-02,2.899999999999991473e-02,1.910999999999999810e+00
2.099999999999901945e-02,6.000000000000005329e-03,1.768000000000000016e+00
5.399999999999849365e-02,3.200000000000002842e-02,1.868999999999999995e+00
1.900000000000012790e-02,4.000000000000003553e-03,1.803999999999999826e+00
4.599999999999937472e-02,2.000000000000001776e-02,1.306999999999999940e+00
5.399999999999849365e-02,3.200000000000002842e-02,1.862999999999999989e+00
2.299999999999968736e-02,1.000000000000000888e-02,2.100999999999999979e+00
5.499999999999971578e-02,2.699999999999991296e-02,1.278000000000000025e+00
2.499999999999857891e-02,1.100000000000012079e-02,2.016999999999999904e+00
3.699999999999903366e-02,2.000000000000001776e-02,1.982999999999999874e+00
5.499999999999971578e-02,3.200000000000002842e-02,1.835999999999999854e+00
4.199999999999981526e-02,1.500000000000012434e-02,1.087999999999999856e+00
4.399999999999870681e-02,1.900000000000012790e-02,1.360999999999999988e+00
3.099999999999880629e-02,1.200000000000001066e-02,1.553999999999999826e+00
4.299999999999926104e-02,2.400000000000002132e-02,1.897999999999999909e+00
1.999999999999957367e-02,6.000000000000005329e-03,1.936999999999999833e+00
5.699999999999860734e-02,3.499999999999992006e-02,1.978999999999999870e+00
5.199999999999960210e-02,2.299999999999990941e-02,1.071999999999999842e+00
1.199999999999867839e-02,3.000000000000113687e-03,2.169999999999999929e+00
3.599999999999958789e-02,1.200000000000001066e-02,1.185999999999999943e+00
1.900000000000012790e-02,6.000000000000005329e-03,1.923999999999999932e+00
4.999999999999893419e-02,2.699999999999991296e-02,1.697999999999999954e+00
2.999999999999936051e-02,1.400000000000001243e-02,1.885000000000000009e+00
5.199999999999960210e-02,3.000000000000002665e-02,1.870999999999999996e+00
3.799999999999847944e-02,2.000000000000001776e-02,1.952999999999999847e+00
2.799999999999869260e-02,1.400000000000001243e-02,2.050999999999999712e+00
4.199999999999981526e-02,2.400000000000002132e-02,1.962999999999999856e+00
5.699999999999860734e-02,3.400000000000003020e-02,1.877000000000000002e+00
1.199999999999867839e-02,1.000000000000111910e-03,1.887000000000000011e+00
5.599999999999916156e-02,3.099999999999991651e-02,1.635999999999999899e+00
4.599999999999937472e-02,2.200000000000001954e-02,1.526000000000000023e+00
5.399999999999849365e-02,2.899999999999991473e-02,1.575999999999999845e+00
5.299999999999904787e-02,2.499999999999991118e-02,1.207999999999999963e+00
2.699999999999924682e-02,7.000000000000117240e-03,1.383000000000000007e+00
5.599999999999916156e-02,2.899999999999991473e-02,1.446999999999999842e+00
3.999999999999914735e-02,1.700000000000012612e-02,1.355999999999999872e+00
4.299999999999926104e-02,1.700000000000012612e-02,1.163999999999999924e+00
2.499999999999857891e-02,7.000000000000117240e-03,1.586999999999999966e+00
4.499999999999992895e-02,2.699999999999991296e-02,2.080999999999999961e+00
3.500000000000014211e-02,1.400000000000001243e-02,1.518000000000000016e+00
4.999999999999893419e-02,3.000000000000002665e-02,1.971999999999999975e+00
4.800000000000004263e-02,2.299999999999990941e-02,1.434999999999999831e+00
2.999999999999936051e-02,1.500000000000012434e-02,2.022000000000000242e+00
1.499999999999879208e-02,1.000000000000111910e-03,1.645000000000000018e+00
4.299999999999926104e-02,2.299999999999990941e-02,1.788999999999999924e+00
2.299999999999968736e-02,4.000000000000003553e-03,1.448999999999999844e+00
2.499999999999857891e-02,8.000000000000007105e-03,1.657999999999999918e+00
4.699999999999882050e-02,2.400000000000002132e-02,1.538999999999999924e+00
1.600000000000001421e-02,5.000000000000115463e-03,2.104999999999999982e+00
5.199999999999960210e-02,3.200000000000002842e-02,2.028000000000000025e+00
5.699999999999860734e-02,3.099999999999991651e-02,1.590999999999999970e+00
3.999999999999914735e-02,1.900000000000012790e-02,1.613999999999999879e+00
3.099999999999880629e-02,1.100000000000012079e-02,1.561999999999999833e+00
2.699999999999924682e-02,9.000000000000119016e-03,1.651000000000000023e+00
2.499999999999857891e-02,8.000000000000007105e-03,1.591999999999999860e+00
5.499999999999971578e-02,3.099999999999991651e-02,1.744999999999999885e+00
3.799999999999847944e-02,1.800000000000001599e-02,1.712999999999999856e+00
3.399999999999891998e-02,1.700000000000012612e-02,1.961999999999999966e+00
3.799999999999847944e-02,1.300000000000012257e-02,1.120999999999999996e+00
4.099999999999859313e-02,1.700000000000012612e-02,1.341999999999999860e+00
1.999999999999957367e-02,3.000000000000113687e-03,1.504000000000000004e+00
5.499999999999971578e-02,3.099999999999991651e-02,1.748999999999999888e+00
4.099999999999859313e-02,2.100000000000012967e-02,1.792999999999999927e+00
4.199999999999981526e-02,2.400000000000002132e-02,1.990999999999999881e+00
3.099999999999880629e-02,1.100000000000012079e-02,1.422999999999999821e+00
3.799999999999847944e-02,1.600000000000001421e-02,1.465999999999999970e+00
1.799999999999890576e-02,2.000000000000001776e-03,1.625000000000000000e+00
5.399999999999849365e-02,3.200000000000002842e-02,1.933999999999999941e+00
1.699999999999945999e-02,0.000000000000000000e+00,1.418999999999999817e+00
1.699999999999945999e-02,2.000000000000001776e-03,1.696999999999999842e+00
3.599999999999958789e-02,1.900000000000012790e-02,1.924999999999999822e+00
3.200000000000002842e-02,1.600000000000001421e-02,1.930999999999999828e+00
5.599999999999916156e-02,3.299999999999991829e-02,1.789999999999999813e+00
5.199999999999960210e-02,2.699999999999991296e-02,1.488999999999999879e+00
5.399999999999849365e-02,2.400000000000002132e-02,9.779999999999999805e-01
2.899999999999991473e-02,1.500000000000012434e-02,2.065999999999999837e+00
5.499999999999971578e-02,2.499999999999991118e-02,1.111999999999999877e+00
2.999999999999936051e-02,1.300000000000012257e-02,1.797999999999999821e+00
2.399999999999913314e-02,3.000000000000113687e-03,1.214999999999999858e+00
2.599999999999980105e-02,9.000000000000119016e-03,1.657000000000000028e+00
3.299999999999947420e-02,1.000000000000000888e-02,1.292999999999999927e+00
4.499999999999992895e-02,2.200000000000001954e-02,1.578999999999999959e+00
5.499999999999971578e-02,2.800000000000002487e-02,1.379999999999999893e+00
2.499999999999857891e-02,5.000000000000115463e-03,1.342999999999999972e+00
3.099999999999880629e-02,9.000000000000119016e-03,1.256000000000000005e+00
2.599999999999980105e-02,7.000000000000117240e-03,1.443999999999999950e+00
1.399999999999934630e-02,3.000000000000113687e-03,2.070999999999999730e+00
2.299999999999968736e-02,8.000000000000007105e-03,1.821999999999999842e+00
4.299999999999926104e-02,2.200000000000001954e-02,1.739999999999999991e+00
2.299999999999968736e-02,7.000000000000117240e-03,1.706999999999999851e+00
4.599999999999937472e-02,2.800000000000002487e-02,2.096999999999999975e+00
5.100000000000015632e-02,2.299999999999990941e-02,1.101999999999999869e+00
4.199999999999981526e-02,2.200000000000001954e-02,1.792999999999999927e+00
3.200000000000002842e-02,1.300000000000012257e-02,1.621999999999999886e+00
3.399999999999891998e-02,1.500000000000012434e-02,1.758999999999999897e+00
1.999999999999957367e-02,4.000000000000003553e-03,1.647999999999999909e+00
1.499999999999879208e-02,2.000000000000001776e-03,1.856999999999999984e+00
5.399999999999849365e-02,3.400000000000003020e-02,2.141999999999999904e+00
2.999999999999936051e-02,1.400000000000001243e-02,1.893000000000000016e+00
5.100000000000015632e-02,2.200000000000001954e-02,1.028999999999999915e+00
2.199999999999846523e-02,7.000000000000117240e-03,1.807999999999999829e+00
2.699999999999924682e-02,1.100000000000012079e-02,1.835999999999999854e+00
5.199999999999960210e-02,2.899999999999991473e-02,1.754000000000000004e+00
4.399999999999870681e-02,2.699999999999991296e-02,2.157999999999999918e+00
5.699999999999860734e-02,3.099999999999991651e-02,1.514999999999999902e+00
1.499999999999879208e-02,0.000000000000000000e+00,1.655000000000000027e+00
5.499999999999971578e-02,3.400000000000003020e-02,2.034999999999999698e+00
3.699999999999903366e-02,1.400000000000001243e-02,1.340999999999999970e+00
3.899999999999970157e-02,2.000000000000001776e-02,1.875000000000000000e+00
1.499999999999879208e-02,2.000000000000001776e-03,1.821999999999999842e+00
1.600000000000001421e-02,4.000000000000003553e-03,1.914999999999999813e+00
1.999999999999957367e-02,7.000000000000117240e-03,1.976999999999999869e+00
1.600000000000001421e-02,6.000000000000005329e-03,2.116000000000000103e+00
4.199999999999981526e-02,2.200000000000001954e-02,1.829999999999999849e+00
2.399999999999913314e-02,1.200000000000001066e-02,2.116000000000000103e+00
4.299999999999926104e-02,2.499999999999991118e-02,2.100000000000000089e+00
3.500000000000014211e-02,1.100000000000012079e-02,1.191999999999999948e+00
4.599999999999937472e-02,2.200000000000001954e-02,1.442999999999999838e+00
2.499999999999857891e-02,1.000000000000000888e-02,1.918999999999999817e+00
3.500000000000014211e-02,1.600000000000001421e-02,1.747999999999999998e+00
3.999999999999914735e-02,1.700000000000012612e-02,1.431999999999999940e+00
1.999999999999957367e-02,3.000000000000113687e-03,1.514999999999999902e+00
2.699999999999924682e-02,1.300000000000012257e-02,1.990999999999999881e+00
4.399999999999870681e-02,2.400000000000002132e-02,1.766999999999999904e+00
3.799999999999847944e-02,1.400000000000001243e-02,1.224999999999999867e+00
3.399999999999891998e-02,1.300000000000012257e-02,1.407000000000000028e+00
3.999999999999914735e-02,1.700000000000012612e-02,1.446999999999999842e+00
2.499999999999857891e-02,1.000000000000000888e-02,1.875999999999999890e+00
2.499999999999857891e-02,4.000000000000003553e-03,1.256999999999999895e+00
5.499999999999971578e-02,2.699999999999991296e-02,1.289999999999999813e+00
2.999999999999936051e-02,1.100000000000012079e-02,1.589999999999999858e+00
1.900000000000012790e-02,0.000000000000000000e+00,1.323999999999999844e+00
4.999999999999893419e-02,2.200000000000001954e-02,1.094999999999999973e+00
5.299999999999904787e-02,2.299999999999990941e-02,1.072999999999999954e+00
5.599999999999916156e-02,3.200000000000002842e-02,1.786999999999999922e+00
4.999999999999893419e-02,2.699999999999991296e-02,1.672999999999999821e+00
9.999999999999786837e-03,0.000000000000000000e+00,1.963999999999999968e+00
3.200000000000002842e-02,1.200000000000001066e-02,1.497999999999999998e+00
4.499999999999992895e-02,2.400000000000002132e-02,1.711999999999999966e+00
1.199999999999867839e-02,1.000000000000111910e-03,1.975999999999999979e+00
4.299999999999926104e-02,2.400000000000002132e-02,1.939999999999999947e+00
4.599999999999937472e-02,2.100000000000012967e-02,1.268000000000000016e+00
2.599999999999980105e-02,1.000000000000000888e-02,1.766999999999999904e+00
4.299999999999926104e-02,2.600000000000002309e-02,2.157999999999999918e+00
4.699999999999882050e-02,2.899999999999991473e-02,2.134999999999999787e+00
2.499999999999857891e-02,8.000000000000007105e-03,1.659999999999999920e+00
1.099999999999923261e-02,2.000000000000001776e-03,2.110999999999999766e+00
4.099999999999859313e-02,2.000000000000001776e-02,1.679999999999999938e+00
2.199999999999846523e-02,7.000000000000117240e-03,1.805999999999999828e+00
3.699999999999903366e-02,1.800000000000001599e-02,1.815999999999999837e+00
2.399999999999913314e-02,8.000000000000007105e-03,1.741999999999999993e+00
1.999999999999957367e-02,3.000000000000113687e-03,1.546999999999999931e+00
2.799999999999869260e-02,1.400000000000001243e-02,2.104000000000000092e+00
3.899999999999970157e-02,1.800000000000001599e-02,1.561999999999999833e+00
2.999999999999936051e-02,1.500000000000012434e-02,2.020999999999999908e+00
2.799999999999869260e-02,6.000000000000005329e-03,1.211999999999999966e+00
1.799999999999890576e-02,1.000000000000111910e-03,1.493999999999999995e+00
4.800000000000004263e-02,3.000000000000002665e-02,2.102999999999999758e+00
1.499999999999879208e-02,4.000000000000003553e-03,2.022000000000000242e+00
2.299999999999968736e-02,7.000000000000117240e-03,1.685999999999999943e+00
5.299999999999904787e-02,2.800000000000002487e-02,1.518999999999999906e+00
2.499999999999857891e-02,6.000000000000005329e-03,1.466999999999999860e+00
5.100000000000015632e-02,3.000000000000002665e-02,1.895000000000000018e+00
3.299999999999947420e-02,1.200000000000001066e-02,1.496999999999999886e+00
2.199999999999846523e-02,7.000000000000117240e-03,1.828999999999999959e+00
3.399999999999891998e-02,1.800000000000001599e-02,1.987999999999999989e+00
2.099999999999901945e-02,6.000000000000005329e-03,1.783999999999999808e+00
4.199999999999981526e-02,1.800000000000001599e-02,1.363999999999999879e+00
1.199999999999867839e-02,1.000000000000111910e-03,2.032999999999999918e+00
5.699999999999860734e-02,3.000000000000002665e-02,1.391999999999999904e+00
5.599999999999916156e-02,2.800000000000002487e-02,1.348999999999999977e+00
2.799999999999869260e-02,8.000000000000007105e-03,1.471999999999999975e+00
2.899999999999991473e-02,1.400000000000001243e-02,1.962999999999999856e+00
3.099999999999880629e-02,1.300000000000012257e-02,1.629999999999999893e+00
3.999999999999914735e-02,1.600000000000001421e-02,1.287999999999999812e+00
2.799999999999869260e-02,1.300000000000012257e-02,1.885999999999999899e+00
5.699999999999860734e-02,3.400000000000003020e-02,1.899000000000000021e+00
5.499999999999971578e-02,3.000000000000002665e-02,1.643999999999999906e+00
3.799999999999847944e-02,1.400000000000001243e-02,1.210999999999999854e+00
3.500000000000014211e-02,1.400000000000001243e-02,1.514000000000000012e+00
1.900000000000012790e-02,8.000000000000007105e-03,2.165999999999999925e+00
2.299999999999968736e-02,9.000000000000119016e-03,2.294000000000000039e+00
1.499999999999879208e-02,3.000000000000113687e-03,2.295999999999999819e+00
3.299999999999947420e-02,1.700000000000012612e-02,2.251999999999999780e+00
4.899999999999948841e-02,3.000000000000002665e-02,2.214999999999999858e+00
2.899999999999991473e-02,1.500000000000012434e-02,2.237999999999999989e+00
2.499999999999857891e-02,1.300000000000012257e-02,2.206999999999999851e+00
4.499999999999992895e-02,2.699999999999991296e-02,2.217000000000000082e+00
1.299999999999990052e-02,2.000000000000001776e-03,2.274000000000000021e+00
1.199999999999867839e-02,2.000000000000001776e-03,2.237999999999999989e+00
1.999999999999957367e-02,7.000000000000117240e-03,2.282000000000000028e+00
3.099999999999880629e-02,1.700000000000012612e-02,2.205000000000000071e+00
1.600000000000001421e-02,5.000000000000115463e-03,2.258999999999999897e+00
1.900000000000012790e-02,6.000000000000005329e-03,2.274999999999999911e+00
4.599999999999937472e-02,2.899999999999991473e-02,2.195999999999999730e+00
1.199999999999867839e-02,0.000000000000000000e+00,2.298999999999999932e+00
4.099999999999859313e-02,2.400000000000002132e-02,2.222999999999999865e+00
1.499999999999879208e-02,5.000000000000115463e-03,2.197999999999999954e+00
4.099999999999859313e-02,2.400000000000002132e-02,2.237000000000000099e+00
2.699999999999924682e-02,1.300000000000012257e-02,2.254999999999999893e+00
3.799999999999847944e-02,2.200000000000001954e-02,2.207999999999999741e+00
3.699999999999903366e-02,2.200000000000001954e-02,2.207999999999999741e+00
3.999999999999914735e-02,2.499999999999991118e-02,2.195999999999999730e+00
4.099999999999859313e-02,2.400000000000002132e-02,2.234999999999999876e+00
1.600000000000001421e-02,5.000000000000115463e-03,2.242999999999999883e+00
1.799999999999890576e-02,7.000000000000117240e-03,2.213000000000000078e+00
2.699999999999924682e-02,1.300000000000012257e-02,2.273000000000000131e+00
2.699999999999924682e-02,1.200000000000001066e-02,2.269000000000000128e+00
2.999999999999936051e-02,1.600000000000001421e-02,2.221999999999999975e+00
1.499999999999879208e-02,3.000000000000113687e-03,2.274999999999999911e+00
1.600000000000001421e-02,4.000000000000003553e-03,2.292999999999999705e+00
2.499999999999857891e-02,1.000000000000000888e-02,2.287999999999999812e+00
3.899999999999970157e-02,2.400000000000002132e-02,2.201000000000000068e+00
1.299999999999990052e-02,1.000000000000111910e-03,2.314999999999999947e+00
3.200000000000002842e-02,1.600000000000001421e-02,2.270999999999999908e+00
1.399999999999934630e-02,4.000000000000003553e-03,2.225999999999999979e+00
3.099999999999880629e-02,1.600000000000001421e-02,2.247999999999999776e+00
1.299999999999990052e-02,1.000000000000111910e-03,2.312999999999999723e+00
2.899999999999991473e-02,1.600000000000001421e-02,2.194999999999999840e+00
4.099999999999859313e-02,2.400000000000002132e-02,2.215999999999999748e+00
1.999999999999957367e-02,8.000000000000007105e-03,2.251999999999999780e+00
5.299999999999904787e-02,2.200000000000001954e-02,9.580000000000000737e-01
2.599999999999980105e-02,2.000000000000001776e-03,9.690000000000000835e-01
3.500000000000014211e-02,1.000000000000000888e-02,1.039999999999999813e+00
4.099999999999859313e-02,1.300000000000012257e-02,9.580000000000000737e-01
2.699999999999924682e-02,4.000000000000003553e-03,1.051999999999999824e+00
3.799999999999847944e-02,1.100000000000012079e-02,9.959999999999999964e-01
2.199999999999846523e-02,0.000000000000000000e+00,1.010000000000000009e+00
3.399999999999891998e-02,9.000000000000119016e-03,1.049999999999999822e+00
2.399999999999913314e-02,2.000000000000001776e-03,1.070999999999999952e+00
2.499999999999857891e-02,2.000000000000001776e-03,1.036999999999999922e+00
3.299999999999947420e-02,9.000000000000119016e-03,1.106999999999999984e+00
2.299999999999968736e-02,0.000000000000000000e+00,1.010000000000000009e+00
2.399999999999913314e-02,1.000000000000111910e-03,9.719999999999999751e-01
2.899999999999991473e-02,6.000000000000005329e-03,1.116999999999999993e+00
3.799999999999847944e-02,1.200000000000001066e-02,1.022999999999999909e+00
3.099999999999880629e-02,6.000000000000005329e-03,9.550000000000000711e-01
2.499999999999857891e-02,3.000000000000113687e-03,1.163999999999999924e+00
3.699999999999903366e-02,1.200000000000001066e-02,1.075999999999999845e+00
2.199999999999846523e-02,0.000000000000000000e+00,1.113999999999999879e+00
2.399999999999913314e-02,2.000000000000001776e-03,1.045999999999999819e+00
3.599999999999958789e-02,1.100000000000012079e-02,1.065999999999999837e+00
4.499999999999992895e-02,1.700000000000012612e-02,9.939999999999999947e-01
3.099999999999880629e-02,7.000000000000117240e-03,1.087999999999999856e+00
3.699999999999903366e-02,1.100000000000012079e-02,9.859999999999999876e-01
3.799999999999847944e-02,1.100000000000012079e-02,1.010999999999999899e+00
4.899999999999948841e-02,2.000000000000001776e-02,9.500000000000000666e-01
2.199999999999846523e-02,1.000000000000111910e-03,1.129000000000000004e+00
2.199999999999846523e-02,1.000000000000111910e-03,1.163999999999999924e+00
4.199999999999981526e-02,1.400000000000001243e-02,9.829999999999999849e-01
3.799999999999847944e-02,1.200000000000001066e-02,1.038999999999999924e+00
2.699999999999924682e-02,3.000000000000113687e-03,9.480000000000000648e-01
4.099999999999859313e-02,1.400000000000001243e-02,1.028000000000000025e+00
4.499999999999992895e-02,1.700000000000012612e-02,1.026999999999999913e+00
2.499999999999857891e-02,2.000000000000001776e-03,1.022000000000000020e+00
3.299999999999947420e-02,8.000000000000007105e-03,9.899999999999999911e-01
2.299999999999968736e-02,0.000000000000000000e+00,9.779999999999999805e-01
2.799999999999869260e-02,4.000000000000003553e-03,1.032999999999999918e+00
5.499999999999971578e-02,2.400000000000002132e-02,9.530000000000000693e-01
4.999999999999893419e-02,2.000000000000001776e-02,9.749999999999999778e-01
2.399999999999913314e-02,1.000000000000111910e-03,1.030999999999999917e+00
5.499999999999971578e-02,2.400000000000002132e-02,9.620000000000000773e-01
3.200000000000002842e-02,8.000000000000007105e-03,1.078999999999999959e+00
4.999999999999893419e-02,2.100000000000012967e-02,9.580000000000000737e-01
2.699999999999924682e-02,4.000000000000003553e-03,1.089999999999999858e+00
5.399999999999849365e-02,2.299999999999990941e-02,9.550000000000000711e-01
4.299999999999926104e-02,1.500000000000012434e-02,1.006999999999999895e+00
4.299999999999926104e-02,1.500000000000012434e-02,1.002999999999999892e+00
4.399999999999870681e-02,1.600000000000001421e-02,1.033999999999999808e+00
3.099999999999880629e-02,6.000000000000005329e-03,9.919999999999999929e-01
2.499999999999857891e-02,1.000000000000111910e-03,9.690000000000000835e-01
3.999999999999914735e-02,1.300000000000012257e-02,1.026000000000000023e+00
3.399999999999891998e-02,9.000000000000119016e-03,1.052999999999999936e+00
4.099999999999859313e-02,1.300000000000012257e-02,9.949999999999999956e-01
2.499999999999857891e-02,3.000000000000113687e-03,1.137999999999999901e+00
3.699999999999903366e-02,1.100000000000012079e-02,1.018999999999999906e+00
7.299999999999862155e-02,2.620000000000000107e-01,2.253000000000000114e+00
9.600000000000008527e-02,2.050000000000000711e-01,2.217999999999999972e+00
9.499999999999886313e-02,2.079999999999999627e-01,2.229999999999999982e+00
8.999999999999985789e-02,2.179999999999999716e-01,2.213999999999999968e+00
9.399999999999941735e-02,2.050000000000000711e-01,2.165999999999999925e+00
8.499999999999907629e-02,2.310000000000000941e-01,2.205999999999999961e+00
7.699999999999995737e-02,2.540000000000000036e-01,2.262999999999999901e+00
7.099999999999972999e-02,2.710000000000001297e-01,2.282000000000000028e+00
8.899999999999863576e-02,2.210000000000000853e-01,2.209000000000000075e+00
8.499999999999907629e-02,2.319999999999999840e-01,2.219999999999999751e+00
8.799999999999918998e-02,2.259999999999999787e-01,2.239999999999999769e+00
7.299999999999862155e-02,2.620000000000000107e-01,2.259999999999999787e+00
8.899999999999863576e-02,2.230000000000000870e-01,2.221999999999999975e+00
8.999999999999985789e-02,2.210000000000000853e-01,2.250999999999999890e+00
6.299999999999883471e-02,2.909999999999999254e-01,2.299999999999999822e+00
8.899999999999863576e-02,2.239999999999999769e-01,2.265000000000000124e+00
4.399999999999870681e-02,3.720000000000001084e-01,1.978999999999999870e+00
5.699999999999860734e-02,3.289999999999999591e-01,2.024000000000000021e+00
5.899999999999927525e-02,3.280000000000000693e-01,1.933999999999999941e+00
8.699999999999974420e-02,2.319999999999999840e-01,2.088999999999999968e+00
6.499999999999950262e-02,2.989999999999999325e-01,2.110999999999999766e+00
9.199999999999874944e-02,2.119999999999999662e-01,2.153999999999999915e+00
4.699999999999882050e-02,3.509999999999999787e-01,2.121999999999999886e+00
2.399999999999913314e-02,4.130000000000000338e-01,2.257000000000000117e+00
2.699999999999924682e-02,4.059999999999999165e-01,2.241999999999999993e+00
3.099999999999880629e-02,4.019999999999999130e-01,2.122999999999999776e+00
5.899999999999927525e-02,3.229999999999999538e-01,2.004999999999999893e+00
4.599999999999937472e-02,3.409999999999999698e-01,2.319999999999999840e+00
7.299999999999862155e-02,2.789999999999999147e-01,2.008999999999999897e+00
5.899999999999927525e-02,3.089999999999999414e-01,2.197000000000000064e+00
3.299999999999947420e-02,4.079999999999999183e-01,1.960999999999999854e+00
5.199999999999960210e-02,3.329999999999999627e-01,2.169999999999999929e+00
3.299999999999947420e-02,4.079999999999999183e-01,1.926999999999999824e+00
3.799999999999847944e-02,3.790000000000000036e-01,2.124000000000000110e+00
7.399999999999984368e-02,2.769999999999999130e-01,2.016999999999999904e+00
6.599999999999894840e-02,2.980000000000000426e-01,2.033999999999999808e+00
3.299999999999947420e-02,3.940000000000001279e-01,2.138999999999999790e+00
3.699999999999903366e-02,3.770000000000000018e-01,2.210999999999999854e+00
3.500000000000014211e-02,3.999999999999999112e-01,1.948999999999999844e+00
3.899999999999970157e-02,3.689999999999999947e-01,2.238999999999999879e+00
4.299999999999926104e-02,3.489999999999999769e-01,2.338000000000000078e+00
7.499999999999928946e-02,2.580000000000000071e-01,2.234999999999999876e+00
4.999999999999893419e-02,3.409999999999999698e-01,2.154999999999999805e+00
5.699999999999860734e-02,3.209999999999999520e-01,2.153999999999999915e+00
5.599999999999916156e-02,3.369999999999999662e-01,1.942999999999999838e+00
5.199999999999960210e-02,3.289999999999999591e-01,2.245000000000000107e+00
3.699999999999903366e-02,4.019999999999999130e-01,1.826999999999999957e+00
5.499999999999971578e-02,3.200000000000000622e-01,2.234999999999999876e+00
5.100000000000015632e-02,3.549999999999999822e-01,1.881999999999999895e+00
4.499999999999992895e-02,3.520000000000000906e-01,2.229000000000000092e+00
5.999999999999872102e-02,3.169999999999999485e-01,2.064999999999999947e+00
5.299999999999904787e-02,3.269999999999999574e-01,2.217999999999999972e+00
7.699999999999995737e-02,2.660000000000000142e-01,2.028999999999999915e+00
6.499999999999950262e-02,3.020000000000000462e-01,2.069999999999999840e+00
7.699999999999995737e-02,2.640000000000000124e-01,2.044000000000000039e+00
3.599999999999958789e-02,4.030000000000000249e-01,1.867999999999999883e+00
5.699999999999860734e-02,3.360000000000000764e-01,1.918999999999999817e+00
4.599999999999937472e-02,3.509999999999999787e-01,2.177999999999999936e+00
4.899999999999948841e-02,3.629999999999999893e-01,1.855999999999999872e+00
7.099999999999972999e-02,2.789999999999999147e-01,2.093999999999999861e+00
7.099999999999972999e-02,2.829999999999999183e-01,2.057999999999999829e+00
2.699999999999924682e-02,4.170000000000000373e-01,2.082999999999999741e+00
5.799999999999982947e-02,3.240000000000000657e-01,2.031000000000000139e+00
4.099999999999859313e-02,3.790000000000000036e-01,1.982999999999999874e+00
3.099999999999880629e-02,3.900000000000001243e-01,2.279999999999999805e+00
6.999999999999850786e-02,2.789999999999999147e-01,2.150999999999999801e+00
6.400000000000005684e-02,3.000000000000000444e-01,2.130999999999999783e+00
3.299999999999947420e-02,3.870000000000000107e-01,2.234999999999999876e+00
9.299999999999997158e-02,2.110000000000000764e-01,2.125999999999999890e+00
4.999999999999893419e-02,3.329999999999999627e-01,2.258999999999999897e+00
3.799999999999847944e-02,3.649999999999999911e-01,2.336999999999999744e+00
4.099999999999859313e-02,3.700000000000001066e-01,2.146999999999999797e+00
7.499999999999928946e-02,2.700000000000000178e-01,2.056999999999999940e+00
5.199999999999960210e-02,3.409999999999999698e-01,2.048999999999999932e+00
6.999999999999850786e-02,2.929999999999999272e-01,1.968999999999999861e+00
6.700000000000017053e-02,3.020000000000000462e-01,1.961999999999999966e+00
6.499999999999950262e-02,3.060000000000000497e-01,1.986999999999999877e+00
3.200000000000002842e-02,3.999999999999999112e-01,2.088000000000000078e+00
5.399999999999849365e-02,3.400000000000000799e-01,1.985999999999999988e+00
2.799999999999869260e-02,4.139999999999999236e-01,2.069999999999999840e+00
5.199999999999960210e-02,3.429999999999999716e-01,2.023000000000000131e+00
6.999999999999850786e-02,2.849999999999999201e-01,2.069999999999999840e+00
4.999999999999893419e-02,3.380000000000000782e-01,2.205999999999999961e+00
3.399999999999891998e-02,3.979999999999999094e-01,2.038999999999999702e+00
4.199999999999981526e-02,3.689999999999999947e-01,2.118999999999999773e+00
5.599999999999916156e-02,3.220000000000000639e-01,2.142999999999999794e+00
7.499999999999928946e-02,2.670000000000001261e-01,2.080999999999999961e+00
3.299999999999947420e-02,3.910000000000000142e-01,2.185000000000000053e+00
6.700000000000017053e-02,2.929999999999999272e-01,2.088999999999999968e+00
6.700000000000017053e-02,2.880000000000000338e-01,2.153000000000000025e+00
7.199999999999917577e-02,2.760000000000000231e-01,2.100000000000000089e+00
5.100000000000015632e-02,3.480000000000000870e-01,2.014000000000000234e+00
4.599999999999937472e-02,3.660000000000001030e-01,1.976999999999999869e+00
4.199999999999981526e-02,3.880000000000001226e-01,1.848999999999999977e+00
4.800000000000004263e-02,3.369999999999999662e-01,2.277000000000000135e+00
4.399999999999870681e-02,3.680000000000001048e-01,2.014000000000000234e+00
4.699999999999882050e-02,3.660000000000001030e-01,1.944999999999999840e+00
5.699999999999860734e-02,3.109999999999999432e-01,2.250999999999999890e+00
3.599999999999958789e-02,4.050000000000000266e-01,1.835999999999999854e+00
4.800000000000004263e-02,3.460000000000000853e-01,2.181999999999999940e+00
4.499999999999992895e-02,3.549999999999999822e-01,2.161000000000000032e+00
6.400000000000005684e-02,3.029999999999999361e-01,2.057999999999999829e+00
4.699999999999882050e-02,3.380000000000000782e-01,2.330000000000000071e+00
4.800000000000004263e-02,3.600000000000000977e-01,1.963999999999999968e+00
6.499999999999950262e-02,3.069999999999999396e-01,1.968999999999999861e+00
4.499999999999992895e-02,3.489999999999999769e-01,2.231999999999999762e+00
3.999999999999914735e-02,3.750000000000000000e-01,2.097999999999999865e+00
3.699999999999903366e-02,3.820000000000001172e-01,2.117999999999999883e+00
6.499999999999950262e-02,3.089999999999999414e-01,1.931999999999999940e+00
6.700000000000017053e-02,2.849999999999999201e-01,2.186999999999999833e+00
4.099999999999859313e-02,3.860000000000001208e-01,1.875999999999999890e+00
5.299999999999904787e-02,3.309999999999999609e-01,2.157000000000000028e+00
4.999999999999893419e-02,3.560000000000000941e-01,1.908999999999999808e+00
4.299999999999926104e-02,3.629999999999999893e-01,2.169000000000000039e+00
3.299999999999947420e-02,3.930000000000000160e-01,2.157000000000000028e+00
5.999999999999872102e-02,3.040000000000000480e-01,2.258000000000000007e+00
6.899999999999906208e-02,2.820000000000000284e-01,2.136000000000000121e+00
6.999999999999850786e-02,2.869999999999999218e-01,2.049999999999999822e+00
5.699999999999860734e-02,3.320000000000000728e-01,1.985999999999999988e+00
3.699999999999903366e-02,3.890000000000000124e-01,2.057999999999999829e+00
3.599999999999958789e-02,4.050000000000000266e-01,1.832999999999999963e+00
8.799999999999918998e-02,2.239999999999999769e-01,2.150999999999999801e+00
4.199999999999981526e-02,3.700000000000001066e-01,2.085999999999999854e+00
5.399999999999849365e-02,3.289999999999999591e-01,2.126999999999999780e+00
5.199999999999960210e-02,3.480000000000000870e-01,1.961999999999999966e+00
3.200000000000002842e-02,3.990000000000000213e-01,2.100999999999999979e+00
2.699999999999924682e-02,4.039999999999999147e-01,2.271999999999999797e+00
4.199999999999981526e-02,3.709999999999999964e-01,2.093999999999999861e+00
3.500000000000014211e-02,3.850000000000000089e-01,2.201999999999999957e+00
3.500000000000014211e-02,3.870000000000000107e-01,2.125999999999999890e+00
5.299999999999904787e-02,3.320000000000000728e-01,2.129000000000000004e+00
5.699999999999860734e-02,3.189999999999999503e-01,2.161000000000000032e+00
5.499999999999971578e-02,3.249999999999999556e-01,2.149999999999999911e+00
3.200000000000002842e-02,3.860000000000001208e-01,2.312999999999999723e+00
2.999999999999936051e-02,4.030000000000000249e-01,2.162999999999999812e+00
2.999999999999936051e-02,4.050000000000000266e-01,2.096999999999999975e+00
2.499999999999857891e-02,4.090000000000000302e-01,2.273000000000000131e+00
5.799999999999982947e-02,3.129999999999999449e-01,2.185000000000000053e+00
9.199999999999874944e-02,2.150000000000000799e-01,2.121999999999999886e+00
4.699999999999882050e-02,3.600000000000000977e-01,2.008999999999999897e+00
4.800000000000004263e-02,3.620000000000000995e-01,1.944999999999999840e+00
6.099999999999994316e-02,3.189999999999999503e-01,1.964999999999999858e+00
3.699999999999903366e-02,4.050000000000000266e-01,1.805999999999999828e+00
4.499999999999992895e-02,3.729999999999999982e-01,1.891000000000000014e+00
6.499999999999950262e-02,2.980000000000000426e-01,2.129000000000000004e+00
5.599999999999916156e-02,3.380000000000000782e-01,1.926999999999999824e+00
3.999999999999914735e-02,3.740000000000001101e-01,2.122999999999999776e+00
4.699999999999882050e-02,3.689999999999999947e-01,1.871999999999999886e+00
6.099999999999994316e-02,3.140000000000000568e-01,2.049999999999999822e+00
6.199999999999938893e-02,2.949999999999999289e-01,2.290999999999999925e+00
3.200000000000002842e-02,3.880000000000001226e-01,2.277000000000000135e+00
6.400000000000005684e-02,3.069999999999999396e-01,2.023000000000000131e+00
3.999999999999914735e-02,3.970000000000000195e-01,1.766999999999999904e+00
5.499999999999971578e-02,3.429999999999999716e-01,1.879999999999999893e+00
4.499999999999992895e-02,3.680000000000001048e-01,1.991999999999999993e+00
3.899999999999970157e-02,3.669999999999999929e-01,2.275999999999999801e+00
3.599999999999958789e-02,3.790000000000000036e-01,2.230999999999999872e+00
8.399999999999963052e-02,2.359999999999999876e-01,2.140000000000000124e+00
7.399999999999984368e-02,2.769999999999999130e-01,1.995999999999999996e+00
8.300000000000018474e-02,2.439999999999999947e-01,2.096999999999999975e+00
4.599999999999937472e-02,3.460000000000000853e-01,2.250999999999999890e+00
4.599999999999937472e-02,3.460000000000000853e-01,2.278999999999999915e+00
5.599999999999916156e-02,3.160000000000000586e-01,2.227999999999999758e+00
3.099999999999880629e-02,3.900000000000001243e-01,2.275999999999999801e+00
2.999999999999936051e-02,4.130000000000000338e-01,1.974999999999999867e+00
4.499999999999992895e-02,3.750000000000000000e-01,1.861999999999999877e+00
3.699999999999903366e-02,4.050000000000000266e-01,1.806999999999999940e+00
5.799999999999982947e-02,3.280000000000000693e-01,2.004999999999999893e+00
3.799999999999847944e-02,3.999999999999999112e-01,1.803999999999999826e+00
4.800000000000004263e-02,3.500000000000000888e-01,2.113999999999999879e+00
6.499999999999950262e-02,2.940000000000000391e-01,2.159999999999999698e+00
4.299999999999926104e-02,3.680000000000001048e-01,2.073999999999999844e+00
6.999999999999850786e-02,2.780000000000000249e-01,2.169000000000000039e+00
8.599999999999852207e-02,2.350000000000000977e-01,2.096999999999999975e+00
3.299999999999947420e-02,3.960000000000001297e-01,2.129000000000000004e+00
3.699999999999903366e-02,3.720000000000001084e-01,2.300999999999999712e+00
6.599999999999894840e-02,2.929999999999999272e-01,2.149999999999999911e+00
2.899999999999991473e-02,3.950000000000000178e-01,2.307999999999999829e+00
4.599999999999937472e-02,3.609999999999999876e-01,2.040000000000000036e+00
2.699999999999924682e-02,4.130000000000000338e-01,2.130999999999999783e+00
3.500000000000014211e-02,3.970000000000000195e-01,2.004999999999999893e+00
4.499999999999992895e-02,3.700000000000001066e-01,1.935999999999999943e+00
8.099999999999951683e-02,2.540000000000000036e-01,2.034999999999999698e+00
5.499999999999971578e-02,3.309999999999999609e-01,2.074999999999999734e+00
3.999999999999914735e-02,3.850000000000000089e-01,1.960999999999999854e+00
5.399999999999849365e-02,3.500000000000000888e-01,1.860999999999999988e+00
5.299999999999904787e-02,3.200000000000000622e-01,2.335999999999999854e+00
3.599999999999958789e-02,3.820000000000001172e-01,2.175999999999999712e+00
4.800000000000004263e-02,3.689999999999999947e-01,1.817999999999999838e+00
4.399999999999870681e-02,3.810000000000000053e-01,1.821999999999999842e+00
3.599999999999958789e-02,3.950000000000000178e-01,1.981999999999999984e+00
8.599999999999852207e-02,2.339999999999999858e-01,2.080000000000000071e+00
3.399999999999891998e-02,3.930000000000000160e-01,2.137000000000000011e+00
4.800000000000004263e-02,3.620000000000000995e-01,1.935999999999999943e+00
4.999999999999893419e-02,3.360000000000000764e-01,2.207999999999999741e+00
3.799999999999847944e-02,4.039999999999999147e-01,1.780000000000000027e+00
4.899999999999948841e-02,3.529999999999999805e-01,2.010000000000000231e+00
4.599999999999937472e-02,3.509999999999999787e-01,2.167999999999999705e+00
5.799999999999982947e-02,3.100000000000000533e-01,2.233000000000000096e+00
3.899999999999970157e-02,3.720000000000001084e-01,2.169000000000000039e+00
5.399999999999849365e-02,3.429999999999999716e-01,1.935999999999999943e+00
2.399999999999913314e-02,4.159999999999999254e-01,2.227999999999999758e+00
7.499999999999928946e-02,2.650000000000001243e-01,2.118999999999999773e+00
4.999999999999893419e-02,3.389999999999999680e-01,2.185000000000000053e+00
4.099999999999859313e-02,3.910000000000000142e-01,1.820999999999999952e+00
7.099999999999972999e-02,2.760000000000000231e-01,2.173999999999999932e+00
4.399999999999870681e-02,3.600000000000000977e-01,2.149999999999999911e+00
5.100000000000015632e-02,3.540000000000000924e-01,1.913999999999999924e+00
4.599999999999937472e-02,3.469999999999999751e-01,2.250999999999999890e+00
4.199999999999981526e-02,3.709999999999999964e-01,2.052000000000000046e+00
6.899999999999906208e-02,2.829999999999999183e-01,2.125000000000000000e+00
3.599999999999958789e-02,3.840000000000001190e-01,2.179999999999999716e+00
3.799999999999847944e-02,3.830000000000000071e-01,2.072000000000000064e+00
7.199999999999917577e-02,2.740000000000000213e-01,2.133000000000000007e+00
6.599999999999894840e-02,2.940000000000000391e-01,2.112000000000000099e+00
8.000000000000007105e-02,2.540000000000000036e-01,2.064000000000000057e+00
4.699999999999882050e-02,3.649999999999999911e-01,1.935999999999999943e+00
4.599999999999937472e-02,3.489999999999999769e-01,2.233999999999999986e+00
4.299999999999926104e-02,3.580000000000000959e-01,2.221000000000000085e+00
6.400000000000005684e-02,3.020000000000000462e-01,2.092999999999999972e+00
5.999999999999872102e-02,3.249999999999999556e-01,1.936999999999999833e+00
3.099999999999880629e-02,3.999999999999999112e-01,2.130999999999999783e+00
6.799999999999961631e-02,2.869999999999999218e-01,2.138999999999999790e+00
6.099999999999994316e-02,3.040000000000000480e-01,2.185999999999999943e+00
3.999999999999914735e-02,3.700000000000001066e-01,2.174999999999999822e+00
4.800000000000004263e-02,3.580000000000000959e-01,2.016000000000000014e+00
4.599999999999937472e-02,3.640000000000001013e-01,1.996999999999999886e+00
4.800000000000004263e-02,3.340000000000000746e-01,2.332999999999999741e+00
5.999999999999872102e-02,3.120000000000000551e-01,2.113999999999999879e+00
4.399999999999870681e-02,3.620000000000000995e-01,2.089999999999999858e+00
4.099999999999859313e-02,3.689999999999999947e-01,2.157999999999999918e+00
5.100000000000015632e-02,3.569999999999999840e-01,1.881000000000000005e+00
8.499999999999907629e-02,2.370000000000000995e-01,2.082999999999999741e+00
5.899999999999927525e-02,3.289999999999999591e-01,1.931999999999999940e+00
6.199999999999938893e-02,2.989999999999999325e-01,2.242999999999999883e+00
3.899999999999970157e-02,3.910000000000000142e-01,1.903000000000000025e+00
2.999999999999936051e-02,3.920000000000001261e-01,2.326000000000000068e+00
3.399999999999891998e-02,3.880000000000001226e-01,2.191999999999999726e+00
8.000000000000007105e-02,2.530000000000001137e-01,2.088999999999999968e+00
8.499999999999907629e-02,2.319999999999999840e-01,2.167999999999999705e+00
6.400000000000005684e-02,3.149999999999999467e-01,1.921999999999999931e+00
7.199999999999917577e-02,2.820000000000000284e-01,2.012999999999999901e+00
5.499999999999971578e-02,3.460000000000000853e-01,1.869999999999999885e+00
4.899999999999948841e-02,3.409999999999999698e-01,2.215999999999999748e+00
5.899999999999927525e-02,3.140000000000000568e-01,2.149000000000000021e+00
3.699999999999903366e-02,3.920000000000001261e-01,1.975999999999999979e+00
7.199999999999917577e-02,2.849999999999999201e-01,1.998999999999999888e+00
5.100000000000015632e-02,3.309999999999999609e-01,2.261000000000000121e+00
3.200000000000002842e-02,4.039999999999999147e-01,2.028999999999999915e+00
4.399999999999870681e-02,3.729999999999999982e-01,1.965999999999999970e+00
6.899999999999906208e-02,2.880000000000000338e-01,2.058999999999999719e+00
4.399999999999870681e-02,3.489999999999999769e-01,2.323999999999999844e+00
2.299999999999968736e-02,4.139999999999999236e-01,2.296999999999999709e+00
3.500000000000014211e-02,4.099999999999999201e-01,1.819999999999999840e+00
5.699999999999860734e-02,3.260000000000000675e-01,2.056000000000000050e+00
8.099999999999951683e-02,2.500000000000000000e-01,2.072999999999999954e+00
5.799999999999982947e-02,3.069999999999999396e-01,2.288999999999999702e+00
4.399999999999870681e-02,3.589999999999999858e-01,2.170999999999999819e+00
4.599999999999937472e-02,3.660000000000001030e-01,1.955999999999999961e+00
4.299999999999926104e-02,3.640000000000001013e-01,2.144000000000000128e+00
5.799999999999982947e-02,3.289999999999999591e-01,1.957999999999999963e+00
4.699999999999882050e-02,3.600000000000000977e-01,2.006000000000000227e+00
5.399999999999849365e-02,3.380000000000000782e-01,1.996999999999999886e+00
4.999999999999893419e-02,3.520000000000000906e-01,1.977999999999999980e+00
4.800000000000004263e-02,3.440000000000000835e-01,2.205000000000000071e+00
5.100000000000015632e-02,3.309999999999999609e-01,2.261000000000000121e+00
3.200000000000002842e-02,3.910000000000000142e-01,2.223999999999999755e+00
6.199999999999938893e-02,3.009999999999999343e-01,2.209000000000000075e+00
7.699999999999995737e-02,2.570000000000001172e-01,2.148000000000000131e+00
3.699999999999903366e-02,4.010000000000000231e-01,1.872999999999999998e+00
4.199999999999981526e-02,3.549999999999999822e-01,2.315999999999999837e+00
3.899999999999970157e-02,3.920000000000001261e-01,1.893999999999999906e+00
5.199999999999960210e-02,3.360000000000000764e-01,2.140000000000000124e+00
4.999999999999893419e-02,3.329999999999999627e-01,2.291999999999999815e+00
3.099999999999880629e-02,4.119999999999999218e-01,1.997999999999999998e+00
3.500000000000014211e-02,3.850000000000000089e-01,2.171999999999999709e+00
5.499999999999971578e-02,3.320000000000000728e-01,2.078999999999999737e+00
5.499999999999971578e-02,3.360000000000000764e-01,1.987999999999999989e+00
4.199999999999981526e-02,3.750000000000000000e-01,2.008000000000000007e+00
2.399999999999913314e-02,4.190000000000000391e-01,2.201999999999999957e+00
2.799999999999869260e-02,4.050000000000000266e-01,2.225999999999999979e+00
5.899999999999927525e-02,3.309999999999999609e-01,1.919999999999999929e+00
4.299999999999926104e-02,3.680000000000001048e-01,2.096000000000000085e+00
4.899999999999948841e-02,3.329999999999999627e-01,2.308999999999999719e+00
2.499999999999857891e-02,4.159999999999999254e-01,2.187999999999999723e+00
5.399999999999849365e-02,3.480000000000000870e-01,1.877999999999999892e+00
6.599999999999894840e-02,2.849999999999999201e-01,2.234999999999999876e+00
4.899999999999948841e-02,3.360000000000000764e-01,2.277000000000000135e+00
3.799999999999847944e-02,3.850000000000000089e-01,2.032000000000000028e+00
6.099999999999994316e-02,2.969999999999999307e-01,2.270999999999999908e+00
7.299999999999862155e-02,2.680000000000000160e-01,2.174999999999999822e+00
5.199999999999960210e-02,3.480000000000000870e-01,1.945999999999999952e+00
4.899999999999948841e-02,3.489999999999999769e-01,2.080999999999999961e+00
6.599999999999894840e-02,3.040000000000000480e-01,1.993999999999999995e+00
2.899999999999991473e-02,4.139999999999999236e-01,2.008999999999999897e+00
2.799999999999869260e-02,4.119999999999999218e-01,2.117999999999999883e+00
3.599999999999958789e-02,3.960000000000001297e-01,1.984999999999999876e+00
6.299999999999883471e-02,2.989999999999999325e-01,2.173999999999999932e+00
4.199999999999981526e-02,3.790000000000000036e-01,1.953999999999999959e+00
4.899999999999948841e-02,3.600000000000000977e-01,1.918999999999999817e+00
4.599999999999937472e-02,3.760000000000001119e-01,1.829999999999999849e+00
6.099999999999994316e-02,3.069999999999999396e-01,2.142999999999999794e+00
2.499999999999857891e-02,4.099999999999999201e-01,2.290000000000000036e+00
6.499999999999950262e-02,3.080000000000000515e-01,1.945999999999999952e+00
3.099999999999880629e-02,3.910000000000000142e-01,2.278999999999999915e+00
4.199999999999981526e-02,3.609999999999999876e-01,2.214999999999999858e+00
5.599999999999916156e-02,3.300000000000000711e-01,2.016000000000000014e+00
5.899999999999927525e-02,3.069999999999999396e-01,2.229000000000000092e+00
4.399999999999870681e-02,3.540000000000000924e-01,2.213000000000000078e+00
5.999999999999872102e-02,3.169999999999999485e-01,2.054999999999999716e+00
4.599999999999937472e-02,3.580000000000000959e-01,2.077999999999999847e+00
5.799999999999982947e-02,3.229999999999999538e-01,2.050999999999999712e+00
4.599999999999937472e-02,3.629999999999999893e-01,1.991999999999999993e+00
5.699999999999860734e-02,3.340000000000000746e-01,1.944999999999999840e+00
5.899999999999927525e-02,3.089999999999999414e-01,2.209999999999999964e+00
6.899999999999906208e-02,2.860000000000000320e-01,2.096999999999999975e+00
2.999999999999936051e-02,3.970000000000000195e-01,2.219999999999999751e+00
5.100000000000015632e-02,3.460000000000000853e-01,2.036000000000000032e+00
3.799999999999847944e-02,3.979999999999999094e-01,1.864999999999999991e+00
7.699999999999995737e-02,2.540000000000000036e-01,2.189000000000000057e+00
5.199999999999960210e-02,3.309999999999999609e-01,2.209999999999999964e+00
6.099999999999994316e-02,3.129999999999999449e-01,2.036000000000000032e+00
2.999999999999936051e-02,4.030000000000000249e-01,2.149000000000000021e+00
5.100000000000015632e-02,3.440000000000000835e-01,2.064000000000000057e+00
5.199999999999960210e-02,3.460000000000000853e-01,1.986999999999999877e+00
2.899999999999991473e-02,4.119999999999999218e-01,2.045999999999999819e+00
5.899999999999927525e-02,3.069999999999999396e-01,2.229000000000000092e+00
3.999999999999914735e-02,3.669999999999999929e-01,2.231999999999999762e+00
2.599999999999980105e-02,4.110000000000000320e-01,2.223999999999999755e+00
5.399999999999849365e-02,3.349999999999999645e-01,2.040999999999999925e+00
3.899999999999970157e-02,3.810000000000000053e-01,2.080000000000000071e+00
6.799999999999961631e-02,2.889999999999999236e-01,2.112999999999999989e+00
3.200000000000002842e-02,4.090000000000000302e-01,1.980999999999999872e+00
6.299999999999883471e-02,3.009999999999999343e-01,2.133999999999999897e+00
6.099999999999994316e-02,3.209999999999999520e-01,1.936999999999999833e+00
3.999999999999914735e-02,3.910000000000000142e-01,1.891000000000000014e+00
5.499999999999971578e-02,3.449999999999999734e-01,1.883000000000000007e+00
2.799999999999869260e-02,4.130000000000000338e-01,2.104000000000000092e+00
3.599999999999958789e-02,3.940000000000001279e-01,2.012000000000000011e+00
7.199999999999917577e-02,2.700000000000000178e-01,2.211999999999999744e+00
4.099999999999859313e-02,3.910000000000000142e-01,1.839999999999999858e+00
2.399999999999913314e-02,4.150000000000000355e-01,2.259999999999999787e+00
4.199999999999981526e-02,3.820000000000001172e-01,1.922999999999999821e+00
3.299999999999947420e-02,3.820000000000001172e-01,2.319999999999999840e+00
3.399999999999891998e-02,3.900000000000001243e-01,2.149999999999999911e+00
6.400000000000005684e-02,3.109999999999999432e-01,1.953999999999999959e+00
2.599999999999980105e-02,4.110000000000000320e-01,2.193999999999999950e+00
4.199999999999981526e-02,3.800000000000001155e-01,1.938999999999999835e+00
5.399999999999849365e-02,3.349999999999999645e-01,2.076000000000000068e+00
6.899999999999906208e-02,2.769999999999999130e-01,2.230999999999999872e+00
3.699999999999903366e-02,3.720000000000001084e-01,2.286999999999999922e+00
4.899999999999948841e-02,3.620000000000000995e-01,1.907999999999999918e+00
4.099999999999859313e-02,3.580000000000000959e-01,2.318999999999999950e+00
4.899999999999948841e-02,3.549999999999999822e-01,2.006000000000000227e+00
2.899999999999991473e-02,4.150000000000000355e-01,2.028000000000000025e+00
3.299999999999947420e-02,4.110000000000000320e-01,1.910999999999999810e+00
3.299999999999947420e-02,3.960000000000001297e-01,2.113999999999999879e+00
5.399999999999849365e-02,3.489999999999999769e-01,1.868999999999999995e+00
5.399999999999849365e-02,3.280000000000000693e-01,2.163999999999999702e+00
5.799999999999982947e-02,3.189999999999999503e-01,2.128000000000000114e+00
6.899999999999906208e-02,2.949999999999999289e-01,1.958999999999999853e+00
3.999999999999914735e-02,3.669999999999999929e-01,2.223999999999999755e+00
4.099999999999859313e-02,3.640000000000001013e-01,2.227999999999999758e+00
4.099999999999859313e-02,3.800000000000001155e-01,1.967999999999999972e+00
4.299999999999926104e-02,3.529999999999999805e-01,2.278999999999999915e+00
4.399999999999870681e-02,3.750000000000000000e-01,1.914999999999999813e+00
4.899999999999948841e-02,3.660000000000001030e-01,1.849999999999999867e+00
4.099999999999859313e-02,3.700000000000001066e-01,2.113999999999999879e+00
3.799999999999847944e-02,3.760000000000001119e-01,2.185999999999999943e+00
4.999999999999893419e-02,3.300000000000000711e-01,2.324999999999999734e+00
2.799999999999869260e-02,4.090000000000000302e-01,2.133999999999999897e+00
7.599999999999873523e-02,2.700000000000000178e-01,2.022000000000000242e+00
5.100000000000015632e-02,3.480000000000000870e-01,2.000000000000000000e+00
3.099999999999880629e-02,4.030000000000000249e-01,2.116000000000000103e+00
6.099999999999994316e-02,3.029999999999999361e-01,2.237000000000000099e+00
6.700000000000017053e-02,2.829999999999999183e-01,2.247999999999999776e+00
3.799999999999847944e-02,3.920000000000001261e-01,1.935999999999999943e+00
6.299999999999883471e-02,3.020000000000000462e-01,2.114999999999999769e+00
4.999999999999893419e-02,3.609999999999999876e-01,1.848999999999999977e+00
3.899999999999970157e-02,3.999999999999999112e-01,1.785999999999999810e+00
8.199999999999896261e-02,2.500000000000000000e-01,2.054999999999999716e+00
3.599999999999958789e-02,4.019999999999999130e-01,1.887999999999999901e+00
3.299999999999947420e-02,3.900000000000001243e-01,2.183999999999999719e+00
7.799999999999940314e-02,2.540000000000000036e-01,2.183999999999999719e+00
3.899999999999970157e-02,3.750000000000000000e-01,2.154999999999999805e+00
5.199999999999960210e-02,3.500000000000000888e-01,1.927999999999999936e+00
5.699999999999860734e-02,3.360000000000000764e-01,1.893000000000000016e+00
3.500000000000014211e-02,4.090000000000000302e-01,1.833999999999999853e+00
4.399999999999870681e-02,3.720000000000001084e-01,1.973999999999999977e+00
6.099999999999994316e-02,3.020000000000000462e-01,2.241000000000000103e+00
6.999999999999850786e-02,2.900000000000000355e-01,1.995999999999999996e+00
3.899999999999970157e-02,3.740000000000001101e-01,2.144000000000000128e+00
3.899999999999970157e-02,3.920000000000001261e-01,1.907000000000000028e+00
3.099999999999880629e-02,4.130000000000000338e-01,1.966999999999999860e+00
4.399999999999870681e-02,3.620000000000000995e-01,2.101999999999999869e+00
2.799999999999869260e-02,4.070000000000000284e-01,2.156000000000000139e+00
3.500000000000014211e-02,3.940000000000001279e-01,2.062999999999999723e+00
5.499999999999971578e-02,3.369999999999999662e-01,1.983999999999999986e+00
8.699999999999974420e-02,2.250000000000000888e-01,2.183999999999999719e+00
6.899999999999906208e-02,2.880000000000000338e-01,2.084999999999999964e+00
3.699999999999903366e-02,4.050000000000000266e-01,1.804999999999999938e+00
3.799999999999847944e-02,3.960000000000001297e-01,1.893999999999999906e+00
6.799999999999961631e-02,2.929999999999999272e-01,2.028000000000000025e+00
5.599999999999916156e-02,3.360000000000000764e-01,1.972999999999999865e+00
5.100000000000015632e-02,3.500000000000000888e-01,1.960999999999999854e+00
5.799999999999982947e-02,3.220000000000000639e-01,2.074999999999999734e+00
4.899999999999948841e-02,3.649999999999999911e-01,1.832999999999999963e+00
6.199999999999938893e-02,2.960000000000000409e-01,2.277000000000000135e+00
7.399999999999984368e-02,2.740000000000000213e-01,2.049999999999999822e+00
4.599999999999937472e-02,3.709999999999999964e-01,1.897999999999999909e+00
4.499999999999992895e-02,3.689999999999999947e-01,1.961999999999999966e+00
4.999999999999893419e-02,3.469999999999999751e-01,2.062999999999999723e+00
3.999999999999914735e-02,3.629999999999999893e-01,2.262999999999999901e+00
4.599999999999937472e-02,3.600000000000000977e-01,2.061999999999999833e+00
3.500000000000014211e-02,3.800000000000001155e-01,2.279999999999999805e+00
7.399999999999984368e-02,2.680000000000000160e-01,2.132000000000000117e+00
4.899999999999948841e-02,3.620000000000000995e-01,1.860999999999999988e+00
5.100000000000015632e-02,3.460000000000000853e-01,2.008000000000000007e+00
3.500000000000014211e-02,3.930000000000000160e-01,2.081999999999999851e+00
4.599999999999937472e-02,3.700000000000001066e-01,1.893999999999999906e+00
5.399999999999849365e-02,3.400000000000000799e-01,1.997999999999999998e+00
6.999999999999850786e-02,2.860000000000000320e-01,2.068999999999999950e+00
4.199999999999981526e-02,3.640000000000001013e-01,2.170999999999999819e+00
5.999999999999872102e-02,3.229999999999999538e-01,1.958999999999999853e+00
4.899999999999948841e-02,3.480000000000000870e-01,2.080999999999999961e+00
4.999999999999893419e-02,3.560000000000000941e-01,1.925999999999999934e+00
5.999999999999872102e-02,3.220000000000000639e-01,1.964999999999999858e+00
7.499999999999928946e-02,2.729999999999999094e-01,2.036999999999999922e+00
3.799999999999847944e-02,3.729999999999999982e-01,2.206999999999999851e+00
3.500000000000014211e-02,3.830000000000000071e-01,2.203999999999999737e+00
3.500000000000014211e-02,3.940000000000001279e-01,2.068000000000000060e+00
8.399999999999963052e-02,2.399999999999999911e-01,2.080999999999999961e+00
3.799999999999847944e-02,3.810000000000000053e-01,2.129000000000000004e+00
9.499999999999886313e-02,2.050000000000000711e-01,2.129000000000000004e+00
2.899999999999991473e-02,4.059999999999999165e-01,2.156000000000000139e+00
7.099999999999972999e-02,2.760000000000000231e-01,2.161000000000000032e+00
5.699999999999860734e-02,3.300000000000000711e-01,1.975999999999999979e+00
5.599999999999916156e-02,3.160000000000000586e-01,2.230999999999999872e+00
7.499999999999928946e-02,2.610000000000001208e-01,2.169000000000000039e+00
3.599999999999958789e-02,4.050000000000000266e-01,1.822999999999999954e+00
3.200000000000002842e-02,4.030000000000000249e-01,2.065999999999999837e+00
5.399999999999849365e-02,3.429999999999999716e-01,1.929999999999999938e+00
3.899999999999970157e-02,4.010000000000000231e-01,1.760000000000000009e+00
8.099999999999951683e-02,2.439999999999999947e-01,2.173999999999999932e+00
3.599999999999958789e-02,3.900000000000001243e-01,2.081999999999999851e+00
5.599999999999916156e-02,3.249999999999999556e-01,2.109999999999999876e+00
3.699999999999903366e-02,4.019999999999999130e-01,1.854999999999999982e+00
3.899999999999970157e-02,3.770000000000000018e-01,2.129999999999999893e+00
5.399999999999849365e-02,3.349999999999999645e-01,2.041999999999999815e+00
3.799999999999847944e-02,3.999999999999999112e-01,1.837999999999999856e+00
6.799999999999961631e-02,2.840000000000000302e-01,2.193000000000000060e+00
6.400000000000005684e-02,3.100000000000000533e-01,1.952999999999999847e+00
3.799999999999847944e-02,3.740000000000001101e-01,2.205000000000000071e+00
4.999999999999893419e-02,3.449999999999999734e-01,2.072999999999999954e+00
5.599999999999916156e-02,3.240000000000000657e-01,2.133999999999999897e+00
3.799999999999847944e-02,3.930000000000000160e-01,1.943999999999999950e+00
5.199999999999960210e-02,3.560000000000000941e-01,1.851999999999999869e+00
8.300000000000018474e-02,2.410000000000001030e-01,2.129000000000000004e+00
4.800000000000004263e-02,3.660000000000001030e-01,1.891000000000000014e+00
3.500000000000014211e-02,4.110000000000000320e-01,1.814999999999999947e+00
3.599999999999958789e-02,3.820000000000001172e-01,2.173999999999999932e+00
4.599999999999937472e-02,3.669999999999999929e-01,1.966999999999999860e+00
4.299999999999926104e-02,3.520000000000000906e-01,2.316999999999999726e+00
3.799999999999847944e-02,3.750000000000000000e-01,2.175999999999999712e+00
3.699999999999903366e-02,3.930000000000000160e-01,1.993999999999999995e+00
6.799999999999961631e-02,2.920000000000000373e-01,2.052000000000000046e+00
3.399999999999891998e-02,3.900000000000001243e-01,2.183999999999999719e+00
4.299999999999926104e-02,3.740000000000001101e-01,2.006000000000000227e+00
6.400000000000005684e-02,3.060000000000000497e-01,2.020000000000000018e+00
6.199999999999938893e-02,2.980000000000000426e-01,2.262999999999999901e+00
4.699999999999882050e-02,3.669999999999999929e-01,1.905999999999999917e+00
4.599999999999937472e-02,3.709999999999999964e-01,1.883999999999999897e+00
3.299999999999947420e-02,4.059999999999999165e-01,1.947999999999999954e+00
6.199999999999938893e-02,3.180000000000000604e-01,1.961999999999999966e+00
5.399999999999849365e-02,3.349999999999999645e-01,2.076999999999999957e+00
4.099999999999859313e-02,3.660000000000001030e-01,2.189999999999999947e+00
6.099999999999994316e-02,3.080000000000000515e-01,2.156000000000000139e+00
7.099999999999972999e-02,2.860000000000000320e-01,2.036999999999999922e+00
6.299999999999883471e-02,3.160000000000000586e-01,1.942999999999999838e+00
5.199999999999960210e-02,3.360000000000000764e-01,2.113999999999999879e+00
6.199999999999938893e-02,3.100000000000000533e-01,2.065999999999999837e+00
5.899999999999927525e-02,3.109999999999999432e-01,2.187999999999999723e+00
7.499999999999928946e-02,2.650000000000001243e-01,2.125000000000000000e+00
3.599999999999958789e-02,3.870000000000000107e-01,2.092000000000000082e+00
6.400000000000005684e-02,3.120000000000000551e-01,1.944999999999999840e+00
8.399999999999963052e-02,2.319999999999999840e-01,2.203999999999999737e+00
3.999999999999914735e-02,3.830000000000000071e-01,1.972999999999999865e+00
3.799999999999847944e-02,3.870000000000000107e-01,2.032000000000000028e+00
4.599999999999937472e-02,3.720000000000001084e-01,1.899999999999999911e+00
3.699999999999903366e-02,3.860000000000001208e-01,2.092999999999999972e+00
5.799999999999982947e-02,3.180000000000000604e-01,2.108000000000000096e+00
3.799999999999847944e-02,3.880000000000001226e-01,2.019000000000000128e+00
4.999999999999893419e-02,3.369999999999999662e-01,2.217999999999999972e+00
2.499999999999857891e-02,4.159999999999999254e-01,2.181999999999999940e+00
6.099999999999994316e-02,3.040000000000000480e-01,2.209999999999999964e+00
4.099999999999859313e-02,3.880000000000001226e-01,1.891000000000000014e+00
7.599999999999873523e-02,2.700000000000000178e-01,2.031000000000000139e+00
2.699999999999924682e-02,4.050000000000000266e-01,2.258999999999999897e+00
3.099999999999880629e-02,4.050000000000000266e-01,2.086999999999999744e+00
6.999999999999850786e-02,2.849999999999999201e-01,2.090999999999999748e+00
7.399999999999984368e-02,2.740000000000000213e-01,2.033999999999999808e+00
3.500000000000014211e-02,3.770000000000000018e-01,2.286000000000000032e+00
5.100000000000015632e-02,3.429999999999999716e-01,2.056000000000000050e+00
7.899999999999884892e-02,2.600000000000000089e-01,2.036000000000000032e+00
5.999999999999872102e-02,3.280000000000000693e-01,1.901999999999999913e+00
2.999999999999936051e-02,4.150000000000000355e-01,1.984999999999999876e+00
3.999999999999914735e-02,3.680000000000001048e-01,2.193000000000000060e+00
4.899999999999948841e-02,3.309999999999999609e-01,2.327999999999999847e+00
3.799999999999847944e-02,3.999999999999999112e-01,1.844999999999999973e+00
5.499999999999971578e-02,3.420000000000000817e-01,1.901000000000000023e+00
2.299999999999968736e-02,4.139999999999999236e-01,2.312999999999999723e+00
7.399999999999984368e-02,2.769999999999999130e-01,1.996999999999999886e+00
2.699999999999924682e-02,4.030000000000000249e-01,2.294000000000000039e+00
7.099999999999972999e-02,2.769999999999999130e-01,2.136000000000000121e+00
8.300000000000018474e-02,2.379999999999999893e-01,2.182999999999999829e+00
4.899999999999948841e-02,3.380000000000000782e-01,2.225000000000000089e+00
6.700000000000017053e-02,2.820000000000000284e-01,2.238999999999999879e+00
4.599999999999937472e-02,3.660000000000001030e-01,1.955999999999999961e+00
5.699999999999860734e-02,3.220000000000000639e-01,2.096000000000000085e+00
4.199999999999981526e-02,3.660000000000001030e-01,2.141000000000000014e+00
3.399999999999891998e-02,3.930000000000000160e-01,2.105999999999999872e+00
3.699999999999903366e-02,4.050000000000000266e-01,1.783999999999999808e+00
3.699999999999903366e-02,4.019999999999999130e-01,1.855999999999999872e+00
6.400000000000005684e-02,3.120000000000000551e-01,1.926999999999999824e+00
7.699999999999995737e-02,2.540000000000000036e-01,2.213000000000000078e+00
5.599999999999916156e-02,3.189999999999999503e-01,2.214999999999999858e+00
6.899999999999906208e-02,2.960000000000000409e-01,1.964999999999999858e+00
6.400000000000005684e-02,2.989999999999999325e-01,2.125000000000000000e+00
4.399999999999870681e-02,3.820000000000001172e-01,1.827999999999999847e+00
3.200000000000002842e-02,4.070000000000000284e-01,1.982999999999999874e+00
3.699999999999903366e-02,3.860000000000001208e-01,2.060000000000000053e+00
6.199999999999938893e-02,3.100000000000000533e-01,2.084000000000000075e+00
7.499999999999928946e-02,2.680000000000000160e-01,2.092999999999999972e+00
2.899999999999991473e-02,4.030000000000000249e-01,2.197999999999999954e+00
6.099999999999994316e-02,3.109999999999999432e-01,2.082999999999999741e+00
3.500000000000014211e-02,4.079999999999999183e-01,1.835999999999999854e+00
3.799999999999847944e-02,3.740000000000001101e-01,2.186999999999999833e+00
8.399999999999963052e-02,2.419999999999999929e-01,2.078999999999999737e+00
5.699999999999860734e-02,3.209999999999999520e-01,2.109999999999999876e+00
5.899999999999927525e-02,3.160000000000000586e-01,2.117999999999999883e+00
3.399999999999891998e-02,3.920000000000001261e-01,2.124000000000000110e+00
3.200000000000002842e-02,3.979999999999999094e-01,2.130999999999999783e+00
4.199999999999981526e-02,3.700000000000001066e-01,2.094999999999999751e+00
9.699999999999953104e-02,1.970000000000000639e-01,2.145000000000000018e+00
6.799999999999961631e-02,2.969999999999999307e-01,1.984999999999999876e+00
3.500000000000014211e-02,3.920000000000001261e-01,2.080000000000000071e+00
3.599999999999958789e-02,3.729999999999999982e-01,2.306999999999999940e+00
4.299999999999926104e-02,3.860000000000001208e-01,1.808999999999999941e+00
6.299999999999883471e-02,3.080000000000000515e-01,2.050999999999999712e+00
4.999999999999893419e-02,3.469999999999999751e-01,2.036999999999999922e+00
9.299999999999997158e-02,2.110000000000000764e-01,2.140000000000000124e+00
4.299999999999926104e-02,3.580000000000000959e-01,2.227999999999999758e+00
4.899999999999948841e-02,3.520000000000000906e-01,2.050999999999999712e+00
3.500000000000014211e-02,4.059999999999999165e-01,1.870999999999999996e+00
2.399999999999913314e-02,4.130000000000000338e-01,2.269000000000000128e+00
3.899999999999970157e-02,3.950000000000000178e-01,1.854999999999999982e+00
3.599999999999958789e-02,3.740000000000001101e-01,2.310000000000000053e+00
3.799999999999847944e-02,3.729999999999999982e-01,2.222999999999999865e+00
4.999999999999893419e-02,3.269999999999999574e-01,2.338999999999999968e+00
5.499999999999971578e-02,3.389999999999999680e-01,1.966999999999999860e+00
3.399999999999891998e-02,3.760000000000001119e-01,2.343999999999999861e+00
8.499999999999907629e-02,2.359999999999999876e-01,2.084000000000000075e+00
4.499999999999992895e-02,3.770000000000000018e-01,1.841999999999999860e+00
6.599999999999894840e-02,2.940000000000000391e-01,2.130999999999999783e+00
5.199999999999960210e-02,3.440000000000000835e-01,2.016000000000000014e+00
2.799999999999869260e-02,3.960000000000001297e-01,2.316999999999999726e+00
3.399999999999891998e-02,4.019999999999999130e-01,1.974999999999999867e+00
5.999999999999872102e-02,3.109999999999999432e-01,2.137000000000000011e+00
4.099999999999859313e-02,3.640000000000001013e-01,2.222999999999999865e+00
3.299999999999947420e-02,3.990000000000000213e-01,2.046999999999999709e+00
6.899999999999906208e-02,2.940000000000000391e-01,1.961999999999999966e+00
5.899999999999927525e-02,3.080000000000000515e-01,2.246999999999999886e+00
3.200000000000002842e-02,4.050000000000000266e-01,2.028000000000000025e+00
3.599999999999958789e-02,4.019999999999999130e-01,1.881000000000000005e+00
7.299999999999862155e-02,2.630000000000001226e-01,2.241999999999999993e+00
4.499999999999992895e-02,3.580000000000000959e-01,2.152000000000000135e+00
3.699999999999903366e-02,3.930000000000000160e-01,2.004999999999999893e+00
4.800000000000004263e-02,3.600000000000000977e-01,1.975999999999999979e+00
3.899999999999970157e-02,3.669999999999999929e-01,2.266999999999999904e+00
3.899999999999970157e-02,3.830000000000000071e-01,2.022000000000000242e+00
4.299999999999926104e-02,3.870000000000000107e-01,1.809999999999999831e+00
4.499999999999992895e-02,3.700000000000001066e-01,1.951999999999999957e+00
4.800000000000004263e-02,3.640000000000001013e-01,1.916999999999999815e+00
9.399999999999941735e-02,2.079999999999999627e-01,2.133000000000000007e+00
6.499999999999950262e-02,2.940000000000000391e-01,2.141999999999999904e+00
4.499999999999992895e-02,3.540000000000000924e-01,2.210999999999999854e+00
5.100000000000015632e-02,3.389999999999999680e-01,2.116000000000000103e+00
5.799999999999982947e-02,3.240000000000000657e-01,2.033999999999999808e+00
5.299999999999904787e-02,3.509999999999999787e-01,1.864999999999999991e+00
4.499999999999992895e-02,3.509999999999999787e-01,2.253000000000000114e+00
3.200000000000002842e-02,3.910000000000000142e-01,2.221999999999999975e+00
7.699999999999995737e-02,2.570000000000001172e-01,2.174999999999999822e+00
5.699999999999860734e-02,3.349999999999999645e-01,1.905000000000000027e+00
5.799999999999982947e-02,3.189999999999999503e-01,2.128000000000000114e+00
5.599999999999916156e-02,3.400000000000000799e-01,1.887999999999999901e+00
4.299999999999926104e-02,3.600000000000000977e-01,2.187999999999999723e+00
4.499999999999992895e-02,3.770000000000000018e-01,1.852999999999999980e+00
5.399999999999849365e-02,3.469999999999999751e-01,1.893999999999999906e+00
5.899999999999927525e-02,3.300000000000000711e-01,1.903999999999999915e+00
6.999999999999850786e-02,2.749999999999999112e-01,2.222999999999999865e+00
6.599999999999894840e-02,2.909999999999999254e-01,2.144000000000000128e+00
5.999999999999872102e-02,3.069999999999999396e-01,2.214999999999999858e+00
5.399999999999849365e-02,3.420000000000000817e-01,1.934999999999999831e+00
3.699999999999903366e-02,4.050000000000000266e-01,1.816999999999999948e+00
5.899999999999927525e-02,3.100000000000000533e-01,2.191999999999999726e+00
2.399999999999913314e-02,4.119999999999999218e-01,2.288999999999999702e+00
5.999999999999872102e-02,3.129999999999999449e-01,2.109999999999999876e+00
5.499999999999971578e-02,3.309999999999999609e-01,2.048000000000000043e+00
2.899999999999991473e-02,4.059999999999999165e-01,2.141000000000000014e+00
3.299999999999947420e-02,3.880000000000001226e-01,2.246999999999999886e+00
4.199999999999981526e-02,3.820000000000001172e-01,1.922999999999999821e+00
4.800000000000004263e-02,3.600000000000000977e-01,1.975999999999999979e+00
7.199999999999917577e-02,2.670000000000001261e-01,2.237999999999999989e+00
5.599999999999916156e-02,3.409999999999999698e-01,1.891000000000000014e+00
3.599999999999958789e-02,4.019999999999999130e-01,1.863999999999999879e+00
3.200000000000002842e-02,3.860000000000001208e-01,2.322999999999999954e+00
5.199999999999960210e-02,3.329999999999999627e-01,2.181999999999999940e+00
7.499999999999928946e-02,2.700000000000000178e-01,2.052999999999999936e+00
8.999999999999985789e-02,2.190000000000000835e-01,2.145999999999999908e+00
8.300000000000018474e-02,2.439999999999999947e-01,2.060000000000000053e+00
5.699999999999860734e-02,3.149999999999999467e-01,2.221999999999999975e+00
5.199999999999960210e-02,3.280000000000000693e-01,2.237000000000000099e+00
6.400000000000005684e-02,3.140000000000000568e-01,1.927999999999999936e+00
7.099999999999972999e-02,2.789999999999999147e-01,2.100000000000000089e+00
2.799999999999869260e-02,4.030000000000000249e-01,2.223999999999999755e+00
3.999999999999914735e-02,3.950000000000000178e-01,1.802999999999999936e+00
4.499999999999992895e-02,3.569999999999999840e-01,2.124000000000000110e+00
5.499999999999971578e-02,3.289999999999999591e-01,2.102999999999999758e+00
6.700000000000017053e-02,3.009999999999999343e-01,1.987999999999999989e+00
3.099999999999880629e-02,4.099999999999999201e-01,1.996999999999999886e+00
5.899999999999927525e-02,3.260000000000000675e-01,1.963999999999999968e+00
8.799999999999918998e-02,2.230000000000000870e-01,2.177000000000000046e+00
4.599999999999937472e-02,3.669999999999999929e-01,1.952999999999999847e+00
8.300000000000018474e-02,2.439999999999999947e-01,2.076000000000000068e+00
6.099999999999994316e-02,3.080000000000000515e-01,2.158999999999999808e+00
5.899999999999927525e-02,3.229999999999999538e-01,2.022000000000000242e+00
9.299999999999997158e-02,2.079999999999999627e-01,2.165000000000000036e+00
6.400000000000005684e-02,3.049999999999999378e-01,2.050999999999999712e+00
3.899999999999970157e-02,3.720000000000001084e-01,2.189000000000000057e+00
6.899999999999906208e-02,2.889999999999999236e-01,2.034999999999999698e+00
4.499999999999992895e-02,3.689999999999999947e-01,1.989999999999999991e+00
6.700000000000017053e-02,2.900000000000000355e-01,2.120999999999999996e+00
2.999999999999936051e-02,4.130000000000000338e-01,2.006000000000000227e+00
4.599999999999937472e-02,3.549999999999999822e-01,2.154999999999999805e+00
3.999999999999914735e-02,3.700000000000001066e-01,2.187999999999999723e+00
6.400000000000005684e-02,3.000000000000000444e-01,2.104999999999999982e+00
6.400000000000005684e-02,3.089999999999999414e-01,1.997999999999999998e+00
6.400000000000005684e-02,2.909999999999999254e-01,2.246999999999999886e+00
5.100000000000015632e-02,3.489999999999999769e-01,2.008000000000000007e+00
3.899999999999970157e-02,3.880000000000001226e-01,1.942999999999999838e+00
7.599999999999873523e-02,2.640000000000000124e-01,2.092000000000000082e+00
6.499999999999950262e-02,3.000000000000000444e-01,2.077999999999999847e+00
8.000000000000007105e-02,2.560000000000000053e-01,2.038999999999999702e+00
3.399999999999891998e-02,3.960000000000001297e-01,2.065999999999999837e+00
5.100000000000015632e-02,3.409999999999999698e-01,2.088999999999999968e+00
5.499999999999971578e-02,3.249999999999999556e-01,2.165000000000000036e+00
5.399999999999849365e-02,3.340000000000000746e-01,2.072999999999999954e+00
2.699999999999924682e-02,4.030000000000000249e-01,2.296999999999999709e+00
2.799999999999869260e-02,4.099999999999999201e-01,2.120000000000000107e+00
4.999999999999893419e-02,3.620000000000000995e-01,1.863999999999999879e+00
5.899999999999927525e-02,3.320000000000000728e-01,1.897000000000000020e+00
4.999999999999893419e-02,3.329999999999999627e-01,2.253000000000000114e+00
3.999999999999914735e-02,3.740000000000001101e-01,2.129000000000000004e+00
6.999999999999850786e-02,2.849999999999999201e-01,2.066999999999999726e+00
3.799999999999847944e-02,3.960000000000001297e-01,1.885999999999999899e+00
6.499999999999950262e-02,3.080000000000000515e-01,1.978999999999999870e+00
4.999999999999893419e-02,3.420000000000000817e-01,2.138999999999999790e+00
6.099999999999994316e-02,3.180000000000000604e-01,2.003000000000000114e+00
7.099999999999972999e-02,2.800000000000000266e-01,2.104000000000000092e+00
4.699999999999882050e-02,3.669999999999999929e-01,1.879000000000000004e+00
4.299999999999926104e-02,3.600000000000000977e-01,2.197999999999999954e+00
7.699999999999995737e-02,2.570000000000001172e-01,2.173000000000000043e+00
5.399999999999849365e-02,3.320000000000000728e-01,2.088999999999999968e+00
9.299999999999997158e-02,2.110000000000000764e-01,2.118999999999999773e+00
5.599999999999916156e-02,3.340000000000000746e-01,2.002000000000000224e+00
4.099999999999859313e-02,3.940000000000001279e-01,1.774000000000000021e+00
4.800000000000004263e-02,3.569999999999999840e-01,2.000000000000000000e+00
4.899999999999948841e-02,3.420000000000000817e-01,2.181000000000000050e+00
2.999999999999936051e-02,3.940000000000001279e-01,2.282000000000000028e+00
6.499999999999950262e-02,3.040000000000000480e-01,2.016000000000000014e+00
3.999999999999914735e-02,3.620000000000000995e-01,2.277000000000000135e+00
3.599999999999958789e-02,3.999999999999999112e-01,1.926999999999999824e+00
3.899999999999970157e-02,3.999999999999999112e-01,1.786999999999999922e+00
5.100000000000015632e-02,3.529999999999999805e-01,1.951999999999999957e+00
5.599999999999916156e-02,3.349999999999999645e-01,1.956999999999999851e+00
3.599999999999958789e-02,3.870000000000000107e-01,2.122999999999999776e+00
6.799999999999961631e-02,2.840000000000000302e-01,2.187999999999999723e+00
4.699999999999882050e-02,3.409999999999999698e-01,2.302999999999999936e+00
6.099999999999994316e-02,3.089999999999999414e-01,2.112999999999999989e+00
3.799999999999847944e-02,3.780000000000001137e-01,2.158999999999999808e+00
5.499999999999971578e-02,3.289999999999999591e-01,2.105999999999999872e+00
3.799999999999847944e-02,3.850000000000000089e-01,2.048999999999999932e+00
4.599999999999937472e-02,3.629999999999999893e-01,1.990999999999999881e+00
4.499999999999992895e-02,3.509999999999999787e-01,2.234999999999999876e+00
7.299999999999862155e-02,2.769999999999999130e-01,2.072000000000000064e+00
6.299999999999883471e-02,2.969999999999999307e-01,2.213999999999999968e+00
3.599999999999958789e-02,3.990000000000000213e-01,1.933999999999999941e+00
7.399999999999984368e-02,2.749999999999999112e-01,2.019000000000000128e+00
7.799999999999940314e-02,2.630000000000001226e-01,2.019000000000000128e+00
6.199999999999938893e-02,3.080000000000000515e-01,2.088000000000000078e+00
4.699999999999882050e-02,3.669999999999999929e-01,1.918999999999999817e+00
5.199999999999960210e-02,3.520000000000000906e-01,1.917999999999999927e+00
3.699999999999903366e-02,4.059999999999999165e-01,1.774999999999999911e+00
6.999999999999850786e-02,2.929999999999999272e-01,1.966999999999999860e+00
4.299999999999926104e-02,3.820000000000001172e-01,1.850999999999999979e+00
7.799999999999940314e-02,2.500000000000000000e-01,2.209999999999999964e+00
2.399999999999913314e-02,4.150000000000000355e-01,2.258000000000000007e+00
4.899999999999948841e-02,3.640000000000001013e-01,1.869999999999999885e+00
3.099999999999880629e-02,4.090000000000000302e-01,2.027000000000000135e+00
2.399999999999913314e-02,4.170000000000000373e-01,2.226999999999999869e+00
3.500000000000014211e-02,3.890000000000000124e-01,2.114999999999999769e+00
4.299999999999926104e-02,3.760000000000001119e-01,1.929999999999999938e+00
4.599999999999937472e-02,3.580000000000000959e-01,2.086999999999999744e+00
5.299999999999904787e-02,3.429999999999999716e-01,1.978999999999999870e+00
7.099999999999972999e-02,2.780000000000000249e-01,2.142999999999999794e+00
5.199999999999960210e-02,3.469999999999999751e-01,1.977999999999999980e+00
2.799999999999869260e-02,4.090000000000000302e-01,2.137999999999999901e+00
6.899999999999906208e-02,2.840000000000000302e-01,2.141999999999999904e+00
6.899999999999906208e-02,2.929999999999999272e-01,1.990999999999999881e+00
8.999999999999985789e-02,2.179999999999999716e-01,2.117999999999999883e+00
5.199999999999960210e-02,3.529999999999999805e-01,1.870999999999999996e+00
3.999999999999914735e-02,3.790000000000000036e-01,2.058999999999999719e+00
5.699999999999860734e-02,3.360000000000000764e-01,1.922999999999999821e+00
6.700000000000017053e-02,2.980000000000000426e-01,2.011000000000000121e+00
5.499999999999971578e-02,3.409999999999999698e-01,1.919999999999999929e+00
4.099999999999859313e-02,3.709999999999999964e-01,2.137000000000000011e+00
4.099999999999859313e-02,3.990000000000000213e-01,1.688999999999999835e+00
8.199999999999896261e-02,2.670000000000001261e-01,1.629000000000000004e+00
4.899999999999948841e-02,3.740000000000001101e-01,1.637000000000000011e+00
8.000000000000007105e-02,2.960000000000000409e-01,1.161999999999999922e+00
6.499999999999950262e-02,3.109999999999999432e-01,1.885000000000000009e+00
7.499999999999928946e-02,2.849999999999999201e-01,1.738999999999999879e+00
8.199999999999896261e-02,2.829999999999999183e-01,1.300999999999999934e+00
5.100000000000015632e-02,3.620000000000000995e-01,1.750000000000000000e+00
7.799999999999940314e-02,3.029999999999999361e-01,1.168999999999999817e+00
7.199999999999917577e-02,2.940000000000000391e-01,1.762999999999999901e+00
7.899999999999884892e-02,3.029999999999999361e-01,1.061999999999999833e+00
6.400000000000005684e-02,3.329999999999999627e-01,1.466999999999999860e+00
4.899999999999948841e-02,3.720000000000001084e-01,1.683999999999999941e+00
7.399999999999984368e-02,3.120000000000000551e-01,1.200999999999999845e+00
6.799999999999961631e-02,3.020000000000000462e-01,1.872999999999999998e+00
8.799999999999918998e-02,2.520000000000000018e-01,1.586999999999999966e+00
7.199999999999917577e-02,2.889999999999999236e-01,1.911999999999999922e+00
7.099999999999972999e-02,2.969999999999999307e-01,1.801999999999999824e+00
7.499999999999928946e-02,2.789999999999999147e-01,1.889000000000000012e+00
7.499999999999928946e-02,2.880000000000000338e-01,1.670999999999999819e+00
8.199999999999896261e-02,2.520000000000000018e-01,1.990999999999999881e+00
7.299999999999862155e-02,2.940000000000000391e-01,1.684999999999999831e+00
5.699999999999860734e-02,3.720000000000001084e-01,1.133000000000000007e+00
8.399999999999963052e-02,2.479999999999999982e-01,1.905999999999999917e+00
6.199999999999938893e-02,3.429999999999999716e-01,1.443999999999999950e+00
8.499999999999907629e-02,2.419999999999999929e-01,1.953999999999999959e+00
6.400000000000005684e-02,3.400000000000000799e-01,1.343999999999999861e+00
7.699999999999995737e-02,2.760000000000000231e-01,1.804999999999999938e+00
6.700000000000017053e-02,3.509999999999999787e-01,9.050000000000000266e-01
6.499999999999950262e-02,3.400000000000000799e-01,1.211999999999999966e+00
6.799999999999961631e-02,3.349999999999999645e-01,1.125999999999999890e+00
4.499999999999992895e-02,3.920000000000001261e-01,1.579999999999999849e+00
6.799999999999961631e-02,3.309999999999999609e-01,1.252000000000000002e+00
6.899999999999906208e-02,3.449999999999999734e-01,8.689999999999999947e-01
5.999999999999872102e-02,3.689999999999999947e-01,9.929999999999999938e-01
5.699999999999860734e-02,3.729999999999999982e-01,1.068999999999999950e+00
5.399999999999849365e-02,3.600000000000000977e-01,1.637000000000000011e+00
7.699999999999995737e-02,3.069999999999999396e-01,1.143999999999999906e+00
7.499999999999928946e-02,2.800000000000000266e-01,1.885000000000000009e+00
7.799999999999940314e-02,2.800000000000000266e-01,1.627000000000000002e+00
7.899999999999884892e-02,3.029999999999999361e-01,1.069999999999999840e+00
8.199999999999896261e-02,2.829999999999999183e-01,1.302999999999999936e+00
8.599999999999852207e-02,2.490000000000001101e-01,1.774000000000000021e+00
8.000000000000007105e-02,2.900000000000000355e-01,1.313999999999999835e+00
7.199999999999917577e-02,3.220000000000000639e-01,1.141000000000000014e+00
7.499999999999928946e-02,2.909999999999999254e-01,1.658999999999999808e+00
6.299999999999883471e-02,3.400000000000000799e-01,1.363999999999999879e+00
7.199999999999917577e-02,3.160000000000000586e-01,1.256000000000000005e+00
7.099999999999972999e-02,3.200000000000000622e-01,1.266999999999999904e+00
6.099999999999994316e-02,3.329999999999999627e-01,1.701999999999999957e+00
7.599999999999873523e-02,2.729999999999999094e-01,1.966999999999999860e+00
4.800000000000004263e-02,3.709999999999999964e-01,1.808999999999999941e+00
6.499999999999950262e-02,3.260000000000000675e-01,1.564999999999999947e+00
5.799999999999982947e-02,3.620000000000000995e-01,1.284999999999999920e+00
5.399999999999849365e-02,3.609999999999999876e-01,1.581999999999999851e+00
6.299999999999883471e-02,3.440000000000000835e-01,1.293999999999999817e+00
7.899999999999884892e-02,2.640000000000000124e-01,1.969999999999999973e+00
7.099999999999972999e-02,3.369999999999999662e-01,8.410000000000000808e-01
6.199999999999938893e-02,3.609999999999999876e-01,1.006999999999999895e+00
8.199999999999896261e-02,2.540000000000000036e-01,1.935999999999999943e+00
6.599999999999894840e-02,3.269999999999999574e-01,1.484999999999999876e+00
5.699999999999860734e-02,3.480000000000000870e-01,1.617999999999999883e+00
7.499999999999928946e-02,3.289999999999999591e-01,8.140000000000000568e-01
7.699999999999995737e-02,2.800000000000000266e-01,1.735999999999999988e+00
4.499999999999992895e-02,3.820000000000001172e-01,1.785999999999999810e+00
7.599999999999873523e-02,3.189999999999999503e-01,9.130000000000000338e-01
6.999999999999850786e-02,2.969999999999999307e-01,1.863999999999999879e+00
7.899999999999884892e-02,2.640000000000000124e-01,1.927999999999999936e+00
7.499999999999928946e-02,2.869999999999999218e-01,1.698999999999999844e+00
6.499999999999950262e-02,3.589999999999999858e-01,8.000000000000000444e-01
5.999999999999872102e-02,3.529999999999999805e-01,1.337999999999999856e+00
6.999999999999850786e-02,2.980000000000000426e-01,1.802999999999999936e+00
5.199999999999960210e-02,3.810000000000000053e-01,1.317999999999999838e+00
8.399999999999963052e-02,2.470000000000001084e-01,1.941999999999999948e+00
5.299999999999904787e-02,3.709999999999999964e-01,1.433999999999999941e+00
7.699999999999995737e-02,3.080000000000000515e-01,1.113999999999999879e+00
7.499999999999928946e-02,2.869999999999999218e-01,1.740999999999999881e+00
5.199999999999960210e-02,3.589999999999999858e-01,1.766000000000000014e+00
7.399999999999984368e-02,2.980000000000000426e-01,1.549999999999999822e+00
8.499999999999907629e-02,2.660000000000000142e-01,1.462999999999999856e+00
6.899999999999906208e-02,3.029999999999999361e-01,1.774000000000000021e+00
8.099999999999951683e-02,2.620000000000000107e-01,1.806999999999999940e+00
7.699999999999995737e-02,2.880000000000000338e-01,1.564999999999999947e+00
8.499999999999907629e-02,2.410000000000001030e-01,2.008000000000000007e+00
5.599999999999916156e-02,3.760000000000001119e-01,1.111999999999999877e+00
5.399999999999849365e-02,3.720000000000001084e-01,1.350999999999999979e+00
6.799999999999961631e-02,3.080000000000000515e-01,1.785999999999999810e+00
7.899999999999884892e-02,2.980000000000000426e-01,1.165999999999999925e+00
7.599999999999873523e-02,2.860000000000000320e-01,1.701999999999999957e+00
6.099999999999994316e-02,3.340000000000000746e-01,1.667999999999999927e+00
7.799999999999940314e-02,2.820000000000000284e-01,1.602999999999999980e+00
5.100000000000015632e-02,3.720000000000001084e-01,1.541999999999999815e+00
4.599999999999937472e-02,3.890000000000000124e-01,1.538999999999999924e+00
5.199999999999960210e-02,3.720000000000001084e-01,1.453999999999999959e+00
6.700000000000017053e-02,3.529999999999999805e-01,8.519999999999999796e-01
7.899999999999884892e-02,2.740000000000000213e-01,1.697999999999999954e+00
7.099999999999972999e-02,3.320000000000000728e-01,1.028999999999999915e+00
5.199999999999960210e-02,3.629999999999999893e-01,1.680999999999999828e+00
6.899999999999906208e-02,3.120000000000000551e-01,1.604999999999999982e+00
7.299999999999862155e-02,3.189999999999999503e-01,1.157000000000000028e+00
6.400000000000005684e-02,3.300000000000000711e-01,1.537999999999999812e+00
5.299999999999904787e-02,3.740000000000001101e-01,1.368999999999999995e+00
6.999999999999850786e-02,3.440000000000000835e-01,7.850000000000000311e-01
7.199999999999917577e-02,3.060000000000000497e-01,1.512000000000000011e+00
8.300000000000018474e-02,2.740000000000000213e-01,1.405000000000000027e+00
6.599999999999894840e-02,3.320000000000000728e-01,1.373999999999999888e+00
6.799999999999961631e-02,3.460000000000000853e-01,9.310000000000000497e-01
8.699999999999974420e-02,2.560000000000000053e-01,1.568999999999999950e+00
8.499999999999907629e-02,2.490000000000001101e-01,1.861999999999999877e+00
4.800000000000004263e-02,3.770000000000000018e-01,1.677999999999999936e+00
5.399999999999849365e-02,3.740000000000001101e-01,1.274999999999999911e+00
6.799999999999961631e-02,3.189999999999999503e-01,1.516999999999999904e+00
8.099999999999951683e-02,2.760000000000000231e-01,1.495999999999999996e+00
8.599999999999852207e-02,2.399999999999999911e-01,2.007000000000000117e+00
7.699999999999995737e-02,2.760000000000000231e-01,1.809999999999999831e+00
7.099999999999972999e-02,3.209999999999999520e-01,1.226999999999999869e+00
8.099999999999951683e-02,2.760000000000000231e-01,1.547999999999999821e+00
5.799999999999982947e-02,3.580000000000000959e-01,1.387000000000000011e+00
6.499999999999950262e-02,3.560000000000000941e-01,9.380000000000000560e-01
6.700000000000017053e-02,3.300000000000000711e-01,1.324999999999999956e+00
5.699999999999860734e-02,3.709999999999999964e-01,1.108999999999999986e+00
5.899999999999927525e-02,3.469999999999999751e-01,1.504999999999999893e+00
6.299999999999883471e-02,3.329999999999999627e-01,1.548999999999999932e+00
7.699999999999995737e-02,2.740000000000000213e-01,1.827999999999999847e+00
7.199999999999917577e-02,3.020000000000000462e-01,1.611999999999999877e+00
8.099999999999951683e-02,2.710000000000001297e-01,1.635000000000000009e+00
6.899999999999906208e-02,3.289999999999999591e-01,1.207999999999999963e+00
7.199999999999917577e-02,2.880000000000000338e-01,1.938999999999999835e+00
4.699999999999882050e-02,3.740000000000001101e-01,1.784999999999999920e+00
6.099999999999994316e-02,3.529999999999999805e-01,1.240999999999999881e+00
5.699999999999860734e-02,3.700000000000001066e-01,1.166999999999999815e+00
7.499999999999928946e-02,2.849999999999999201e-01,1.723999999999999977e+00
6.899999999999906208e-02,3.329999999999999627e-01,1.133999999999999897e+00
5.599999999999916156e-02,3.729999999999999982e-01,1.170999999999999819e+00
3.699999999999903366e-02,4.090000000000000302e-01,1.713999999999999968e+00
5.599999999999916156e-02,3.669999999999999929e-01,1.331999999999999851e+00
6.700000000000017053e-02,3.240000000000000657e-01,1.454999999999999849e+00
6.499999999999950262e-02,3.460000000000000853e-01,1.122999999999999998e+00
8.899999999999863576e-02,2.399999999999999911e-01,1.762999999999999901e+00
7.699999999999995737e-02,2.769999999999999130e-01,1.820999999999999952e+00
8.199999999999896261e-02,2.680000000000000160e-01,1.603999999999999870e+00
6.299999999999883471e-02,3.560000000000000941e-01,1.048999999999999932e+00
6.700000000000017053e-02,3.029999999999999361e-01,1.933999999999999941e+00
6.499999999999950262e-02,3.140000000000000568e-01,1.845999999999999863e+00
6.899999999999906208e-02,3.300000000000000711e-01,1.209999999999999964e+00
6.599999999999894840e-02,3.360000000000000764e-01,1.256000000000000005e+00
5.899999999999927525e-02,3.429999999999999716e-01,1.589999999999999858e+00
8.300000000000018474e-02,2.470000000000001084e-01,2.002000000000000224e+00
7.799999999999940314e-02,3.000000000000000444e-01,1.208999999999999853e+00
7.699999999999995737e-02,3.140000000000000568e-01,9.939999999999999947e-01
6.299999999999883471e-02,3.569999999999999840e-01,9.809999999999999831e-01
6.899999999999906208e-02,3.209999999999999520e-01,1.410999999999999810e+00
7.699999999999995737e-02,3.129999999999999449e-01,1.022000000000000020e+00
5.999999999999872102e-02,3.369999999999999662e-01,1.705999999999999961e+00
7.899999999999884892e-02,2.620000000000000107e-01,2.018000000000000238e+00
7.899999999999884892e-02,2.960000000000000409e-01,1.215999999999999970e+00
7.599999999999873523e-02,3.020000000000000462e-01,1.283999999999999808e+00
7.799999999999940314e-02,3.040000000000000480e-01,1.127999999999999892e+00
6.499999999999950262e-02,3.440000000000000835e-01,1.190999999999999837e+00
7.699999999999995737e-02,2.820000000000000284e-01,1.660999999999999810e+00
7.099999999999972999e-02,3.089999999999999414e-01,1.504999999999999893e+00
6.099999999999994316e-02,3.649999999999999911e-01,9.749999999999999778e-01
6.499999999999950262e-02,3.149999999999999467e-01,1.805999999999999828e+00
4.999999999999893419e-02,3.640000000000001013e-01,1.814999999999999947e+00
7.599999999999873523e-02,3.120000000000000551e-01,1.112999999999999989e+00
8.099999999999951683e-02,2.550000000000001155e-01,1.976999999999999869e+00
9.099999999999930367e-02,2.239999999999999769e-01,1.961999999999999966e+00
6.799999999999961631e-02,3.140000000000000568e-01,1.643999999999999906e+00
5.599999999999916156e-02,3.620000000000000995e-01,1.421999999999999931e+00
7.199999999999917577e-02,3.209999999999999520e-01,1.188999999999999835e+00
7.699999999999995737e-02,2.980000000000000426e-01,1.329999999999999849e+00
4.899999999999948841e-02,3.729999999999999982e-01,1.691999999999999948e+00
8.099999999999951683e-02,2.590000000000001190e-01,1.897999999999999909e+00
5.899999999999927525e-02,3.460000000000000853e-01,1.537999999999999812e+00
6.199999999999938893e-02,3.429999999999999716e-01,1.408999999999999808e+00
8.099999999999951683e-02,2.720000000000000195e-01,1.653999999999999915e+00
5.699999999999860734e-02,3.620000000000000995e-01,1.383000000000000007e+00
8.300000000000018474e-02,2.540000000000000036e-01,1.857999999999999874e+00
8.399999999999963052e-02,2.459999999999999964e-01,1.971999999999999975e+00
7.499999999999928946e-02,2.760000000000000231e-01,1.967999999999999972e+00
6.599999999999894840e-02,3.540000000000000924e-01,8.619999999999999885e-01
6.199999999999938893e-02,3.300000000000000711e-01,1.721999999999999975e+00
7.199999999999917577e-02,2.929999999999999272e-01,1.802999999999999936e+00
9.099999999999930367e-02,2.230000000000000870e-01,2.002000000000000224e+00
7.499999999999928946e-02,2.969999999999999307e-01,1.451999999999999957e+00
7.199999999999917577e-02,3.160000000000000586e-01,1.287999999999999812e+00
8.099999999999951683e-02,2.660000000000000142e-01,1.733999999999999986e+00
8.499999999999907629e-02,2.500000000000000000e-01,1.795999999999999819e+00
7.299999999999862155e-02,2.840000000000000302e-01,1.910999999999999810e+00
7.799999999999940314e-02,2.909999999999999254e-01,1.405000000000000027e+00
7.499999999999928946e-02,3.060000000000000497e-01,1.327999999999999847e+00
7.499999999999928946e-02,3.189999999999999503e-01,9.889999999999999902e-01
5.299999999999904787e-02,3.709999999999999964e-01,1.445999999999999952e+00
8.199999999999896261e-02,2.630000000000001226e-01,1.733999999999999986e+00
6.499999999999950262e-02,3.520000000000000906e-01,9.799999999999999822e-01
6.999999999999850786e-02,3.080000000000000515e-01,1.576999999999999957e+00
6.799999999999961631e-02,3.380000000000000782e-01,1.093999999999999861e+00
5.899999999999927525e-02,3.520000000000000906e-01,1.425999999999999934e+00
7.499999999999928946e-02,2.960000000000000409e-01,1.469999999999999973e+00
8.199999999999896261e-02,2.590000000000001190e-01,1.858999999999999986e+00
8.300000000000018474e-02,2.530000000000001137e-01,1.881999999999999895e+00
8.499999999999907629e-02,2.479999999999999982e-01,1.879999999999999893e+00
9.099999999999930367e-02,2.210000000000000853e-01,2.045999999999999819e+00
8.399999999999963052e-02,2.450000000000001066e-01,2.031000000000000139e+00
3.799999999999847944e-02,4.070000000000000284e-01,1.724999999999999867e+00
7.899999999999884892e-02,2.849999999999999201e-01,1.465999999999999970e+00
5.599999999999916156e-02,3.640000000000001013e-01,1.403999999999999915e+00
5.100000000000015632e-02,3.609999999999999876e-01,1.764999999999999902e+00
8.599999999999852207e-02,2.430000000000001048e-01,1.865999999999999881e+00
7.899999999999884892e-02,2.690000000000001279e-01,1.823999999999999844e+00
8.599999999999852207e-02,2.490000000000001101e-01,1.792999999999999927e+00
6.099999999999994316e-02,3.349999999999999645e-01,1.633000000000000007e+00
9.099999999999930367e-02,2.239999999999999769e-01,1.978999999999999870e+00
4.399999999999870681e-02,3.940000000000001279e-01,1.588999999999999968e+00
5.999999999999872102e-02,3.469999999999999751e-01,1.479999999999999982e+00
4.099999999999859313e-02,3.999999999999999112e-01,1.674999999999999822e+00
4.999999999999893419e-02,3.820000000000001172e-01,1.419999999999999929e+00
6.099999999999994316e-02,3.660000000000001030e-01,9.719999999999999751e-01
7.799999999999940314e-02,2.989999999999999325e-01,1.245999999999999996e+00
6.099999999999994316e-02,3.360000000000000764e-01,1.613999999999999879e+00
6.599999999999894840e-02,3.540000000000000924e-01,8.300000000000000711e-01
6.899999999999906208e-02,3.040000000000000480e-01,1.785999999999999810e+00
6.799999999999961631e-02,3.280000000000000693e-01,1.321999999999999842e+00
6.700000000000017053e-02,3.480000000000000870e-01,8.990000000000000213e-01
4.699999999999882050e-02,3.800000000000001155e-01,1.659999999999999920e+00
8.099999999999951683e-02,2.600000000000000089e-01,1.891000000000000014e+00
4.499999999999992895e-02,3.870000000000000107e-01,1.647000000000000020e+00
7.399999999999984368e-02,3.040000000000000480e-01,1.383999999999999897e+00
8.199999999999896261e-02,2.760000000000000231e-01,1.418999999999999817e+00
6.299999999999883471e-02,3.509999999999999787e-01,1.131999999999999895e+00
7.099999999999972999e-02,3.100000000000000533e-01,1.516000000000000014e+00
4.599999999999937472e-02,3.920000000000001261e-01,1.448999999999999844e+00
6.299999999999883471e-02,3.400000000000000799e-01,1.365999999999999881e+00
6.499999999999950262e-02,3.229999999999999538e-01,1.680999999999999828e+00
7.699999999999995737e-02,2.849999999999999201e-01,1.613999999999999879e+00
3.999999999999914735e-02,4.030000000000000249e-01,1.639000000000000012e+00
6.199999999999938893e-02,3.389999999999999680e-01,1.474999999999999867e+00
9.099999999999930367e-02,2.210000000000000853e-01,2.052999999999999936e+00
7.699999999999995737e-02,3.060000000000000497e-01,1.122999999999999998e+00
5.899999999999927525e-02,3.429999999999999716e-01,1.600999999999999979e+00
6.799999999999961631e-02,3.060000000000000497e-01,1.810999999999999943e+00
7.199999999999917577e-02,2.969999999999999307e-01,1.702999999999999847e+00
6.099999999999994316e-02,3.669999999999999929e-01,9.719999999999999751e-01
7.099999999999972999e-02,2.980000000000000426e-01,1.747999999999999998e+00
5.899999999999927525e-02,3.460000000000000853e-01,1.533999999999999808e+00
5.899999999999927525e-02,3.649999999999999911e-01,1.175999999999999934e+00
5.999999999999872102e-02,3.360000000000000764e-01,1.717999999999999972e+00
5.799999999999982947e-02,3.569999999999999840e-01,1.393000000000000016e+00
6.700000000000017053e-02,3.120000000000000551e-01,1.725999999999999979e+00
8.699999999999974420e-02,2.520000000000000018e-01,1.651999999999999913e+00
7.599999999999873523e-02,3.129999999999999449e-01,1.104999999999999982e+00
8.399999999999963052e-02,2.729999999999999094e-01,1.412999999999999812e+00
6.400000000000005684e-02,3.280000000000000693e-01,1.589999999999999858e+00
8.300000000000018474e-02,2.670000000000001261e-01,1.553999999999999826e+00
5.499999999999971578e-02,3.469999999999999751e-01,1.837999999999999856e+00
4.599999999999937472e-02,3.870000000000000107e-01,1.622999999999999998e+00
8.199999999999896261e-02,2.630000000000001226e-01,1.770999999999999908e+00
8.099999999999951683e-02,2.700000000000000178e-01,1.658999999999999808e+00
5.399999999999849365e-02,3.689999999999999947e-01,1.438999999999999835e+00
7.599999999999873523e-02,2.929999999999999272e-01,1.495999999999999996e+00
6.400000000000005684e-02,3.200000000000000622e-01,1.774999999999999911e+00
4.499999999999992895e-02,3.900000000000001243e-01,1.608999999999999986e+00
9.499999999999886313e-02,2.050000000000000711e-01,2.089999999999999858e+00
8.899999999999863576e-02,2.379999999999999893e-01,1.758000000000000007e+00
8.699999999999974420e-02,2.339999999999999858e-01,2.048000000000000043e+00
5.199999999999960210e-02,3.620000000000000995e-01,1.730999999999999872e+00
5.599999999999916156e-02,3.569999999999999840e-01,1.518999999999999906e+00
8.000000000000007105e-02,2.769999999999999130e-01,1.611999999999999877e+00
5.199999999999960210e-02,3.649999999999999911e-01,1.635000000000000009e+00
6.599999999999894840e-02,3.329999999999999627e-01,1.340999999999999970e+00
7.799999999999940314e-02,2.960000000000000409e-01,1.286999999999999922e+00
6.799999999999961631e-02,3.260000000000000675e-01,1.355999999999999872e+00
6.199999999999938893e-02,3.640000000000001013e-01,9.630000000000000782e-01
7.699999999999995737e-02,2.889999999999999236e-01,1.557999999999999829e+00
5.399999999999849365e-02,3.589999999999999858e-01,1.621999999999999886e+00
8.599999999999852207e-02,2.530000000000001137e-01,1.675999999999999934e+00
7.299999999999862155e-02,3.169999999999999485e-01,1.157999999999999918e+00
8.799999999999918998e-02,2.410000000000001030e-01,1.789999999999999813e+00
6.199999999999938893e-02,3.460000000000000853e-01,1.350999999999999979e+00
4.999999999999893419e-02,3.649999999999999911e-01,1.766000000000000014e+00
8.199999999999896261e-02,2.640000000000000124e-01,1.734999999999999876e+00
9.099999999999930367e-02,2.330000000000000959e-01,1.770999999999999908e+00
4.800000000000004263e-02,3.900000000000001243e-01,1.407999999999999918e+00
3.899999999999970157e-02,4.030000000000000249e-01,1.742999999999999883e+00
7.399999999999984368e-02,2.960000000000000409e-01,1.625000000000000000e+00
8.399999999999963052e-02,2.570000000000001172e-01,1.737999999999999989e+00
6.400000000000005684e-02,3.200000000000000622e-01,1.792999999999999927e+00
7.799999999999940314e-02,2.700000000000000178e-01,1.889999999999999902e+00
5.799999999999982947e-02,3.580000000000000959e-01,1.333999999999999853e+00
5.299999999999904787e-02,3.580000000000000959e-01,1.732999999999999874e+00
5.599999999999916156e-02,3.689999999999999947e-01,1.250000000000000000e+00
8.499999999999907629e-02,2.670000000000001261e-01,1.457999999999999963e+00
6.700000000000017053e-02,3.249999999999999556e-01,1.449999999999999956e+00
7.199999999999917577e-02,3.089999999999999414e-01,1.463999999999999968e+00
6.700000000000017053e-02,3.460000000000000853e-01,1.012999999999999901e+00
6.599999999999894840e-02,3.560000000000000941e-01,8.549999999999999822e-01
4.599999999999937472e-02,3.880000000000001226e-01,1.518000000000000016e+00
8.799999999999918998e-02,2.379999999999999893e-01,1.877000000000000002e+00
5.999999999999872102e-02,3.369999999999999662e-01,1.676999999999999824e+00
8.000000000000007105e-02,2.840000000000000302e-01,1.453999999999999959e+00
9.600000000000008527e-02,2.030000000000000693e-01,2.088999999999999968e+00
5.699999999999860734e-02,3.540000000000000924e-01,1.514000000000000012e+00
5.899999999999927525e-02,3.709999999999999964e-01,1.004000000000000004e+00
7.299999999999862155e-02,3.009999999999999343e-01,1.502999999999999892e+00
9.499999999999886313e-02,2.059999999999999609e-01,2.090999999999999748e+00
3.899999999999970157e-02,4.050000000000000266e-01,1.683999999999999941e+00
8.099999999999951683e-02,2.620000000000000107e-01,1.818999999999999950e+00
6.299999999999883471e-02,3.260000000000000675e-01,1.728999999999999870e+00
7.599999999999873523e-02,3.000000000000000444e-01,1.365999999999999881e+00
5.499999999999971578e-02,3.460000000000000853e-01,1.830999999999999961e+00
6.700000000000017053e-02,3.089999999999999414e-01,1.809999999999999831e+00
6.899999999999906208e-02,3.249999999999999556e-01,1.318999999999999950e+00
4.800000000000004263e-02,3.860000000000001208e-01,1.490999999999999881e+00
7.699999999999995737e-02,2.670000000000001261e-01,1.992999999999999883e+00
7.899999999999884892e-02,2.980000000000000426e-01,1.189999999999999947e+00
7.799999999999940314e-02,2.949999999999999289e-01,1.326999999999999957e+00
7.299999999999862155e-02,3.060000000000000497e-01,1.425999999999999934e+00
5.699999999999860734e-02,3.600000000000000977e-01,1.364999999999999991e+00
5.599999999999916156e-02,3.720000000000001084e-01,1.182999999999999829e+00
8.300000000000018474e-02,2.510000000000001119e-01,1.949999999999999956e+00
7.099999999999972999e-02,2.980000000000000426e-01,1.776000000000000023e+00
7.599999999999873523e-02,2.760000000000000231e-01,1.911999999999999922e+00
7.099999999999972999e-02,3.280000000000000693e-01,1.045999999999999819e+00
5.899999999999927525e-02,3.440000000000000835e-01,1.622999999999999998e+00
6.299999999999883471e-02,3.489999999999999769e-01,1.221999999999999975e+00
4.599999999999937472e-02,3.780000000000001137e-01,1.784999999999999920e+00
7.099999999999972999e-02,3.340000000000000746e-01,9.929999999999999938e-01
4.099999999999859313e-02,3.979999999999999094e-01,1.714999999999999858e+00
4.699999999999882050e-02,3.810000000000000053e-01,1.668999999999999817e+00
8.399999999999963052e-02,2.700000000000000178e-01,1.458999999999999853e+00
6.700000000000017053e-02,3.480000000000000870e-01,9.450000000000000622e-01
4.599999999999937472e-02,3.790000000000000036e-01,1.758000000000000007e+00
5.799999999999982947e-02,3.500000000000000888e-01,1.510000000000000009e+00
6.499999999999950262e-02,3.549999999999999822e-01,8.900000000000000133e-01
4.399999999999870681e-02,3.920000000000001261e-01,1.627999999999999892e+00
5.699999999999860734e-02,3.580000000000000959e-01,1.472999999999999865e+00
8.499999999999907629e-02,2.459999999999999964e-01,1.893000000000000016e+00
6.499999999999950262e-02,3.509999999999999787e-01,9.719999999999999751e-01
5.100000000000015632e-02,3.810000000000000053e-01,1.338999999999999968e+00
6.099999999999994316e-02,3.260000000000000675e-01,1.834999999999999964e+00
5.799999999999982947e-02,3.660000000000001030e-01,1.153000000000000025e+00
7.899999999999884892e-02,2.720000000000000195e-01,1.731999999999999984e+00
5.299999999999904787e-02,3.760000000000001119e-01,1.303999999999999826e+00
5.799999999999982947e-02,3.589999999999999858e-01,1.360999999999999988e+00
5.899999999999927525e-02,3.360000000000000764e-01,1.784999999999999920e+00
6.599999999999894840e-02,3.480000000000000870e-01,1.004999999999999893e+00
6.899999999999906208e-02,3.020000000000000462e-01,1.824999999999999956e+00
7.799999999999940314e-02,2.729999999999999094e-01,1.785999999999999810e+00
8.499999999999907629e-02,2.590000000000001190e-01,1.625999999999999890e+00
6.599999999999894840e-02,3.549999999999999822e-01,8.559999999999999831e-01
8.599999999999852207e-02,2.439999999999999947e-01,1.862999999999999989e+00
5.399999999999849365e-02,3.689999999999999947e-01,1.379000000000000004e+00
5.799999999999982947e-02,3.720000000000001084e-01,1.040999999999999925e+00
6.999999999999850786e-02,3.060000000000000497e-01,1.613999999999999879e+00
7.099999999999972999e-02,3.020000000000000462e-01,1.647000000000000020e+00
3.899999999999970157e-02,4.059999999999999165e-01,1.674999999999999822e+00
7.699999999999995737e-02,2.800000000000000266e-01,1.709999999999999964e+00
6.400000000000005684e-02,3.169999999999999485e-01,1.801999999999999824e+00
7.899999999999884892e-02,2.710000000000001297e-01,1.808999999999999941e+00
6.400000000000005684e-02,3.489999999999999769e-01,1.091999999999999860e+00
8.699999999999974420e-02,2.379999999999999893e-01,1.948999999999999844e+00
7.699999999999995737e-02,2.949999999999999289e-01,1.373999999999999888e+00
5.499999999999971578e-02,3.629999999999999893e-01,1.484999999999999876e+00
8.499999999999907629e-02,2.600000000000000089e-01,1.583999999999999853e+00
6.199999999999938893e-02,3.260000000000000675e-01,1.762000000000000011e+00
5.899999999999927525e-02,3.349999999999999645e-01,1.792999999999999927e+00
6.799999999999961631e-02,3.140000000000000568e-01,1.600999999999999979e+00
9.299999999999997158e-02,2.110000000000000764e-01,2.076000000000000068e+00
7.599999999999873523e-02,2.840000000000000302e-01,1.739999999999999991e+00
5.799999999999982947e-02,3.669999999999999929e-01,1.131000000000000005e+00
8.000000000000007105e-02,2.670000000000001261e-01,1.780000000000000027e+00
6.700000000000017053e-02,3.029999999999999361e-01,1.933999999999999941e+00
8.999999999999985789e-02,2.379999999999999893e-01,1.756999999999999895e+00
6.700000000000017053e-02,3.240000000000000657e-01,1.494999999999999885e+00
7.399999999999984368e-02,2.940000000000000391e-01,1.674999999999999822e+00
5.499999999999971578e-02,3.500000000000000888e-01,1.736999999999999877e+00
7.499999999999928946e-02,2.809999999999999165e-01,1.823999999999999844e+00
8.099999999999951683e-02,2.570000000000001172e-01,1.941999999999999948e+00
5.899999999999927525e-02,3.320000000000000728e-01,1.861999999999999877e+00
4.499999999999992895e-02,3.870000000000000107e-01,1.697999999999999954e+00
8.699999999999974420e-02,2.540000000000000036e-01,1.617999999999999883e+00
8.399999999999963052e-02,2.570000000000001172e-01,1.717999999999999972e+00
7.799999999999940314e-02,2.670000000000001261e-01,1.959999999999999964e+00
8.399999999999963052e-02,2.500000000000000000e-01,1.871999999999999886e+00
5.100000000000015632e-02,3.649999999999999911e-01,1.730999999999999872e+00
9.199999999999874944e-02,2.219999999999999751e-01,1.942999999999999838e+00
7.399999999999984368e-02,3.300000000000000711e-01,8.589999999999999858e-01
5.799999999999982947e-02,3.549999999999999822e-01,1.423999999999999932e+00
5.499999999999971578e-02,3.480000000000000870e-01,1.782999999999999918e+00
6.899999999999906208e-02,3.029999999999999361e-01,1.794999999999999929e+00
7.199999999999917577e-02,3.169999999999999485e-01,1.227999999999999980e+00
6.299999999999883471e-02,3.440000000000000835e-01,1.272999999999999909e+00
5.599999999999916156e-02,3.649999999999999911e-01,1.319999999999999840e+00
7.799999999999940314e-02,2.989999999999999325e-01,1.230999999999999872e+00
7.399999999999984368e-02,2.780000000000000249e-01,1.963999999999999968e+00
4.199999999999981526e-02,3.979999999999999094e-01,1.610999999999999988e+00
4.299999999999926104e-02,3.960000000000001297e-01,1.569999999999999840e+00
4.800000000000004263e-02,3.840000000000001190e-01,1.481999999999999984e+00
5.499999999999971578e-02,3.740000000000001101e-01,1.256999999999999895e+00
4.699999999999882050e-02,3.810000000000000053e-01,1.604999999999999982e+00
4.299999999999926104e-02,3.920000000000001261e-01,1.671999999999999931e+00
4.199999999999981526e-02,3.950000000000000178e-01,1.703999999999999959e+00
5.599999999999916156e-02,3.580000000000000959e-01,1.528000000000000025e+00
5.899999999999927525e-02,3.440000000000000835e-01,1.621999999999999886e+00
4.499999999999992895e-02,3.910000000000000142e-01,1.528999999999999915e+00
4.899999999999948841e-02,3.729999999999999982e-01,1.691999999999999948e+00
6.899999999999906208e-02,3.440000000000000835e-01,8.709999999999999964e-01
8.999999999999985789e-02,2.330000000000000959e-01,1.824999999999999956e+00
8.199999999999896261e-02,2.690000000000001279e-01,1.585999999999999854e+00
8.499999999999907629e-02,2.610000000000001208e-01,1.585999999999999854e+00
6.599999999999894840e-02,3.129999999999999449e-01,1.748999999999999888e+00
4.499999999999992895e-02,3.940000000000001279e-01,1.491999999999999993e+00
7.499999999999928946e-02,2.889999999999999236e-01,1.662999999999999812e+00
7.599999999999873523e-02,3.040000000000000480e-01,1.223999999999999977e+00
6.799999999999961631e-02,3.529999999999999805e-01,7.309999999999999831e-01
5.499999999999971578e-02,3.449999999999999734e-01,1.850999999999999979e+00
7.599999999999873523e-02,2.889999999999999236e-01,1.604999999999999982e+00
4.899999999999948841e-02,3.740000000000001101e-01,1.684999999999999831e+00
7.799999999999940314e-02,3.080000000000000515e-01,1.051999999999999824e+00
7.499999999999928946e-02,2.880000000000000338e-01,1.674999999999999822e+00
6.299999999999883471e-02,3.169999999999999485e-01,1.903000000000000025e+00
8.199999999999896261e-02,2.580000000000000071e-01,1.868999999999999995e+00
5.799999999999982947e-02,3.409999999999999698e-01,1.709999999999999964e+00
8.499999999999907629e-02,2.660000000000000142e-01,1.432999999999999829e+00
5.899999999999927525e-02,3.660000000000001030e-01,1.065999999999999837e+00
6.099999999999994316e-02,3.500000000000000888e-01,1.356999999999999984e+00
8.199999999999896261e-02,2.520000000000000018e-01,1.972999999999999865e+00
5.999999999999872102e-02,3.509999999999999787e-01,1.403999999999999915e+00
6.499999999999950262e-02,3.180000000000000604e-01,1.747999999999999998e+00
8.999999999999985789e-02,2.219999999999999751e-01,2.044999999999999929e+00
6.400000000000005684e-02,3.509999999999999787e-01,1.081999999999999851e+00
7.299999999999862155e-02,3.120000000000000551e-01,1.264000000000000012e+00
7.299999999999862155e-02,3.400000000000000799e-01,7.040000000000000702e-01
6.999999999999850786e-02,3.220000000000000639e-01,1.274000000000000021e+00
5.499999999999971578e-02,3.609999999999999876e-01,1.541999999999999815e+00
5.799999999999982947e-02,3.689999999999999947e-01,1.088999999999999968e+00
4.800000000000004263e-02,3.860000000000001208e-01,1.437999999999999945e+00
5.499999999999971578e-02,3.629999999999999893e-01,1.432999999999999829e+00
8.000000000000007105e-02,2.840000000000000302e-01,1.387999999999999901e+00
5.599999999999916156e-02,3.640000000000001013e-01,1.330999999999999961e+00
5.299999999999904787e-02,3.580000000000000959e-01,1.690999999999999837e+00
9.499999999999886313e-02,2.059999999999999609e-01,2.065999999999999837e+00
5.699999999999860734e-02,3.649999999999999911e-01,1.282999999999999918e+00
5.399999999999849365e-02,3.750000000000000000e-01,1.246999999999999886e+00
7.799999999999940314e-02,3.020000000000000462e-01,1.176999999999999824e+00
6.400000000000005684e-02,3.489999999999999769e-01,1.127999999999999892e+00
4.699999999999882050e-02,3.890000000000000124e-01,1.426999999999999824e+00
5.599999999999916156e-02,3.520000000000000906e-01,1.645000000000000018e+00
5.399999999999849365e-02,3.500000000000000888e-01,1.812999999999999945e+00
7.799999999999940314e-02,2.729999999999999094e-01,1.838999999999999968e+00
6.099999999999994316e-02,3.580000000000000959e-01,1.145999999999999908e+00
7.699999999999995737e-02,2.960000000000000409e-01,1.341999999999999860e+00
8.000000000000007105e-02,2.710000000000001297e-01,1.708999999999999853e+00
4.499999999999992895e-02,3.880000000000001226e-01,1.653000000000000025e+00
4.299999999999926104e-02,3.900000000000001243e-01,1.746999999999999886e+00
4.699999999999882050e-02,3.880000000000001226e-01,1.459999999999999964e+00
7.199999999999917577e-02,3.109999999999999432e-01,1.422999999999999821e+00
6.599999999999894840e-02,3.160000000000000586e-01,1.741999999999999993e+00
6.599999999999894840e-02,3.560000000000000941e-01,7.940000000000000391e-01
7.699999999999995737e-02,2.989999999999999325e-01,1.308999999999999941e+00
5.599999999999916156e-02,3.529999999999999805e-01,1.653999999999999915e+00
8.199999999999896261e-02,2.570000000000001172e-01,1.913999999999999924e+00
6.599999999999894840e-02,3.449999999999999734e-01,1.039999999999999813e+00
5.100000000000015632e-02,3.629999999999999893e-01,1.736999999999999877e+00
6.400000000000005684e-02,3.320000000000000728e-01,1.520000000000000018e+00
5.199999999999960210e-02,3.600000000000000977e-01,1.726999999999999869e+00
8.799999999999918998e-02,2.379999999999999893e-01,1.861999999999999877e+00
8.000000000000007105e-02,2.920000000000000373e-01,1.256000000000000005e+00
4.399999999999870681e-02,3.870000000000000107e-01,1.721999999999999975e+00
6.999999999999850786e-02,3.420000000000000817e-01,8.060000000000000497e-01
7.299999999999862155e-02,3.009999999999999343e-01,1.537999999999999812e+00
8.199999999999896261e-02,2.640000000000000124e-01,1.762000000000000011e+00
6.400000000000005684e-02,3.480000000000000870e-01,1.119999999999999885e+00
6.499999999999950262e-02,3.140000000000000568e-01,1.873999999999999888e+00
7.099999999999972999e-02,2.940000000000000391e-01,1.868999999999999995e+00
7.399999999999984368e-02,3.260000000000000675e-01,9.550000000000000711e-01
7.899999999999884892e-02,2.660000000000000142e-01,1.924999999999999822e+00
6.599999999999894840e-02,3.489999999999999769e-01,9.759999999999999787e-01
7.299999999999862155e-02,2.980000000000000426e-01,1.586999999999999966e+00
8.099999999999951683e-02,2.840000000000000302e-01,1.341999999999999860e+00
7.799999999999940314e-02,2.769999999999999130e-01,1.739999999999999991e+00
7.799999999999940314e-02,2.780000000000000249e-01,1.695999999999999952e+00
5.299999999999904787e-02,3.700000000000001066e-01,1.426999999999999824e+00
7.899999999999884892e-02,3.040000000000000480e-01,1.074999999999999956e+00
5.100000000000015632e-02,3.680000000000001048e-01,1.666999999999999815e+00
4.399999999999870681e-02,3.940000000000001279e-01,1.587999999999999856e+00
7.399999999999984368e-02,2.920000000000000373e-01,1.651000000000000023e+00
5.799999999999982947e-02,3.549999999999999822e-01,1.393999999999999906e+00
7.399999999999984368e-02,3.340000000000000746e-01,7.630000000000000115e-01
8.099999999999951683e-02,2.769999999999999130e-01,1.535999999999999810e+00
5.799999999999982947e-02,3.709999999999999964e-01,1.049999999999999822e+00
7.199999999999917577e-02,3.240000000000000657e-01,1.071999999999999842e+00
6.999999999999850786e-02,3.400000000000000799e-01,8.800000000000000044e-01
9.199999999999874944e-02,2.250000000000000888e-01,1.907999999999999918e+00
8.399999999999963052e-02,2.510000000000001119e-01,1.853999999999999870e+00
8.799999999999918998e-02,2.410000000000001030e-01,1.766000000000000014e+00
8.599999999999852207e-02,2.630000000000001226e-01,1.463999999999999968e+00
5.999999999999872102e-02,3.640000000000001013e-01,1.092999999999999972e+00
4.999999999999893419e-02,3.770000000000000018e-01,1.514999999999999902e+00
7.299999999999862155e-02,2.869999999999999218e-01,1.877999999999999892e+00
7.099999999999972999e-02,3.209999999999999520e-01,1.247999999999999998e+00
5.899999999999927525e-02,3.589999999999999858e-01,1.290999999999999925e+00
7.699999999999995737e-02,2.940000000000000391e-01,1.412999999999999812e+00
4.599999999999937472e-02,3.880000000000001226e-01,1.522999999999999909e+00
6.499999999999950262e-02,3.389999999999999680e-01,1.302999999999999936e+00
6.799999999999961631e-02,3.269999999999999574e-01,1.333999999999999853e+00
6.499999999999950262e-02,3.189999999999999503e-01,1.754999999999999893e+00
6.499999999999950262e-02,3.309999999999999609e-01,1.475999999999999979e+00
9.199999999999874944e-02,2.250000000000000888e-01,1.883999999999999897e+00
6.599999999999894840e-02,3.509999999999999787e-01,9.100000000000000311e-01
8.000000000000007105e-02,2.749999999999999112e-01,1.582999999999999963e+00
5.399999999999849365e-02,3.680000000000001048e-01,1.450999999999999845e+00
7.599999999999873523e-02,3.109999999999999432e-01,1.114999999999999991e+00
7.099999999999972999e-02,2.909999999999999254e-01,1.887999999999999901e+00
6.999999999999850786e-02,3.240000000000000657e-01,1.272000000000000020e+00
7.799999999999940314e-02,2.909999999999999254e-01,1.440999999999999837e+00
7.099999999999972999e-02,3.149999999999999467e-01,1.393000000000000016e+00
8.399999999999963052e-02,2.560000000000000053e-01,1.792999999999999927e+00
6.599999999999894840e-02,3.180000000000000604e-01,1.643999999999999906e+00
7.499999999999928946e-02,3.160000000000000586e-01,1.053999999999999826e+00
6.099999999999994316e-02,3.309999999999999609e-01,1.776999999999999913e+00
6.400000000000005684e-02,3.309999999999999609e-01,1.536999999999999922e+00
6.099999999999994316e-02,3.649999999999999911e-01,9.540000000000000702e-01
6.299999999999883471e-02,3.580000000000000959e-01,1.016000000000000014e+00
8.699999999999974420e-02,2.350000000000000977e-01,2.048000000000000043e+00
8.699999999999974420e-02,2.540000000000000036e-01,1.563999999999999835e+00
4.499999999999992895e-02,3.880000000000001226e-01,1.604999999999999982e+00
8.300000000000018474e-02,2.740000000000000213e-01,1.447999999999999954e+00
7.599999999999873523e-02,3.189999999999999503e-01,9.470000000000000639e-01
6.199999999999938893e-02,3.529999999999999805e-01,1.172999999999999821e+00
6.899999999999906208e-02,3.300000000000000711e-01,1.157000000000000028e+00
5.899999999999927525e-02,3.389999999999999680e-01,1.702999999999999847e+00
7.099999999999972999e-02,3.009999999999999343e-01,1.681999999999999940e+00
6.799999999999961631e-02,3.140000000000000568e-01,1.616999999999999993e+00
7.599999999999873523e-02,3.049999999999999378e-01,1.224999999999999867e+00
5.899999999999927525e-02,3.300000000000000711e-01,1.879999999999999893e+00
5.599999999999916156e-02,3.469999999999999751e-01,1.737999999999999989e+00
8.799999999999918998e-02,2.500000000000000000e-01,1.615999999999999881e+00
3.999999999999914735e-02,4.010000000000000231e-01,1.685999999999999943e+00
7.299999999999862155e-02,3.140000000000000568e-01,1.216999999999999860e+00
8.199999999999896261e-02,2.740000000000000213e-01,1.471999999999999975e+00
6.499999999999950262e-02,3.360000000000000764e-01,1.336999999999999966e+00
6.999999999999850786e-02,3.020000000000000462e-01,1.712999999999999856e+00
6.199999999999938893e-02,3.589999999999999858e-01,1.042999999999999927e+00
5.999999999999872102e-02,3.449999999999999734e-01,1.508000000000000007e+00
7.499999999999928946e-02,2.820000000000000284e-01,1.824999999999999956e+00
6.199999999999938893e-02,3.580000000000000959e-01,1.036999999999999922e+00
9.299999999999997158e-02,2.139999999999999680e-01,2.016999999999999904e+00
7.099999999999972999e-02,3.340000000000000746e-01,9.440000000000000613e-01
8.399999999999963052e-02,2.490000000000001101e-01,1.889000000000000012e+00
7.899999999999884892e-02,3.009999999999999343e-01,1.104999999999999982e+00
8.699999999999974420e-02,2.500000000000000000e-01,1.645999999999999908e+00
8.300000000000018474e-02,2.540000000000000036e-01,1.855999999999999872e+00
7.699999999999995737e-02,2.720000000000000195e-01,1.919999999999999929e+00
7.699999999999995737e-02,2.769999999999999130e-01,1.785999999999999810e+00
5.899999999999927525e-02,3.520000000000000906e-01,1.428999999999999826e+00
4.999999999999893419e-02,3.840000000000001190e-01,1.373999999999999888e+00
6.999999999999850786e-02,2.940000000000000391e-01,1.943999999999999950e+00
6.599999999999894840e-02,3.060000000000000497e-01,1.935999999999999943e+00
5.599999999999916156e-02,3.729999999999999982e-01,1.164999999999999813e+00
7.399999999999984368e-02,3.249999999999999556e-01,9.690000000000000835e-01
8.899999999999863576e-02,2.399999999999999911e-01,1.746999999999999886e+00
6.999999999999850786e-02,3.000000000000000444e-01,1.758999999999999897e+00
5.299999999999904787e-02,3.629999999999999893e-01,1.633000000000000007e+00
7.899999999999884892e-02,2.640000000000000124e-01,1.982999999999999874e+00
7.899999999999884892e-02,2.800000000000000266e-01,1.594999999999999973e+00
7.399999999999984368e-02,3.060000000000000497e-01,1.369999999999999885e+00
7.299999999999862155e-02,3.080000000000000515e-01,1.359999999999999876e+00
6.700000000000017053e-02,3.500000000000000888e-01,8.800000000000000044e-01
6.599999999999894840e-02,3.160000000000000586e-01,1.722999999999999865e+00
7.199999999999917577e-02,3.329999999999999627e-01,9.320000000000000506e-01
7.399999999999984368e-02,3.029999999999999361e-01,1.462999999999999856e+00
4.999999999999893419e-02,3.729999999999999982e-01,1.614999999999999991e+00
6.400000000000005684e-02,3.600000000000000977e-01,8.539999999999999813e-01
8.499999999999907629e-02,2.550000000000001155e-01,1.729999999999999982e+00
5.999999999999872102e-02,3.540000000000000924e-01,1.272000000000000020e+00
6.899999999999906208e-02,3.320000000000000728e-01,1.121999999999999886e+00
8.399999999999963052e-02,2.720000000000000195e-01,1.367999999999999883e+00
6.999999999999850786e-02,3.400000000000000799e-01,8.780000000000000027e-01
7.799999999999940314e-02,2.849999999999999201e-01,1.544999999999999929e+00
6.799999999999961631e-02,3.220000000000000639e-01,1.461999999999999966e+00
7.399999999999984368e-02,2.860000000000000320e-01,1.780999999999999917e+00
5.599999999999916156e-02,3.589999999999999858e-01,1.463999999999999968e+00
8.899999999999863576e-02,2.299999999999999822e-01,2.004999999999999893e+00
8.999999999999985789e-02,2.350000000000000977e-01,1.801999999999999824e+00
7.299999999999862155e-02,3.300000000000000711e-01,9.240000000000000435e-01
7.799999999999940314e-02,2.660000000000000142e-01,1.941999999999999948e+00
7.599999999999873523e-02,2.840000000000000302e-01,1.708999999999999853e+00
6.899999999999906208e-02,3.369999999999999662e-01,1.052999999999999936e+00
7.199999999999917577e-02,3.000000000000000444e-01,1.649000000000000021e+00
8.199999999999896261e-02,2.640000000000000124e-01,1.690999999999999837e+00
5.399999999999849365e-02,3.589999999999999858e-01,1.649999999999999911e+00
8.000000000000007105e-02,2.650000000000001243e-01,1.875000000000000000e+00
7.499999999999928946e-02,3.069999999999999396e-01,1.288999999999999924e+00
6.299999999999883471e-02,3.469999999999999751e-01,1.266999999999999904e+00
6.999999999999850786e-02,3.189999999999999503e-01,1.379999999999999893e+00
3.899999999999970157e-02,4.070000000000000284e-01,1.681999999999999940e+00
8.300000000000018474e-02,2.729999999999999094e-01,1.415999999999999925e+00
4.899999999999948841e-02,3.800000000000001155e-01,1.528999999999999915e+00
7.599999999999873523e-02,3.020000000000000462e-01,1.283999999999999808e+00
5.999999999999872102e-02,3.400000000000000799e-01,1.641999999999999904e+00
7.899999999999884892e-02,2.929999999999999272e-01,1.289999999999999813e+00
5.299999999999904787e-02,3.580000000000000959e-01,1.729999999999999982e+00
6.899999999999906208e-02,3.269999999999999574e-01,1.252999999999999892e+00
8.699999999999974420e-02,2.339999999999999858e-01,2.008000000000000007e+00
7.799999999999940314e-02,2.749999999999999112e-01,1.782000000000000028e+00
6.700000000000017053e-02,3.080000000000000515e-01,1.849999999999999867e+00
9.099999999999930367e-02,2.279999999999999805e-01,1.862999999999999989e+00
6.899999999999906208e-02,3.249999999999999556e-01,1.266000000000000014e+00
7.699999999999995737e-02,2.829999999999999183e-01,1.677999999999999936e+00
7.099999999999972999e-02,3.160000000000000586e-01,1.324999999999999956e+00
6.700000000000017053e-02,3.100000000000000533e-01,1.806999999999999940e+00
5.699999999999860734e-02,3.729999999999999982e-01,1.089999999999999858e+00
5.999999999999872102e-02,3.629999999999999893e-01,1.125999999999999890e+00
6.099999999999994316e-02,3.489999999999999769e-01,1.369999999999999885e+00
6.299999999999883471e-02,3.329999999999999627e-01,1.579999999999999849e+00
7.199999999999917577e-02,3.020000000000000462e-01,1.633999999999999897e+00
7.099999999999972999e-02,2.989999999999999325e-01,1.707999999999999963e+00
7.699999999999995737e-02,3.080000000000000515e-01,1.070999999999999952e+00
5.899999999999927525e-02,3.520000000000000906e-01,1.393999999999999906e+00
7.499999999999928946e-02,3.060000000000000497e-01,1.258000000000000007e+00
5.899999999999927525e-02,3.689999999999999947e-01,1.045999999999999819e+00
9.499999999999886313e-02,2.039999999999999591e-01,2.109999999999999876e+00
6.099999999999994316e-02,3.449999999999999734e-01,1.422999999999999821e+00
6.499999999999950262e-02,3.160000000000000586e-01,1.801999999999999824e+00
7.799999999999940314e-02,2.740000000000000213e-01,1.758000000000000007e+00
8.599999999999852207e-02,2.590000000000001190e-01,1.526999999999999913e+00
7.599999999999873523e-02,2.909999999999999254e-01,1.558999999999999941e+00
5.399999999999849365e-02,3.529999999999999805e-01,1.796999999999999931e+00
8.599999999999852207e-02,2.530000000000001137e-01,1.701999999999999957e+00
6.499999999999950262e-02,3.369999999999999662e-01,1.315999999999999837e+00
6.799999999999961631e-02,3.300000000000000711e-01,1.302999999999999936e+00
7.099999999999972999e-02,3.400000000000000799e-01,7.950000000000000400e-01
6.199999999999938893e-02,3.569999999999999840e-01,1.055999999999999828e+00
5.799999999999982947e-02,3.589999999999999858e-01,1.334999999999999964e+00
7.099999999999972999e-02,3.029999999999999361e-01,1.645999999999999908e+00
8.499999999999907629e-02,2.630000000000001226e-01,1.518999999999999906e+00
4.999999999999893419e-02,3.649999999999999911e-01,1.808999999999999941e+00
8.099999999999951683e-02,2.680000000000000160e-01,1.697999999999999954e+00
4.800000000000004263e-02,3.850000000000000089e-01,1.470999999999999863e+00
4.399999999999870681e-02,3.940000000000001279e-01,1.598999999999999977e+00
6.299999999999883471e-02,3.480000000000000870e-01,1.234999999999999876e+00
8.699999999999974420e-02,2.370000000000000995e-01,1.961999999999999966e+00
6.700000000000017053e-02,3.140000000000000568e-01,1.647999999999999909e+00
5.799999999999982947e-02,3.640000000000001013e-01,1.204999999999999849e+00
7.799999999999940314e-02,2.700000000000000178e-01,1.855999999999999872e+00
6.199999999999938893e-02,3.429999999999999716e-01,1.401999999999999913e+00
9.199999999999874944e-02,2.250000000000000888e-01,1.872999999999999998e+00
8.000000000000007105e-02,2.710000000000001297e-01,1.738999999999999879e+00
5.599999999999916156e-02,3.649999999999999911e-01,1.307999999999999829e+00
5.199999999999960210e-02,3.600000000000000977e-01,1.783999999999999808e+00
7.399999999999984368e-02,3.169999999999999485e-01,1.139999999999999902e+00
8.300000000000018474e-02,2.769999999999999130e-01,1.360999999999999988e+00
5.799999999999982947e-02,3.409999999999999698e-01,1.718999999999999861e+00
7.099999999999972999e-02,3.040000000000000480e-01,1.637999999999999901e+00
9.399999999999941735e-02,2.099999999999999645e-01,2.084000000000000075e+00
8.499999999999907629e-02,2.419999999999999929e-01,2.019000000000000128e+00
7.199999999999917577e-02,3.249999999999999556e-01,1.101999999999999869e+00
4.499999999999992895e-02,3.880000000000001226e-01,1.610999999999999988e+00
7.199999999999917577e-02,2.949999999999999289e-01,1.792999999999999927e+00
6.299999999999883471e-02,3.420000000000000817e-01,1.342999999999999972e+00
8.099999999999951683e-02,2.740000000000000213e-01,1.563999999999999835e+00
6.299999999999883471e-02,3.249999999999999556e-01,1.748999999999999888e+00
3.899999999999970157e-02,4.030000000000000249e-01,1.694999999999999840e+00
6.099999999999994316e-02,3.409999999999999698e-01,1.492999999999999883e+00
5.999999999999872102e-02,3.529999999999999805e-01,1.346999999999999975e+00
6.299999999999883471e-02,3.529999999999999805e-01,1.147999999999999909e+00
7.499999999999928946e-02,2.800000000000000266e-01,1.901999999999999913e+00
4.999999999999893419e-02,3.740000000000001101e-01,1.611999999999999877e+00
8.099999999999951683e-02,2.700000000000000178e-01,1.670999999999999819e+00
5.299999999999904787e-02,3.729999999999999982e-01,1.372999999999999998e+00
6.700000000000017053e-02,3.500000000000000888e-01,8.579999999999999849e-01
5.599999999999916156e-02,3.640000000000001013e-01,1.385999999999999899e+00
7.299999999999862155e-02,2.940000000000000391e-01,1.677999999999999936e+00
5.299999999999904787e-02,3.529999999999999805e-01,1.830999999999999961e+00
5.299999999999904787e-02,3.810000000000000053e-01,1.215999999999999970e+00
8.399999999999963052e-02,2.439999999999999947e-01,1.990999999999999881e+00
5.699999999999860734e-02,3.629999999999999893e-01,1.309999999999999831e+00
7.199999999999917577e-02,3.009999999999999343e-01,1.611999999999999877e+00
7.099999999999972999e-02,2.880000000000000338e-01,1.938999999999999835e+00
4.599999999999937472e-02,3.920000000000001261e-01,1.494999999999999885e+00
7.499999999999928946e-02,3.029999999999999361e-01,1.355999999999999872e+00
7.799999999999940314e-02,3.109999999999999432e-01,9.700000000000000844e-01
8.099999999999951683e-02,2.800000000000000266e-01,1.409999999999999920e+00
6.499999999999950262e-02,3.149999999999999467e-01,1.831999999999999851e+00
8.199999999999896261e-02,2.780000000000000249e-01,1.420999999999999819e+00
8.000000000000007105e-02,2.860000000000000320e-01,1.395000000000000018e+00
6.799999999999961631e-02,3.529999999999999805e-01,7.740000000000000213e-01
6.499999999999950262e-02,3.300000000000000711e-01,1.508000000000000007e+00
7.699999999999995737e-02,2.780000000000000249e-01,1.776000000000000023e+00
5.399999999999849365e-02,3.500000000000000888e-01,1.838999999999999968e+00
6.199999999999938893e-02,3.520000000000000906e-01,1.216999999999999860e+00
7.799999999999940314e-02,2.920000000000000373e-01,1.351999999999999869e+00
7.399999999999984368e-02,3.089999999999999414e-01,1.280999999999999917e+00
6.799999999999961631e-02,3.489999999999999769e-01,8.380000000000000782e-01
7.199999999999917577e-02,3.340000000000000746e-01,8.669999999999999929e-01
8.999999999999985789e-02,2.250000000000000888e-01,2.030000000000000249e+00
5.100000000000015632e-02,3.820000000000001172e-01,1.350999999999999979e+00
5.499999999999971578e-02,3.580000000000000959e-01,1.562999999999999945e+00
7.599999999999873523e-02,2.940000000000000391e-01,1.514000000000000012e+00
7.599999999999873523e-02,3.180000000000000604e-01,9.060000000000000275e-01
6.499999999999950262e-02,3.409999999999999698e-01,1.258999999999999897e+00
8.000000000000007105e-02,2.650000000000001243e-01,1.864999999999999991e+00
7.799999999999940314e-02,3.009999999999999343e-01,1.202999999999999847e+00
7.699999999999995737e-02,2.969999999999999307e-01,1.307999999999999829e+00
6.299999999999883471e-02,3.280000000000000693e-01,1.699999999999999956e+00
7.699999999999995737e-02,2.690000000000001279e-01,1.992999999999999883e+00
5.699999999999860734e-02,3.569999999999999840e-01,1.475999999999999979e+00
6.599999999999894840e-02,3.309999999999999609e-01,1.418999999999999817e+00
6.099999999999994316e-02,3.449999999999999734e-01,1.408999999999999808e+00
8.499999999999907629e-02,2.459999999999999964e-01,1.916999999999999815e+00
6.599999999999894840e-02,3.469999999999999751e-01,1.045999999999999819e+00
4.699999999999882050e-02,3.740000000000001101e-01,1.774000000000000021e+00
5.699999999999860734e-02,3.420000000000000817e-01,1.800999999999999934e+00
5.499999999999971578e-02,3.660000000000001030e-01,1.419999999999999929e+00
6.899999999999906208e-02,3.240000000000000657e-01,1.305999999999999828e+00
7.199999999999917577e-02,3.060000000000000497e-01,1.512000000000000011e+00
5.599999999999916156e-02,3.569999999999999840e-01,1.502000000000000002e+00
6.599999999999894840e-02,3.160000000000000586e-01,1.704999999999999849e+00
6.700000000000017053e-02,3.129999999999999449e-01,1.723999999999999977e+00
6.400000000000005684e-02,3.189999999999999503e-01,1.787999999999999812e+00
6.400000000000005684e-02,3.280000000000000693e-01,1.559999999999999831e+00
6.299999999999883471e-02,3.489999999999999769e-01,1.163999999999999924e+00
9.499999999999886313e-02,2.070000000000000728e-01,2.069999999999999840e+00
4.800000000000004263e-02,3.750000000000000000e-01,1.667999999999999927e+00
6.700000000000017053e-02,3.189999999999999503e-01,1.556999999999999940e+00
5.899999999999927525e-02,3.560000000000000941e-01,1.346999999999999975e+00
9.199999999999874944e-02,2.199999999999999734e-01,1.990999999999999881e+00
7.899999999999884892e-02,2.670000000000001261e-01,1.912999999999999812e+00
5.999999999999872102e-02,3.280000000000000693e-01,1.885999999999999899e+00
7.399999999999984368e-02,2.840000000000000302e-01,1.846999999999999975e+00
5.799999999999982947e-02,3.569999999999999840e-01,1.379000000000000004e+00
6.199999999999938893e-02,3.229999999999999538e-01,1.870999999999999996e+00
4.800000000000004263e-02,3.820000000000001172e-01,1.526000000000000023e+00
6.400000000000005684e-02,3.180000000000000604e-01,1.784999999999999920e+00
5.599999999999916156e-02,3.460000000000000853e-01,1.733999999999999986e+00
5.499999999999971578e-02,3.640000000000001013e-01,1.421999999999999931e+00
6.099999999999994316e-02,3.409999999999999698e-01,1.526999999999999913e+00
7.399999999999984368e-02,3.140000000000000568e-01,1.179999999999999938e+00
8.300000000000018474e-02,2.510000000000001119e-01,1.915999999999999925e+00
4.899999999999948841e-02,3.770000000000000018e-01,1.631999999999999895e+00
7.299999999999862155e-02,3.000000000000000444e-01,1.553999999999999826e+00
5.799999999999982947e-02,3.420000000000000817e-01,1.677999999999999936e+00
8.000000000000007105e-02,2.570000000000001172e-01,2.004999999999999893e+00
5.999999999999872102e-02,3.560000000000000941e-01,1.220999999999999863e+00
7.699999999999995737e-02,2.820000000000000284e-01,1.673999999999999932e+00
6.999999999999850786e-02,3.089999999999999414e-01,1.569999999999999840e+00
6.999999999999850786e-02,3.209999999999999520e-01,1.318999999999999950e+00
7.299999999999862155e-02,3.249999999999999556e-01,1.036999999999999922e+00
8.699999999999974420e-02,2.550000000000001155e-01,1.584999999999999964e+00
8.099999999999951683e-02,2.820000000000000284e-01,1.417999999999999927e+00
5.599999999999916156e-02,3.660000000000001030e-01,1.333999999999999853e+00
4.800000000000004263e-02,3.740000000000001101e-01,1.720999999999999863e+00
8.099999999999951683e-02,2.620000000000000107e-01,1.861999999999999877e+00
6.700000000000017053e-02,3.120000000000000551e-01,1.702999999999999847e+00
6.700000000000017053e-02,3.249999999999999556e-01,1.453999999999999959e+00
5.599999999999916156e-02,3.680000000000001048e-01,1.295999999999999819e+00
6.599999999999894840e-02,3.469999999999999751e-01,1.040999999999999925e+00
7.899999999999884892e-02,3.020000000000000462e-01,1.072999999999999954e+00
4.999999999999893419e-02,3.700000000000001066e-01,1.667999999999999927e+00
7.299999999999862155e-02,3.160000000000000586e-01,1.192999999999999838e+00
6.599999999999894840e-02,3.540000000000000924e-01,8.810000000000000053e-01
6.499999999999950262e-02,3.300000000000000711e-01,1.456999999999999851e+00
6.999999999999850786e-02,3.209999999999999520e-01,1.318999999999999950e+00
6.499999999999950262e-02,3.209999999999999520e-01,1.657000000000000028e+00
6.499999999999950262e-02,3.149999999999999467e-01,1.803999999999999826e+00
5.299999999999904787e-02,3.720000000000001084e-01,1.391999999999999904e+00
7.599999999999873523e-02,3.180000000000000604e-01,9.100000000000000311e-01
8.599999999999852207e-02,2.470000000000001084e-01,1.776999999999999913e+00
3.999999999999914735e-02,3.999999999999999112e-01,1.725999999999999979e+00
9.199999999999874944e-02,2.270000000000000906e-01,1.841999999999999860e+00
6.999999999999850786e-02,3.349999999999999645e-01,9.680000000000000826e-01
8.799999999999918998e-02,2.379999999999999893e-01,1.881999999999999895e+00
6.599999999999894840e-02,3.080000000000000515e-01,1.875000000000000000e+00
5.499999999999971578e-02,3.680000000000001048e-01,1.356999999999999984e+00
7.199999999999917577e-02,3.029999999999999361e-01,1.560999999999999943e+00
7.299999999999862155e-02,2.840000000000000302e-01,1.905999999999999917e+00
8.199999999999896261e-02,2.800000000000000266e-01,1.322999999999999954e+00
5.999999999999872102e-02,3.509999999999999787e-01,1.375000000000000000e+00
5.599999999999916156e-02,3.589999999999999858e-01,1.502000000000000002e+00
8.399999999999963052e-02,2.500000000000000000e-01,1.907000000000000028e+00
8.199999999999896261e-02,2.530000000000001137e-01,1.923999999999999932e+00
5.499999999999971578e-02,3.729999999999999982e-01,1.232999999999999874e+00
6.899999999999906208e-02,3.129999999999999449e-01,1.576999999999999957e+00
6.599999999999894840e-02,3.129999999999999449e-01,1.828999999999999959e+00
6.700000000000017053e-02,3.220000000000000639e-01,1.540999999999999925e+00
5.399999999999849365e-02,3.529999999999999805e-01,1.786999999999999922e+00
4.800000000000004263e-02,3.760000000000001119e-01,1.657000000000000028e+00
7.499999999999928946e-02,3.180000000000000604e-01,9.829999999999999849e-01
5.599999999999916156e-02,3.569999999999999840e-01,1.539999999999999813e+00
4.699999999999882050e-02,3.780000000000001137e-01,1.733999999999999986e+00
8.300000000000018474e-02,2.720000000000000195e-01,1.500000000000000000e+00
7.699999999999995737e-02,2.809999999999999165e-01,1.674999999999999822e+00
7.099999999999972999e-02,3.249999999999999556e-01,1.133999999999999897e+00
6.999999999999850786e-02,3.100000000000000533e-01,1.600999999999999979e+00
6.199999999999938893e-02,3.289999999999999591e-01,1.752999999999999892e+00
6.799999999999961631e-02,3.129999999999999449e-01,1.631000000000000005e+00
7.599999999999873523e-02,3.109999999999999432e-01,1.103999999999999870e+00
5.799999999999982947e-02,3.440000000000000835e-01,1.704999999999999849e+00
5.999999999999872102e-02,3.629999999999999893e-01,1.100999999999999979e+00
4.399999999999870681e-02,3.890000000000000124e-01,1.694999999999999840e+00
5.899999999999927525e-02,3.449999999999999734e-01,1.567999999999999838e+00
8.000000000000007105e-02,2.880000000000000338e-01,1.331999999999999851e+00
7.099999999999972999e-02,3.329999999999999627e-01,9.849999999999999867e-01
7.199999999999917577e-02,3.049999999999999378e-01,1.560999999999999943e+00
7.599999999999873523e-02,2.929999999999999272e-01,1.500000000000000000e+00
5.699999999999860734e-02,3.540000000000000924e-01,1.492999999999999883e+00
6.899999999999906208e-02,3.069999999999999396e-01,1.695999999999999952e+00
7.299999999999862155e-02,2.800000000000000266e-01,1.981999999999999984e+00
4.599999999999937472e-02,3.930000000000000160e-01,1.462999999999999856e+00
6.700000000000017053e-02,3.089999999999999414e-01,1.770999999999999908e+00
4.899999999999948841e-02,3.760000000000001119e-01,1.625000000000000000e+00
6.199999999999938893e-02,3.420000000000000817e-01,1.397999999999999909e+00
8.000000000000007105e-02,2.570000000000001172e-01,2.012000000000000011e+00
6.799999999999961631e-02,3.449999999999999734e-01,9.180000000000000382e-01
6.299999999999883471e-02,3.620000000000000995e-01,9.030000000000000249e-01
4.899999999999948841e-02,3.720000000000001084e-01,1.719999999999999973e+00
5.699999999999860734e-02,3.689999999999999947e-01,1.210999999999999854e+00
8.499999999999907629e-02,2.510000000000001119e-01,1.823999999999999844e+00
7.799999999999940314e-02,2.920000000000000373e-01,1.399000000000000021e+00
8.399999999999963052e-02,2.660000000000000142e-01,1.556999999999999940e+00
7.099999999999972999e-02,3.220000000000000639e-01,1.178999999999999826e+00
7.199999999999917577e-02,3.249999999999999556e-01,1.104999999999999982e+00
8.399999999999963052e-02,2.560000000000000053e-01,1.778999999999999915e+00
6.400000000000005684e-02,3.280000000000000693e-01,1.561999999999999833e+00
9.099999999999930367e-02,2.310000000000000941e-01,1.798999999999999932e+00
6.599999999999894840e-02,3.460000000000000853e-01,1.038999999999999924e+00
9.299999999999997158e-02,2.119999999999999662e-01,2.068000000000000060e+00
7.299999999999862155e-02,3.109999999999999432e-01,1.332999999999999963e+00
4.499999999999992895e-02,3.810000000000000053e-01,1.782000000000000028e+00
6.899999999999906208e-02,3.129999999999999449e-01,1.574999999999999956e+00
7.099999999999972999e-02,3.209999999999999520e-01,1.252000000000000002e+00
4.399999999999870681e-02,3.860000000000001208e-01,1.722999999999999865e+00
7.099999999999972999e-02,3.049999999999999378e-01,1.569999999999999840e+00
7.699999999999995737e-02,2.720000000000000195e-01,1.909999999999999920e+00
8.399999999999963052e-02,2.550000000000001155e-01,1.780000000000000027e+00
6.700000000000017053e-02,3.029999999999999361e-01,1.903000000000000025e+00
5.100000000000015632e-02,3.770000000000000018e-01,1.466999999999999860e+00
4.099999999999859313e-02,3.999999999999999112e-01,1.660999999999999810e+00
5.699999999999860734e-02,3.680000000000001048e-01,1.220999999999999863e+00
4.699999999999882050e-02,3.830000000000000071e-01,1.587999999999999856e+00
8.499999999999907629e-02,2.399999999999999911e-01,2.027000000000000135e+00
7.399999999999984368e-02,2.869999999999999218e-01,1.800999999999999934e+00
5.699999999999860734e-02,3.489999999999999769e-01,1.639000000000000012e+00
8.799999999999918998e-02,2.500000000000000000e-01,1.614999999999999991e+00
8.899999999999863576e-02,2.430000000000001048e-01,1.673999999999999932e+00
6.199999999999938893e-02,3.460000000000000853e-01,1.355999999999999872e+00
6.400000000000005684e-02,3.400000000000000799e-01,1.322999999999999954e+00
7.199999999999917577e-02,3.320000000000000728e-01,8.950000000000000178e-01
7.399999999999984368e-02,2.960000000000000409e-01,1.572999999999999954e+00
7.499999999999928946e-02,3.009999999999999343e-01,1.371999999999999886e+00
4.699999999999882050e-02,3.830000000000000071e-01,1.612999999999999989e+00
6.999999999999850786e-02,3.149999999999999467e-01,1.450999999999999845e+00
7.599999999999873523e-02,2.780000000000000249e-01,1.810999999999999943e+00
7.699999999999995737e-02,2.740000000000000213e-01,1.820999999999999952e+00
7.799999999999940314e-02,2.780000000000000249e-01,1.698999999999999844e+00
6.799999999999961631e-02,3.109999999999999432e-01,1.679999999999999938e+00
9.199999999999874944e-02,2.270000000000000906e-01,1.854999999999999982e+00
9.099999999999930367e-02,2.270000000000000906e-01,1.889999999999999902e+00
7.199999999999917577e-02,3.229999999999999538e-01,1.121999999999999886e+00
8.199999999999896261e-02,2.849999999999999201e-01,1.262000000000000011e+00
6.299999999999883471e-02,3.569999999999999840e-01,1.010999999999999899e+00
6.400000000000005684e-02,3.240000000000000657e-01,1.647999999999999909e+00
6.700000000000017053e-02,3.420000000000000817e-01,1.065999999999999837e+00
5.299999999999904787e-02,3.810000000000000053e-01,1.222999999999999865e+00
7.599999999999873523e-02,3.109999999999999432e-01,1.119999999999999885e+00
4.599999999999937472e-02,3.780000000000001137e-01,1.774999999999999911e+00
9.199999999999874944e-02,2.179999999999999716e-01,2.014000000000000234e+00
8.499999999999907629e-02,2.680000000000000160e-01,1.437999999999999945e+00
6.299999999999883471e-02,3.549999999999999822e-01,1.075999999999999845e+00
6.599999999999894840e-02,3.360000000000000764e-01,1.246999999999999886e+00
8.000000000000007105e-02,2.980000000000000426e-01,1.109999999999999876e+00
6.599999999999894840e-02,3.300000000000000711e-01,1.379999999999999893e+00
4.999999999999893419e-02,3.660000000000001030e-01,1.747999999999999998e+00
5.100000000000015632e-02,3.780000000000001137e-01,1.381999999999999895e+00
8.000000000000007105e-02,2.630000000000001226e-01,1.905000000000000027e+00
9.299999999999997158e-02,2.150000000000000799e-01,2.006000000000000227e+00
5.599999999999916156e-02,3.460000000000000853e-01,1.748999999999999888e+00
4.800000000000004263e-02,3.760000000000001119e-01,1.707999999999999963e+00
6.799999999999961631e-02,3.129999999999999449e-01,1.631000000000000005e+00
6.299999999999883471e-02,3.529999999999999805e-01,1.111999999999999877e+00
5.499999999999971578e-02,3.689999999999999947e-01,1.311999999999999833e+00
8.099999999999951683e-02,2.690000000000001279e-01,1.663999999999999924e+00
6.799999999999961631e-02,3.200000000000000622e-01,1.504000000000000004e+00
7.099999999999972999e-02,2.900000000000000355e-01,1.899000000000000021e+00
6.599999999999894840e-02,3.169999999999999485e-01,1.666999999999999815e+00
4.800000000000004263e-02,3.880000000000001226e-01,1.381000000000000005e+00
7.499999999999928946e-02,3.029999999999999361e-01,1.314999999999999947e+00
8.099999999999951683e-02,2.600000000000000089e-01,1.850999999999999979e+00
5.499999999999971578e-02,3.750000000000000000e-01,1.204999999999999849e+00
6.899999999999906208e-02,3.349999999999999645e-01,1.099999999999999867e+00
6.799999999999961631e-02,3.449999999999999734e-01,9.110000000000000320e-01
7.399999999999984368e-02,3.000000000000000444e-01,1.482999999999999874e+00
5.699999999999860734e-02,3.389999999999999680e-01,1.827999999999999847e+00
5.299999999999904787e-02,3.660000000000001030e-01,1.533999999999999808e+00
5.299999999999904787e-02,3.629999999999999893e-01,1.585999999999999854e+00
6.999999999999850786e-02,3.169999999999999485e-01,1.441999999999999948e+00
6.899999999999906208e-02,3.289999999999999591e-01,1.193999999999999950e+00
6.599999999999894840e-02,3.349999999999999645e-01,1.262000000000000011e+00
4.599999999999937472e-02,3.850000000000000089e-01,1.596999999999999975e+00
4.599999999999937472e-02,3.830000000000000071e-01,1.651999999999999913e+00
6.899999999999906208e-02,3.169999999999999485e-01,1.465999999999999970e+00
5.100000000000015632e-02,3.810000000000000053e-01,1.393999999999999906e+00
8.300000000000018474e-02,2.600000000000000089e-01,1.704999999999999849e+00
6.499999999999950262e-02,3.280000000000000693e-01,1.526000000000000023e+00
7.399999999999984368e-02,3.200000000000000622e-01,1.037999999999999812e+00
8.300000000000018474e-02,2.789999999999999147e-01,1.339999999999999858e+00
7.499999999999928946e-02,3.000000000000000444e-01,1.412999999999999812e+00
5.100000000000015632e-02,3.620000000000000995e-01,1.762999999999999901e+00
5.999999999999872102e-02,3.300000000000000711e-01,1.823999999999999844e+00
7.199999999999917577e-02,3.260000000000000675e-01,1.046999999999999931e+00
6.999999999999850786e-02,3.129999999999999449e-01,1.497999999999999998e+00
6.400000000000005684e-02,3.360000000000000764e-01,1.407999999999999918e+00
6.199999999999938893e-02,3.609999999999999876e-01,1.004000000000000004e+00
8.599999999999852207e-02,2.350000000000000977e-01,2.056999999999999940e+00
8.699999999999974420e-02,2.350000000000000977e-01,2.003000000000000114e+00
8.099999999999951683e-02,2.680000000000000160e-01,1.726999999999999869e+00
6.700000000000017053e-02,3.200000000000000622e-01,1.551999999999999824e+00
7.699999999999995737e-02,2.960000000000000409e-01,1.361999999999999877e+00
4.999999999999893419e-02,3.800000000000001155e-01,1.405000000000000027e+00
4.699999999999882050e-02,3.750000000000000000e-01,1.770999999999999908e+00
4.999999999999893419e-02,3.740000000000001101e-01,1.579999999999999849e+00
4.099999999999859313e-02,3.990000000000000213e-01,1.661999999999999922e+00
4.599999999999937472e-02,3.900000000000001243e-01,1.487999999999999989e+00
8.699999999999974420e-02,2.530000000000001137e-01,1.637000000000000011e+00
7.199999999999917577e-02,2.880000000000000338e-01,1.946999999999999842e+00
7.199999999999917577e-02,3.000000000000000444e-01,1.651000000000000023e+00
6.999999999999850786e-02,2.980000000000000426e-01,1.816999999999999948e+00
8.699999999999974420e-02,2.459999999999999964e-01,1.758999999999999897e+00
7.599999999999873523e-02,2.869999999999999218e-01,1.633000000000000007e+00
5.399999999999849365e-02,3.589999999999999858e-01,1.625000000000000000e+00
3.899999999999970157e-02,4.059999999999999165e-01,1.653000000000000025e+00
6.499999999999950262e-02,3.180000000000000604e-01,1.768999999999999906e+00
5.699999999999860734e-02,3.540000000000000924e-01,1.512999999999999901e+00
7.199999999999917577e-02,3.220000000000000639e-01,1.147000000000000020e+00
8.000000000000007105e-02,2.610000000000001208e-01,1.956999999999999851e+00
6.599999999999894840e-02,3.440000000000000835e-01,1.080999999999999961e+00
6.999999999999850786e-02,3.069999999999999396e-01,1.635999999999999899e+00
7.899999999999884892e-02,3.009999999999999343e-01,1.115999999999999881e+00
7.599999999999873523e-02,3.100000000000000533e-01,1.147999999999999909e+00
6.299999999999883471e-02,3.600000000000000977e-01,9.789999999999999813e-01
6.199999999999938893e-02,3.540000000000000924e-01,1.176999999999999824e+00
7.399999999999984368e-02,3.120000000000000551e-01,1.214999999999999858e+00
6.499999999999950262e-02,3.540000000000000924e-01,9.360000000000000542e-01
8.499999999999907629e-02,2.530000000000001137e-01,1.727999999999999980e+00
4.999999999999893419e-02,3.830000000000000071e-01,1.369999999999999885e+00
4.999999999999893419e-02,3.800000000000001155e-01,1.414999999999999813e+00
8.300000000000018474e-02,2.479999999999999982e-01,2.030000000000000249e+00
6.499999999999950262e-02,3.440000000000000835e-01,1.166999999999999815e+00
6.599999999999894840e-02,3.100000000000000533e-01,1.887000000000000011e+00
7.599999999999873523e-02,2.949999999999999289e-01,1.419999999999999929e+00
5.799999999999982947e-02,3.709999999999999964e-01,1.108999999999999986e+00
7.399999999999984368e-02,2.880000000000000338e-01,1.729999999999999982e+00
5.599999999999916156e-02,3.529999999999999805e-01,1.629999999999999893e+00
4.800000000000004263e-02,3.709999999999999964e-01,1.791999999999999815e+00
4.399999999999870681e-02,3.930000000000000160e-01,1.566999999999999948e+00
6.700000000000017053e-02,3.089999999999999414e-01,1.804999999999999938e+00
7.699999999999995737e-02,3.109999999999999432e-01,1.016999999999999904e+00
7.599999999999873523e-02,2.749999999999999112e-01,1.903999999999999915e+00
7.399999999999984368e-02,3.129999999999999449e-01,1.234999999999999876e+00
7.099999999999972999e-02,3.169999999999999485e-01,1.361999999999999877e+00
7.299999999999862155e-02,3.249999999999999556e-01,9.839999999999999858e-01
8.199999999999896261e-02,2.530000000000001137e-01,1.948999999999999844e+00
6.400000000000005684e-02,3.629999999999999893e-01,8.489999999999999769e-01
6.099999999999994316e-02,3.640000000000001013e-01,1.026000000000000023e+00
6.099999999999994316e-02,3.600000000000000977e-01,1.098999999999999977e+00
5.299999999999904787e-02,3.689999999999999947e-01,1.514000000000000012e+00
5.899999999999927525e-02,3.540000000000000924e-01,1.358999999999999986e+00
8.300000000000018474e-02,2.470000000000001084e-01,2.038999999999999702e+00
6.199999999999938893e-02,3.469999999999999751e-01,1.285999999999999810e+00
7.299999999999862155e-02,3.240000000000000657e-01,9.989999999999999991e-01
8.399999999999963052e-02,2.600000000000000089e-01,1.686999999999999833e+00
9.299999999999997158e-02,2.170000000000000817e-01,1.950999999999999845e+00
6.499999999999950262e-02,3.409999999999999698e-01,1.236999999999999877e+00
5.599999999999916156e-02,3.589999999999999858e-01,1.490999999999999881e+00
7.899999999999884892e-02,2.670000000000001261e-01,1.856999999999999984e+00
6.599999999999894840e-02,3.449999999999999734e-01,1.104999999999999982e+00
8.300000000000018474e-02,2.710000000000001297e-01,1.486999999999999877e+00
8.899999999999863576e-02,2.290000000000000924e-01,2.003000000000000114e+00
8.300000000000018474e-02,2.530000000000001137e-01,1.912999999999999812e+00
5.799999999999982947e-02,3.709999999999999964e-01,1.036999999999999922e+00
7.299999999999862155e-02,3.180000000000000604e-01,1.185999999999999943e+00
7.299999999999862155e-02,3.169999999999999485e-01,1.187999999999999945e+00
8.499999999999907629e-02,2.410000000000001030e-01,1.995999999999999996e+00
7.099999999999972999e-02,3.100000000000000533e-01,1.485999999999999988e+00
7.499999999999928946e-02,3.140000000000000568e-01,1.125999999999999890e+00
6.700000000000017053e-02,3.500000000000000888e-01,8.960000000000000187e-01
5.799999999999982947e-02,3.529999999999999805e-01,1.470999999999999863e+00
6.199999999999938893e-02,3.580000000000000959e-01,1.028999999999999915e+00
5.699999999999860734e-02,3.540000000000000924e-01,1.494999999999999885e+00
4.899999999999948841e-02,3.790000000000000036e-01,1.568999999999999950e+00
6.400000000000005684e-02,3.129999999999999449e-01,1.918999999999999817e+00
6.400000000000005684e-02,3.240000000000000657e-01,1.694999999999999840e+00
6.499999999999950262e-02,3.380000000000000782e-01,1.286999999999999922e+00
7.599999999999873523e-02,2.900000000000000355e-01,1.551999999999999824e+00
7.299999999999862155e-02,3.169999999999999485e-01,1.172999999999999821e+00
7.299999999999862155e-02,2.900000000000000355e-01,1.787999999999999812e+00
7.899999999999884892e-02,2.710000000000001297e-01,1.768000000000000016e+00
8.599999999999852207e-02,2.530000000000001137e-01,1.677999999999999936e+00
8.799999999999918998e-02,2.359999999999999876e-01,1.940999999999999837e+00
4.199999999999981526e-02,3.960000000000001297e-01,1.666999999999999815e+00
5.599999999999916156e-02,3.589999999999999858e-01,1.502000000000000002e+00
6.299999999999883471e-02,3.349999999999999645e-01,1.520999999999999908e+00
6.799999999999961631e-02,3.360000000000000764e-01,1.107999999999999874e+00
7.899999999999884892e-02,2.920000000000000373e-01,1.321999999999999842e+00
6.700000000000017053e-02,3.080000000000000515e-01,1.815999999999999837e+00
7.899999999999884892e-02,2.710000000000001297e-01,1.790999999999999925e+00
8.300000000000018474e-02,2.690000000000001279e-01,1.537999999999999812e+00
5.899999999999927525e-02,3.629999999999999893e-01,1.161999999999999922e+00
8.000000000000007105e-02,2.729999999999999094e-01,1.653999999999999915e+00
7.699999999999995737e-02,3.100000000000000533e-01,1.033999999999999808e+00
7.399999999999984368e-02,2.880000000000000338e-01,1.739999999999999991e+00
4.899999999999948841e-02,3.720000000000001084e-01,1.722999999999999865e+00
5.999999999999872102e-02,3.520000000000000906e-01,1.322999999999999954e+00
5.199999999999960210e-02,3.580000000000000959e-01,1.760000000000000009e+00
7.199999999999917577e-02,3.240000000000000657e-01,1.077999999999999847e+00
5.699999999999860734e-02,3.620000000000000995e-01,1.355999999999999872e+00
5.499999999999971578e-02,3.509999999999999787e-01,1.756000000000000005e+00
4.299999999999926104e-02,3.910000000000000142e-01,1.683999999999999941e+00
6.199999999999938893e-02,3.249999999999999556e-01,1.794999999999999929e+00
6.599999999999894840e-02,3.260000000000000675e-01,1.456999999999999851e+00
8.999999999999985789e-02,2.339999999999999858e-01,1.834999999999999964e+00
4.999999999999893419e-02,3.760000000000001119e-01,1.504999999999999893e+00
5.799999999999982947e-02,3.589999999999999858e-01,1.356999999999999984e+00
4.899999999999948841e-02,3.780000000000001137e-01,1.535999999999999810e+00
6.499999999999950262e-02,3.100000000000000533e-01,1.914999999999999813e+00
6.199999999999938893e-02,3.320000000000000728e-01,1.663999999999999924e+00
6.400000000000005684e-02,3.460000000000000853e-01,1.189999999999999947e+00
5.100000000000015632e-02,3.609999999999999876e-01,1.817999999999999838e+00
7.199999999999917577e-02,3.049999999999999378e-01,1.522000000000000020e+00
8.300000000000018474e-02,2.570000000000001172e-01,1.776999999999999913e+00
8.099999999999951683e-02,2.670000000000001261e-01,1.725999999999999979e+00
6.700000000000017053e-02,3.060000000000000497e-01,1.887999999999999901e+00
6.599999999999894840e-02,3.200000000000000622e-01,1.635999999999999899e+00
7.799999999999940314e-02,2.840000000000000302e-01,1.533999999999999808e+00
7.299999999999862155e-02,3.100000000000000533e-01,1.349999999999999867e+00
5.999999999999872102e-02,3.429999999999999716e-01,1.570999999999999952e+00
6.299999999999883471e-02,3.329999999999999627e-01,1.583999999999999853e+00
7.599999999999873523e-02,2.860000000000000320e-01,1.674999999999999822e+00
7.499999999999928946e-02,2.940000000000000391e-01,1.559999999999999831e+00
6.099999999999994316e-02,3.289999999999999591e-01,1.778000000000000025e+00
6.700000000000017053e-02,3.289999999999999591e-01,1.381000000000000005e+00
4.699999999999882050e-02,3.900000000000001243e-01,1.412999999999999812e+00
4.999999999999893419e-02,3.689999999999999947e-01,1.721999999999999975e+00
5.899999999999927525e-02,3.489999999999999769e-01,1.492999999999999883e+00
5.899999999999927525e-02,3.660000000000001030e-01,1.100999999999999979e+00
7.399999999999984368e-02,3.249999999999999556e-01,9.570000000000000728e-01
7.299999999999862155e-02,2.940000000000000391e-01,1.695999999999999952e+00
8.699999999999974420e-02,2.560000000000000053e-01,1.568999999999999950e+00
5.499999999999971578e-02,3.680000000000001048e-01,1.363999999999999879e+00
5.899999999999927525e-02,3.620000000000000995e-01,1.199999999999999956e+00
8.699999999999974420e-02,2.399999999999999911e-01,1.859999999999999876e+00
7.099999999999972999e-02,3.300000000000000711e-01,1.032000000000000028e+00
4.599999999999937472e-02,3.840000000000001190e-01,1.639000000000000012e+00
7.799999999999940314e-02,2.720000000000000195e-01,1.837999999999999856e+00
6.099999999999994316e-02,3.580000000000000959e-01,1.125999999999999890e+00
6.299999999999883471e-02,3.260000000000000675e-01,1.721999999999999975e+00
9.099999999999930367e-02,2.230000000000000870e-01,1.995999999999999996e+00
8.999999999999985789e-02,2.239999999999999769e-01,2.048000000000000043e+00
7.899999999999884892e-02,2.630000000000001226e-01,1.977999999999999980e+00
8.300000000000018474e-02,2.590000000000001190e-01,1.752999999999999892e+00
8.300000000000018474e-02,2.650000000000001243e-01,1.606999999999999984e+00
6.799999999999961631e-02,3.389999999999999680e-01,1.022999999999999909e+00
6.199999999999938893e-02,3.340000000000000746e-01,1.612999999999999989e+00
7.199999999999917577e-02,3.260000000000000675e-01,1.083999999999999853e+00
5.399999999999849365e-02,3.620000000000000995e-01,1.583999999999999853e+00
6.099999999999994316e-02,3.560000000000000941e-01,1.199999999999999956e+00
6.700000000000017053e-02,3.109999999999999432e-01,1.786999999999999922e+00
5.899999999999927525e-02,3.549999999999999822e-01,1.320999999999999952e+00
6.299999999999883471e-02,3.440000000000000835e-01,1.326999999999999957e+00
6.899999999999906208e-02,3.369999999999999662e-01,1.030999999999999917e+00
6.099999999999994316e-02,3.449999999999999734e-01,1.416999999999999815e+00
7.799999999999940314e-02,2.780000000000000249e-01,1.653000000000000025e+00
4.899999999999948841e-02,3.890000000000000124e-01,1.347999999999999865e+00
8.699999999999974420e-02,2.530000000000001137e-01,1.643000000000000016e+00
6.700000000000017053e-02,3.389999999999999680e-01,1.127000000000000002e+00
5.799999999999982947e-02,3.580000000000000959e-01,1.385000000000000009e+00
8.699999999999974420e-02,2.459999999999999964e-01,1.770000000000000018e+00
7.799999999999940314e-02,3.009999999999999343e-01,1.149999999999999911e+00
4.499999999999992895e-02,3.870000000000000107e-01,1.627000000000000002e+00
7.699999999999995737e-02,2.840000000000000302e-01,1.639999999999999902e+00
8.899999999999863576e-02,2.350000000000000977e-01,1.867999999999999883e+00
8.300000000000018474e-02,2.660000000000000142e-01,1.619999999999999885e+00
6.499999999999950262e-02,3.509999999999999787e-01,1.028999999999999915e+00
7.499999999999928946e-02,3.000000000000000444e-01,1.449999999999999956e+00
6.400000000000005684e-02,3.400000000000000799e-01,1.350999999999999979e+00
6.299999999999883471e-02,3.469999999999999751e-01,1.218999999999999861e+00
5.399999999999849365e-02,3.569999999999999840e-01,1.690999999999999837e+00
5.499999999999971578e-02,3.680000000000001048e-01,1.361999999999999877e+00
8.799999999999918998e-02,2.419999999999999929e-01,1.752000000000000002e+00
6.899999999999906208e-02,3.280000000000000693e-01,1.205999999999999961e+00
7.699999999999995737e-02,2.680000000000000160e-01,1.988999999999999879e+00
7.799999999999940314e-02,2.920000000000000373e-01,1.405000000000000027e+00
7.199999999999917577e-02,2.880000000000000338e-01,1.901999999999999913e+00
6.999999999999850786e-02,3.089999999999999414e-01,1.570999999999999952e+00
3.899999999999970157e-02,4.039999999999999147e-01,1.692999999999999838e+00
4.899999999999948841e-02,3.850000000000000089e-01,1.389000000000000012e+00
7.599999999999873523e-02,3.029999999999999361e-01,1.304999999999999938e+00
8.000000000000007105e-02,2.829999999999999183e-01,1.405999999999999917e+00
7.099999999999972999e-02,2.929999999999999272e-01,1.841999999999999860e+00
8.399999999999963052e-02,2.459999999999999964e-01,2.007000000000000117e+00
7.599999999999873523e-02,2.800000000000000266e-01,1.785999999999999810e+00
5.100000000000015632e-02,3.820000000000001172e-01,1.316999999999999948e+00
4.499999999999992895e-02,3.830000000000000071e-01,1.735999999999999988e+00
4.899999999999948841e-02,3.689999999999999947e-01,1.741999999999999993e+00
5.499999999999971578e-02,3.549999999999999822e-01,1.633000000000000007e+00
4.800000000000004263e-02,3.750000000000000000e-01,1.739999999999999991e+00
7.799999999999940314e-02,2.840000000000000302e-01,1.585999999999999854e+00
5.899999999999927525e-02,3.429999999999999716e-01,1.609999999999999876e+00
6.599999999999894840e-02,3.540000000000000924e-01,8.750000000000000000e-01
8.899999999999863576e-02,2.419999999999999929e-01,1.694999999999999840e+00
7.399999999999984368e-02,3.060000000000000497e-01,1.365999999999999881e+00
4.999999999999893419e-02,3.689999999999999947e-01,1.714999999999999858e+00
8.899999999999863576e-02,2.250000000000000888e-01,2.076999999999999957e+00
7.899999999999884892e-02,3.009999999999999343e-01,1.113999999999999879e+00
3.899999999999970157e-02,4.039999999999999147e-01,1.699999999999999956e+00
7.799999999999940314e-02,2.989999999999999325e-01,1.192999999999999838e+00
7.399999999999984368e-02,3.209999999999999520e-01,9.949999999999999956e-01
7.799999999999940314e-02,2.980000000000000426e-01,1.262000000000000011e+00
8.699999999999974420e-02,2.450000000000001066e-01,1.812999999999999945e+00
5.299999999999904787e-02,3.750000000000000000e-01,1.359999999999999876e+00
8.199999999999896261e-02,2.809999999999999165e-01,1.323999999999999844e+00
7.899999999999884892e-02,2.929999999999999272e-01,1.319999999999999840e+00
5.699999999999860734e-02,3.400000000000000799e-01,1.834999999999999964e+00
6.899999999999906208e-02,3.289999999999999591e-01,1.215999999999999970e+00
6.799999999999961631e-02,3.469999999999999751e-01,8.649999999999999911e-01
4.699999999999882050e-02,3.820000000000001172e-01,1.602999999999999980e+00
8.699999999999974420e-02,2.419999999999999929e-01,1.891000000000000014e+00
6.899999999999906208e-02,3.380000000000000782e-01,9.889999999999999902e-01
8.399999999999963052e-02,2.530000000000001137e-01,1.826999999999999957e+00
4.599999999999937472e-02,3.780000000000001137e-01,1.778999999999999915e+00
6.400000000000005684e-02,3.389999999999999680e-01,1.372999999999999998e+00
6.199999999999938893e-02,3.589999999999999858e-01,1.039999999999999813e+00
8.099999999999951683e-02,2.570000000000001172e-01,1.949999999999999956e+00
4.399999999999870681e-02,3.920000000000001261e-01,1.619999999999999885e+00
7.399999999999984368e-02,2.860000000000000320e-01,1.819999999999999840e+00
4.899999999999948841e-02,3.700000000000001066e-01,1.736999999999999877e+00
4.999999999999893419e-02,3.709999999999999964e-01,1.633000000000000007e+00
4.999999999999893419e-02,3.669999999999999929e-01,1.764999999999999902e+00
6.899999999999906208e-02,3.009999999999999343e-01,1.847999999999999865e+00
4.899999999999948841e-02,3.870000000000000107e-01,1.327999999999999847e+00
6.700000000000017053e-02,3.409999999999999698e-01,1.120999999999999996e+00
7.499999999999928946e-02,2.969999999999999307e-01,1.476999999999999869e+00
5.399999999999849365e-02,3.760000000000001119e-01,1.233999999999999986e+00
6.400000000000005684e-02,3.480000000000000870e-01,1.147999999999999909e+00
8.399999999999963052e-02,2.500000000000000000e-01,1.871999999999999886e+00
5.799999999999982947e-02,3.380000000000000782e-01,1.780999999999999917e+00
4.599999999999937472e-02,3.920000000000001261e-01,1.488999999999999879e+00
7.599999999999873523e-02,2.820000000000000284e-01,1.719999999999999973e+00
3.999999999999914735e-02,3.999999999999999112e-01,1.711999999999999966e+00
6.599999999999894840e-02,3.129999999999999449e-01,1.818999999999999950e+00
5.199999999999960210e-02,3.580000000000000959e-01,1.821999999999999842e+00
7.699999999999995737e-02,3.109999999999999432e-01,1.024999999999999911e+00
7.199999999999917577e-02,3.280000000000000693e-01,1.046999999999999931e+00
8.899999999999863576e-02,2.310000000000000941e-01,1.976999999999999869e+00
6.700000000000017053e-02,3.449999999999999734e-01,9.899999999999999911e-01
7.499999999999928946e-02,2.740000000000000213e-01,1.991999999999999993e+00
4.399999999999870681e-02,3.880000000000001226e-01,1.692999999999999838e+00
8.300000000000018474e-02,2.550000000000001155e-01,1.858999999999999986e+00
8.899999999999863576e-02,2.399999999999999911e-01,1.772999999999999909e+00
8.999999999999985789e-02,2.350000000000000977e-01,1.805999999999999828e+00
5.899999999999927525e-02,3.689999999999999947e-01,9.989999999999999991e-01
4.699999999999882050e-02,3.860000000000001208e-01,1.547999999999999821e+00
6.899999999999906208e-02,3.200000000000000622e-01,1.387000000000000011e+00
5.699999999999860734e-02,3.540000000000000924e-01,1.506999999999999895e+00
5.399999999999849365e-02,3.649999999999999911e-01,1.500999999999999890e+00
5.199999999999960210e-02,3.609999999999999876e-01,1.744999999999999885e+00
7.299999999999862155e-02,3.020000000000000462e-01,1.512999999999999901e+00
4.099999999999859313e-02,4.019999999999999130e-01,1.629999999999999893e+00
7.099999999999972999e-02,2.949999999999999289e-01,1.854999999999999982e+00
7.899999999999884892e-02,2.969999999999999307e-01,1.234999999999999876e+00
4.999999999999893419e-02,3.680000000000001048e-01,1.722999999999999865e+00
4.899999999999948841e-02,3.680000000000001048e-01,1.786999999999999922e+00
4.199999999999981526e-02,3.960000000000001297e-01,1.705999999999999961e+00
6.999999999999850786e-02,3.320000000000000728e-01,1.095999999999999863e+00
6.400000000000005684e-02,3.309999999999999609e-01,1.500999999999999890e+00
6.999999999999850786e-02,3.500000000000000888e-01,6.810000000000000497e-01
7.499999999999928946e-02,3.180000000000000604e-01,9.899999999999999911e-01
6.899999999999906208e-02,3.020000000000000462e-01,1.840999999999999970e+00
4.899999999999948841e-02,3.689999999999999947e-01,1.733999999999999986e+00
5.899999999999927525e-02,3.300000000000000711e-01,1.885999999999999899e+00
6.899999999999906208e-02,3.389999999999999680e-01,9.949999999999999956e-01
6.499999999999950262e-02,3.220000000000000639e-01,1.676999999999999824e+00
6.599999999999894840e-02,3.369999999999999662e-01,1.242999999999999883e+00
9.199999999999874944e-02,2.219999999999999751e-01,1.961999999999999966e+00
4.099999999999859313e-02,3.979999999999999094e-01,1.731999999999999984e+00
6.799999999999961631e-02,3.429999999999999716e-01,9.849999999999999867e-01
9.399999999999941735e-02,2.130000000000000782e-01,1.970999999999999863e+00
6.099999999999994316e-02,3.529999999999999805e-01,1.266999999999999904e+00
8.999999999999985789e-02,2.359999999999999876e-01,1.752999999999999892e+00
5.599999999999916156e-02,3.480000000000000870e-01,1.748999999999999888e+00
6.199999999999938893e-02,3.540000000000000924e-01,1.122999999999999998e+00
7.399999999999984368e-02,3.040000000000000480e-01,1.389999999999999902e+00
7.699999999999995737e-02,3.100000000000000533e-01,1.026999999999999913e+00
6.799999999999961631e-02,3.000000000000000444e-01,1.903999999999999915e+00
5.899999999999927525e-02,3.660000000000001030e-01,1.141000000000000014e+00
7.099999999999972999e-02,3.340000000000000746e-01,9.630000000000000782e-01
8.899999999999863576e-02,2.330000000000000959e-01,1.885000000000000009e+00
6.400000000000005684e-02,3.229999999999999538e-01,1.738999999999999879e+00
7.499999999999928946e-02,2.849999999999999201e-01,1.789999999999999813e+00
7.499999999999928946e-02,3.189999999999999503e-01,1.000000000000000000e+00
8.599999999999852207e-02,2.580000000000000071e-01,1.547999999999999821e+00
6.199999999999938893e-02,3.469999999999999751e-01,1.285999999999999810e+00
5.399999999999849365e-02,3.609999999999999876e-01,1.604999999999999982e+00
4.299999999999926104e-02,3.960000000000001297e-01,1.609999999999999876e+00
5.899999999999927525e-02,3.569999999999999840e-01,1.295999999999999819e+00
7.199999999999917577e-02,3.100000000000000533e-01,1.377999999999999892e+00
4.999999999999893419e-02,3.709999999999999964e-01,1.616999999999999993e+00
7.699999999999995737e-02,2.760000000000000231e-01,1.812999999999999945e+00
6.400000000000005684e-02,3.369999999999999662e-01,1.387999999999999901e+00
4.999999999999893419e-02,3.669999999999999929e-01,1.711999999999999966e+00
6.499999999999950262e-02,3.220000000000000639e-01,1.674999999999999822e+00
7.199999999999917577e-02,2.860000000000000320e-01,1.958999999999999853e+00
6.799999999999961631e-02,3.460000000000000853e-01,8.950000000000000178e-01
8.099999999999951683e-02,2.889999999999999236e-01,1.247999999999999998e+00
4.899999999999948841e-02,3.720000000000001084e-01,1.703999999999999959e+00
6.999999999999850786e-02,3.269999999999999574e-01,1.178999999999999826e+00
5.599999999999916156e-02,3.469999999999999751e-01,1.723999999999999977e+00
7.099999999999972999e-02,2.969999999999999307e-01,1.815999999999999837e+00
5.599999999999916156e-02,3.609999999999999876e-01,1.393999999999999906e+00
5.399999999999849365e-02,3.600000000000000977e-01,1.602999999999999980e+00
5.999999999999872102e-02,3.280000000000000693e-01,1.887000000000000011e+00
7.599999999999873523e-02,2.840000000000000302e-01,1.730999999999999872e+00
8.399999999999963052e-02,2.550000000000001155e-01,1.791999999999999815e+00
7.499999999999928946e-02,2.840000000000000302e-01,1.797999999999999821e+00
6.799999999999961631e-02,3.269999999999999574e-01,1.354999999999999982e+00
8.199999999999896261e-02,2.520000000000000018e-01,1.967999999999999972e+00
8.699999999999974420e-02,2.500000000000000000e-01,1.662999999999999812e+00
6.599999999999894840e-02,3.260000000000000675e-01,1.492999999999999883e+00
4.199999999999981526e-02,4.010000000000000231e-01,1.559999999999999831e+00
7.699999999999995737e-02,3.160000000000000586e-01,9.500000000000000666e-01
7.599999999999873523e-02,3.009999999999999343e-01,1.347999999999999865e+00
8.099999999999951683e-02,2.560000000000000053e-01,1.971999999999999975e+00
6.299999999999883471e-02,3.169999999999999485e-01,1.905999999999999917e+00
5.799999999999982947e-02,3.689999999999999947e-01,1.081999999999999851e+00
6.299999999999883471e-02,3.469999999999999751e-01,1.231999999999999984e+00
8.199999999999896261e-02,2.789999999999999147e-01,1.371999999999999886e+00
8.300000000000018474e-02,2.749999999999999112e-01,1.375999999999999890e+00
9.099999999999930367e-02,2.270000000000000906e-01,1.879999999999999893e+00
4.399999999999870681e-02,3.920000000000001261e-01,1.641999999999999904e+00
7.199999999999917577e-02,3.040000000000000480e-01,1.555999999999999828e+00
6.199999999999938893e-02,3.429999999999999716e-01,1.387999999999999901e+00
7.799999999999940314e-02,2.980000000000000426e-01,1.216999999999999860e+00
8.399999999999963052e-02,2.430000000000001048e-01,2.027000000000000135e+00
6.999999999999850786e-02,3.389999999999999680e-01,8.950000000000000178e-01
8.199999999999896261e-02,2.809999999999999165e-01,1.304999999999999938e+00
4.699999999999882050e-02,3.770000000000000018e-01,1.699999999999999956e+00
8.099999999999951683e-02,2.560000000000000053e-01,1.993999999999999995e+00
8.899999999999863576e-02,2.259999999999999787e-01,2.060999999999999943e+00
5.699999999999860734e-02,3.500000000000000888e-01,1.645999999999999908e+00
7.099999999999972999e-02,3.029999999999999361e-01,1.682999999999999829e+00
8.199999999999896261e-02,2.580000000000000071e-01,1.832999999999999963e+00
6.199999999999938893e-02,3.420000000000000817e-01,1.393000000000000016e+00
6.999999999999850786e-02,3.309999999999999609e-01,1.101999999999999869e+00
8.099999999999951683e-02,2.640000000000000124e-01,1.808999999999999941e+00
7.099999999999972999e-02,3.029999999999999361e-01,1.639000000000000012e+00
6.199999999999938893e-02,3.480000000000000870e-01,1.301999999999999824e+00
7.899999999999884892e-02,2.960000000000000409e-01,1.245999999999999996e+00
8.799999999999918998e-02,2.399999999999999911e-01,1.802999999999999936e+00
6.899999999999906208e-02,3.120000000000000551e-01,1.612999999999999989e+00
5.999999999999872102e-02,3.400000000000000799e-01,1.639999999999999902e+00
5.899999999999927525e-02,3.380000000000000782e-01,1.768000000000000016e+00
8.399999999999963052e-02,2.530000000000001137e-01,1.802999999999999936e+00
6.199999999999938893e-02,3.389999999999999680e-01,1.468999999999999861e+00
6.299999999999883471e-02,3.569999999999999840e-01,1.047999999999999821e+00
7.599999999999873523e-02,2.820000000000000284e-01,1.756999999999999895e+00
7.199999999999917577e-02,2.929999999999999272e-01,1.841999999999999860e+00
8.399999999999963052e-02,2.620000000000000107e-01,1.599999999999999867e+00
7.299999999999862155e-02,3.309999999999999609e-01,8.850000000000000089e-01
4.299999999999926104e-02,3.940000000000001279e-01,1.665999999999999925e+00
6.799999999999961631e-02,3.320000000000000728e-01,1.225999999999999979e+00
6.400000000000005684e-02,3.460000000000000853e-01,1.204999999999999849e+00
8.099999999999951683e-02,2.680000000000000160e-01,1.712999999999999856e+00
6.499999999999950262e-02,3.329999999999999627e-01,1.395999999999999908e+00
6.799999999999961631e-02,3.220000000000000639e-01,1.430999999999999828e+00
6.400000000000005684e-02,3.280000000000000693e-01,1.622999999999999998e+00
7.499999999999928946e-02,2.760000000000000231e-01,1.991999999999999993e+00
7.199999999999917577e-02,3.160000000000000586e-01,1.295999999999999819e+00
5.299999999999904787e-02,3.720000000000001084e-01,1.440999999999999837e+00
5.299999999999904787e-02,3.810000000000000053e-01,1.223999999999999977e+00
7.499999999999928946e-02,2.980000000000000426e-01,1.478999999999999870e+00
8.099999999999951683e-02,2.849999999999999201e-01,1.301999999999999824e+00
7.499999999999928946e-02,2.749999999999999112e-01,1.978999999999999870e+00
7.899999999999884892e-02,2.989999999999999325e-01,1.129999999999999893e+00
8.099999999999951683e-02,2.760000000000000231e-01,1.541999999999999815e+00
7.299999999999862155e-02,3.100000000000000533e-01,1.348999999999999977e+00
6.899999999999906208e-02,3.380000000000000782e-01,1.034999999999999920e+00
5.199999999999960210e-02,3.569999999999999840e-01,1.825999999999999845e+00
8.199999999999896261e-02,2.789999999999999147e-01,1.379000000000000004e+00
4.800000000000004263e-02,3.750000000000000000e-01,1.703999999999999959e+00
6.099999999999994316e-02,3.660000000000001030e-01,9.240000000000000435e-01
6.999999999999850786e-02,3.189999999999999503e-01,1.395999999999999908e+00
6.599999999999894840e-02,3.489999999999999769e-01,1.004999999999999893e+00
7.499999999999928946e-02,2.940000000000000391e-01,1.597999999999999865e+00
7.599999999999873523e-02,2.900000000000000355e-01,1.587999999999999856e+00
4.899999999999948841e-02,3.680000000000001048e-01,1.788999999999999924e+00
7.699999999999995737e-02,3.049999999999999378e-01,1.200999999999999845e+00
7.799999999999940314e-02,3.060000000000000497e-01,1.064999999999999947e+00
8.399999999999963052e-02,2.439999999999999947e-01,2.045999999999999819e+00
7.599999999999873523e-02,3.200000000000000622e-01,9.140000000000000346e-01
6.400000000000005684e-02,3.260000000000000675e-01,1.620999999999999996e+00
4.999999999999893419e-02,3.800000000000001155e-01,1.423999999999999932e+00
6.700000000000017053e-02,3.340000000000000746e-01,1.235999999999999988e+00
7.099999999999972999e-02,3.149999999999999467e-01,1.372999999999999998e+00
7.599999999999873523e-02,3.169999999999999485e-01,9.779999999999999805e-01
6.999999999999850786e-02,3.289999999999999591e-01,1.162999999999999812e+00
8.799999999999918998e-02,2.359999999999999876e-01,1.920999999999999819e+00
8.599999999999852207e-02,2.510000000000001119e-01,1.718999999999999861e+00
6.700000000000017053e-02,3.200000000000000622e-01,1.586999999999999966e+00
5.399999999999849365e-02,3.750000000000000000e-01,1.228999999999999870e+00
4.699999999999882050e-02,3.840000000000001190e-01,1.610999999999999988e+00
6.599999999999894840e-02,3.460000000000000853e-01,1.060999999999999943e+00
5.199999999999960210e-02,3.820000000000001172e-01,1.219999999999999973e+00
7.799999999999940314e-02,3.029999999999999361e-01,1.111999999999999877e+00
5.999999999999872102e-02,3.329999999999999627e-01,1.760000000000000009e+00
5.299999999999904787e-02,3.720000000000001084e-01,1.414999999999999813e+00
6.599999999999894840e-02,3.349999999999999645e-01,1.315999999999999837e+00
7.399999999999984368e-02,3.209999999999999520e-01,1.057999999999999829e+00
8.199999999999896261e-02,2.550000000000001155e-01,1.944999999999999840e+00
7.599999999999873523e-02,3.060000000000000497e-01,1.217999999999999972e+00
7.399999999999984368e-02,2.809999999999999165e-01,1.899000000000000021e+00
7.499999999999928946e-02,3.240000000000000657e-01,9.180000000000000382e-01
5.199999999999960210e-02,3.609999999999999876e-01,1.745999999999999996e+00
5.699999999999860734e-02,3.729999999999999982e-01,1.087999999999999856e+00
7.799999999999940314e-02,3.060000000000000497e-01,1.067999999999999838e+00
8.300000000000018474e-02,2.650000000000001243e-01,1.647999999999999909e+00
6.299999999999883471e-02,3.520000000000000906e-01,1.116999999999999993e+00
7.899999999999884892e-02,2.840000000000000302e-01,1.502000000000000002e+00
5.399999999999849365e-02,3.540000000000000924e-01,1.737999999999999989e+00
6.299999999999883471e-02,3.569999999999999840e-01,9.849999999999999867e-01
6.799999999999961631e-02,3.400000000000000799e-01,1.033999999999999808e+00
6.999999999999850786e-02,3.329999999999999627e-01,1.035999999999999810e+00
7.099999999999972999e-02,3.100000000000000533e-01,1.530000000000000027e+00
5.899999999999927525e-02,3.360000000000000764e-01,1.782000000000000028e+00
6.599999999999894840e-02,3.169999999999999485e-01,1.685999999999999943e+00
6.400000000000005684e-02,3.469999999999999751e-01,1.147999999999999909e+00
7.799999999999940314e-02,2.869999999999999218e-01,1.495999999999999996e+00
8.099999999999951683e-02,2.570000000000001172e-01,1.962999999999999856e+00
6.199999999999938893e-02,3.620000000000000995e-01,9.949999999999999956e-01
8.799999999999918998e-02,2.470000000000001084e-01,1.675999999999999934e+00
7.699999999999995737e-02,2.800000000000000266e-01,1.746999999999999886e+00
5.299999999999904787e-02,3.770000000000000018e-01,1.252000000000000002e+00
5.100000000000015632e-02,3.830000000000000071e-01,1.310999999999999943e+00
9.299999999999997158e-02,2.170000000000000817e-01,1.962999999999999856e+00
8.599999999999852207e-02,2.439999999999999947e-01,1.856999999999999984e+00
8.799999999999918998e-02,2.319999999999999840e-01,2.012000000000000011e+00
5.199999999999960210e-02,3.660000000000001030e-01,1.606999999999999984e+00
4.699999999999882050e-02,3.910000000000000142e-01,1.421999999999999931e+00
6.700000000000017053e-02,3.340000000000000746e-01,1.218999999999999861e+00
4.599999999999937472e-02,3.820000000000001172e-01,1.674999999999999822e+00
6.299999999999883471e-02,3.500000000000000888e-01,1.197999999999999954e+00
5.499999999999971578e-02,3.780000000000001137e-01,1.137000000000000011e+00
5.899999999999927525e-02,3.580000000000000959e-01,1.317999999999999838e+00
7.799999999999940314e-02,3.029999999999999361e-01,1.139000000000000012e+00
5.299999999999904787e-02,3.810000000000000053e-01,1.224999999999999867e+00
8.799999999999918998e-02,2.430000000000001048e-01,1.740999999999999881e+00
5.799999999999982947e-02,3.649999999999999911e-01,1.174999999999999822e+00
5.399999999999849365e-02,3.729999999999999982e-01,1.321999999999999842e+00
5.899999999999927525e-02,3.420000000000000817e-01,1.625999999999999890e+00
5.699999999999860734e-02,3.740000000000001101e-01,1.107999999999999874e+00
7.499999999999928946e-02,2.940000000000000391e-01,1.581999999999999851e+00
4.899999999999948841e-02,3.669999999999999929e-01,1.780000000000000027e+00
5.999999999999872102e-02,3.680000000000001048e-01,9.879999999999999893e-01
4.899999999999948841e-02,3.810000000000000053e-01,1.459999999999999964e+00
4.999999999999893419e-02,3.700000000000001066e-01,1.708999999999999853e+00
8.799999999999918998e-02,2.690000000000001279e-01,1.165999999999999925e+00
8.000000000000007105e-02,2.989999999999999325e-01,1.034999999999999920e+00
1.009999999999990905e-01,2.290000000000000924e-01,9.949999999999999956e-01
8.499999999999907629e-02,2.809999999999999165e-01,1.067999999999999838e+00
9.999999999999964473e-02,2.119999999999999662e-01,1.490999999999999881e+00
9.999999999999964473e-02,2.239999999999999769e-01,1.187999999999999945e+00
9.600000000000008527e-02,2.250000000000000888e-01,1.516999999999999904e+00
9.199999999999874944e-02,2.710000000000001297e-01,7.630000000000000115e-01
9.199999999999874944e-02,2.410000000000001030e-01,1.512000000000000011e+00
8.399999999999963052e-02,2.840000000000000302e-01,1.106999999999999984e+00
9.399999999999941735e-02,2.239999999999999769e-01,1.693999999999999950e+00
7.799999999999940314e-02,3.100000000000000533e-01,9.420000000000000595e-01
9.499999999999886313e-02,2.110000000000000764e-01,1.909999999999999920e+00
9.600000000000008527e-02,2.299999999999999822e-01,1.362999999999999989e+00
9.299999999999997158e-02,2.630000000000001226e-01,8.649999999999999911e-01
1.009999999999990905e-01,2.259999999999999787e-01,1.034999999999999920e+00
8.699999999999974420e-02,2.809999999999999165e-01,9.200000000000000400e-01
1.009999999999990905e-01,2.170000000000000817e-01,1.254999999999999893e+00
7.899999999999884892e-02,3.049999999999999378e-01,9.909999999999999920e-01
9.099999999999930367e-02,2.600000000000000089e-01,1.061999999999999833e+00
8.899999999999863576e-02,2.740000000000000213e-01,9.340000000000000524e-01
9.299999999999997158e-02,2.490000000000001101e-01,1.187999999999999945e+00
9.199999999999874944e-02,2.419999999999999929e-01,1.446999999999999842e+00
8.799999999999918998e-02,2.749999999999999112e-01,9.590000000000000746e-01
8.099999999999951683e-02,3.029999999999999361e-01,9.140000000000000346e-01
9.799999999999897682e-02,2.090000000000000746e-01,1.743999999999999995e+00
9.099999999999930367e-02,2.530000000000001137e-01,1.301999999999999824e+00
9.799999999999897682e-02,2.119999999999999662e-01,1.681999999999999940e+00
8.999999999999985789e-02,2.650000000000001243e-01,1.028000000000000025e+00
1.019999999999985363e-01,2.290000000000000924e-01,9.040000000000000258e-01
8.199999999999896261e-02,2.949999999999999289e-01,1.030999999999999917e+00
9.299999999999997158e-02,2.319999999999999840e-01,1.633999999999999897e+00
9.499999999999886313e-02,2.190000000000000835e-01,1.790999999999999925e+00
9.499999999999886313e-02,2.259999999999999787e-01,1.615999999999999881e+00
8.999999999999985789e-02,2.439999999999999947e-01,1.558999999999999941e+00
9.499999999999886313e-02,2.310000000000000941e-01,1.454999999999999849e+00
9.199999999999874944e-02,2.359999999999999876e-01,1.629000000000000004e+00
1.029999999999997584e-01,2.190000000000000835e-01,1.032000000000000028e+00
7.899999999999884892e-02,3.020000000000000462e-01,1.050999999999999934e+00
9.499999999999886313e-02,2.410000000000001030e-01,1.181999999999999940e+00
8.300000000000018474e-02,2.889999999999999236e-01,1.039999999999999813e+00
8.699999999999974420e-02,2.600000000000000089e-01,1.474999999999999867e+00
9.799999999999897682e-02,2.079999999999999627e-01,1.728999999999999870e+00
9.299999999999997158e-02,2.239999999999999769e-01,1.806999999999999940e+00
9.900000000000019895e-02,2.070000000000000728e-01,1.663999999999999924e+00
9.699999999999953104e-02,2.030000000000000693e-01,1.960999999999999854e+00
9.600000000000008527e-02,2.299999999999999822e-01,1.387000000000000011e+00
8.999999999999985789e-02,2.450000000000001066e-01,1.547999999999999821e+00
9.600000000000008527e-02,2.439999999999999947e-01,1.030999999999999917e+00
1.039999999999992042e-01,2.259999999999999787e-01,8.290000000000000702e-01
9.299999999999997158e-02,2.419999999999999929e-01,1.375000000000000000e+00
9.900000000000019895e-02,2.119999999999999662e-01,1.611999999999999877e+00
8.499999999999907629e-02,2.840000000000000302e-01,1.040999999999999925e+00
8.000000000000007105e-02,3.029999999999999361e-01,9.490000000000000657e-01
9.399999999999941735e-02,2.290000000000000924e-01,1.627000000000000002e+00
8.899999999999863576e-02,2.620000000000000107e-01,1.163999999999999924e+00
9.699999999999953104e-02,2.090000000000000746e-01,1.796999999999999931e+00
9.799999999999897682e-02,2.090000000000000746e-01,1.723999999999999977e+00
8.000000000000007105e-02,2.989999999999999325e-01,1.045999999999999819e+00
9.799999999999897682e-02,2.190000000000000835e-01,1.472999999999999865e+00
9.499999999999886313e-02,2.159999999999999698e-01,1.864999999999999991e+00
9.299999999999997158e-02,2.339999999999999858e-01,1.591999999999999860e+00
9.199999999999874944e-02,2.259999999999999787e-01,1.808999999999999941e+00
9.499999999999886313e-02,2.159999999999999698e-01,1.799999999999999822e+00
9.299999999999997158e-02,2.520000000000000018e-01,1.141000000000000014e+00
9.999999999999964473e-02,2.250000000000000888e-01,1.178999999999999826e+00
9.399999999999941735e-02,2.230000000000000870e-01,1.712999999999999856e+00
9.699999999999953104e-02,2.030000000000000693e-01,2.020999999999999908e+00
8.599999999999852207e-02,2.680000000000000160e-01,1.278999999999999915e+00
9.299999999999997158e-02,2.570000000000001172e-01,9.889999999999999902e-01
8.399999999999963052e-02,2.800000000000000266e-01,1.173999999999999932e+00
8.099999999999951683e-02,2.909999999999999254e-01,1.143000000000000016e+00
9.299999999999997158e-02,2.379999999999999893e-01,1.429999999999999938e+00
9.600000000000008527e-02,2.419999999999999929e-01,1.058999999999999941e+00
9.999999999999964473e-02,2.139999999999999680e-01,1.405999999999999917e+00
1.009999999999990905e-01,2.310000000000000941e-01,9.769999999999999796e-01
9.399999999999941735e-02,2.530000000000001137e-01,1.024999999999999911e+00
8.499999999999907629e-02,2.860000000000000320e-01,9.600000000000000755e-01
8.699999999999974420e-02,2.560000000000000053e-01,1.516999999999999904e+00
9.299999999999997158e-02,2.470000000000001084e-01,1.242999999999999883e+00
9.499999999999886313e-02,2.470000000000001084e-01,1.024999999999999911e+00
8.699999999999974420e-02,2.800000000000000266e-01,9.600000000000000755e-01
8.599999999999852207e-02,2.780000000000000249e-01,1.045999999999999819e+00
9.600000000000008527e-02,2.350000000000000977e-01,1.242999999999999883e+00
9.999999999999964473e-02,2.179999999999999716e-01,1.336999999999999966e+00
9.999999999999964473e-02,2.299999999999999822e-01,1.055999999999999828e+00
7.799999999999940314e-02,3.089999999999999414e-01,9.819999999999999840e-01
8.099999999999951683e-02,3.020000000000000462e-01,9.540000000000000702e-01
1.009999999999990905e-01,2.139999999999999680e-01,1.318999999999999950e+00
8.999999999999985789e-02,2.470000000000001084e-01,1.526000000000000023e+00
9.499999999999886313e-02,2.399999999999999911e-01,1.209999999999999964e+00
9.199999999999874944e-02,2.520000000000000018e-01,1.170999999999999819e+00
9.499999999999886313e-02,2.130000000000000782e-01,1.903999999999999915e+00
9.299999999999997158e-02,2.390000000000001013e-01,1.472999999999999865e+00
9.999999999999964473e-02,2.250000000000000888e-01,1.145000000000000018e+00
9.199999999999874944e-02,2.359999999999999876e-01,1.556999999999999940e+00
9.900000000000019895e-02,2.159999999999999698e-01,1.445999999999999952e+00
9.399999999999941735e-02,2.290000000000000924e-01,1.575999999999999845e+00
8.099999999999951683e-02,2.980000000000000426e-01,1.006999999999999895e+00
9.299999999999997158e-02,2.399999999999999911e-01,1.401000000000000023e+00
9.399999999999941735e-02,2.370000000000000995e-01,1.363999999999999879e+00
8.499999999999907629e-02,2.780000000000000249e-01,1.188999999999999835e+00
8.099999999999951683e-02,2.949999999999999289e-01,1.094999999999999973e+00
9.699999999999953104e-02,2.210000000000000853e-01,1.580999999999999961e+00
8.399999999999963052e-02,2.860000000000000320e-01,1.073999999999999844e+00
8.399999999999963052e-02,2.780000000000000249e-01,1.203999999999999959e+00
9.099999999999930367e-02,2.670000000000001261e-01,8.920000000000000151e-01
8.799999999999918998e-02,2.640000000000000124e-01,1.256999999999999895e+00
8.799999999999918998e-02,2.690000000000001279e-01,1.106999999999999984e+00
9.299999999999997158e-02,2.560000000000000053e-01,9.640000000000000790e-01
8.199999999999896261e-02,2.949999999999999289e-01,1.020000000000000018e+00
8.499999999999907629e-02,2.760000000000000231e-01,1.190999999999999837e+00
9.099999999999930367e-02,2.390000000000001013e-01,1.571999999999999842e+00
9.499999999999886313e-02,2.130000000000000782e-01,1.949999999999999956e+00
9.099999999999930367e-02,2.670000000000001261e-01,9.100000000000000311e-01
1.009999999999990905e-01,2.219999999999999751e-01,1.127000000000000002e+00
8.999999999999985789e-02,2.650000000000001243e-01,1.032999999999999918e+00
9.699999999999953104e-02,2.390000000000001013e-01,1.103999999999999870e+00
8.000000000000007105e-02,2.969999999999999307e-01,1.099999999999999867e+00
8.999999999999985789e-02,2.500000000000000000e-01,1.429999999999999938e+00
9.900000000000019895e-02,2.050000000000000711e-01,1.717999999999999972e+00
9.099999999999930367e-02,2.399999999999999911e-01,1.611999999999999877e+00
8.999999999999985789e-02,2.530000000000001137e-01,1.364999999999999991e+00
9.999999999999964473e-02,2.170000000000000817e-01,1.383999999999999897e+00
9.099999999999930367e-02,2.540000000000000036e-01,1.283999999999999808e+00
9.900000000000019895e-02,2.399999999999999911e-01,9.260000000000000453e-01
8.099999999999951683e-02,2.960000000000000409e-01,1.106999999999999984e+00
8.199999999999896261e-02,2.940000000000000391e-01,1.022999999999999909e+00
8.199999999999896261e-02,2.869999999999999218e-01,1.190999999999999837e+00
9.199999999999874944e-02,2.729999999999999094e-01,7.020000000000000684e-01
9.799999999999897682e-02,2.290000000000000924e-01,1.219999999999999973e+00
9.199999999999874944e-02,2.379999999999999893e-01,1.576999999999999957e+00
9.099999999999930367e-02,2.479999999999999982e-01,1.352999999999999980e+00
8.699999999999974420e-02,2.749999999999999112e-01,1.057999999999999829e+00
9.600000000000008527e-02,2.159999999999999698e-01,1.739999999999999991e+00
9.499999999999886313e-02,2.530000000000001137e-01,9.540000000000000702e-01
9.399999999999941735e-02,2.219999999999999751e-01,1.764999999999999902e+00
9.299999999999997158e-02,2.390000000000001013e-01,1.462999999999999856e+00
8.499999999999907629e-02,2.760000000000000231e-01,1.262000000000000011e+00
9.799999999999897682e-02,2.110000000000000764e-01,1.726999999999999869e+00
8.999999999999985789e-02,2.439999999999999947e-01,1.622999999999999998e+00
9.499999999999886313e-02,2.099999999999999645e-01,1.968999999999999861e+00
9.999999999999964473e-02,2.310000000000000941e-01,1.002000000000000002e+00
8.000000000000007105e-02,3.009999999999999343e-01,9.979999999999999982e-01
9.099999999999930367e-02,2.560000000000000053e-01,1.178999999999999826e+00
1.039999999999992042e-01,2.210000000000000853e-01,9.570000000000000728e-01
8.899999999999863576e-02,2.600000000000000089e-01,1.266000000000000014e+00
9.799999999999897682e-02,2.210000000000000853e-01,1.457999999999999963e+00
8.399999999999963052e-02,2.789999999999999147e-01,1.209999999999999964e+00
9.399999999999941735e-02,2.359999999999999876e-01,1.414999999999999813e+00
9.299999999999997158e-02,2.470000000000001084e-01,1.208999999999999853e+00
9.900000000000019895e-02,2.059999999999999609e-01,1.758000000000000007e+00
8.300000000000018474e-02,2.929999999999999272e-01,9.680000000000000826e-01
9.600000000000008527e-02,2.230000000000000870e-01,1.549999999999999822e+00
9.499999999999886313e-02,2.219999999999999751e-01,1.657999999999999918e+00
8.399999999999963052e-02,2.789999999999999147e-01,1.243999999999999995e+00
9.600000000000008527e-02,2.130000000000000782e-01,1.797999999999999821e+00
9.900000000000019895e-02,2.339999999999999858e-01,1.061999999999999833e+00
9.299999999999997158e-02,2.450000000000001066e-01,1.260999999999999899e+00
1.029999999999997584e-01,2.250000000000000888e-01,9.250000000000000444e-01
8.899999999999863576e-02,2.660000000000000142e-01,1.085999999999999854e+00
8.799999999999918998e-02,2.710000000000001297e-01,1.051999999999999824e+00
9.299999999999997158e-02,2.540000000000000036e-01,1.083999999999999853e+00
9.099999999999930367e-02,2.590000000000001190e-01,1.096999999999999975e+00
9.699999999999953104e-02,2.439999999999999947e-01,9.929999999999999938e-01
9.399999999999941735e-02,2.250000000000000888e-01,1.721999999999999975e+00
9.900000000000019895e-02,2.199999999999999734e-01,1.397000000000000020e+00
9.299999999999997158e-02,2.580000000000000071e-01,9.480000000000000648e-01
9.199999999999874944e-02,2.470000000000001084e-01,1.299999999999999822e+00
1.019999999999985363e-01,2.139999999999999680e-01,1.311999999999999833e+00
9.199999999999874944e-02,2.660000000000000142e-01,8.760000000000000009e-01
9.099999999999930367e-02,2.630000000000001226e-01,1.033999999999999808e+00
9.299999999999997158e-02,2.379999999999999893e-01,1.516000000000000014e+00
9.499999999999886313e-02,2.250000000000000888e-01,1.625000000000000000e+00
8.699999999999974420e-02,2.700000000000000178e-01,1.208999999999999853e+00
8.999999999999985789e-02,2.680000000000000160e-01,9.759999999999999787e-01
9.099999999999930367e-02,2.319999999999999840e-01,1.760999999999999899e+00
9.699999999999953104e-02,2.330000000000000959e-01,1.266000000000000014e+00
1.029999999999997584e-01,2.179999999999999716e-01,1.055999999999999828e+00
9.499999999999886313e-02,2.170000000000000817e-01,1.837999999999999856e+00
9.299999999999997158e-02,2.399999999999999911e-01,1.381999999999999895e+00
9.799999999999897682e-02,2.259999999999999787e-01,1.322999999999999954e+00
9.399999999999941735e-02,2.299999999999999822e-01,1.536999999999999922e+00
9.799999999999897682e-02,2.019999999999999574e-01,1.901000000000000023e+00
9.299999999999997158e-02,2.530000000000001137e-01,1.105999999999999872e+00
7.899999999999884892e-02,3.069999999999999396e-01,1.002000000000000002e+00
9.199999999999874944e-02,2.379999999999999893e-01,1.571999999999999842e+00
8.799999999999918998e-02,2.740000000000000213e-01,1.030000000000000027e+00
9.900000000000019895e-02,2.079999999999999627e-01,1.665999999999999925e+00
9.299999999999997158e-02,2.419999999999999929e-01,1.411999999999999922e+00
8.199999999999896261e-02,2.889999999999999236e-01,1.175999999999999934e+00
7.799999999999940314e-02,3.200000000000000622e-01,7.349999999999999867e-01
8.899999999999863576e-02,2.439999999999999947e-01,1.643000000000000016e+00
9.999999999999964473e-02,2.170000000000000817e-01,1.343999999999999861e+00
8.699999999999974420e-02,2.650000000000001243e-01,1.324999999999999956e+00
9.499999999999886313e-02,2.390000000000001013e-01,1.213999999999999968e+00
1.009999999999990905e-01,2.319999999999999840e-01,8.739999999999999991e-01
1.019999999999985363e-01,2.259999999999999787e-01,9.560000000000000719e-01
8.499999999999907629e-02,2.700000000000000178e-01,1.340999999999999970e+00
9.099999999999930367e-02,2.570000000000001172e-01,1.147999999999999909e+00
8.000000000000007105e-02,3.000000000000000444e-01,1.035999999999999810e+00
1.019999999999985363e-01,2.270000000000000906e-01,9.749999999999999778e-01
9.699999999999953104e-02,2.430000000000001048e-01,9.769999999999999796e-01
9.900000000000019895e-02,2.119999999999999662e-01,1.566999999999999948e+00
9.600000000000008527e-02,2.179999999999999716e-01,1.719999999999999973e+00
7.899999999999884892e-02,3.029999999999999361e-01,1.036999999999999922e+00
9.799999999999897682e-02,2.030000000000000693e-01,1.863999999999999879e+00
8.099999999999951683e-02,2.949999999999999289e-01,1.123999999999999888e+00
9.499999999999886313e-02,2.510000000000001119e-01,9.759999999999999787e-01
8.999999999999985789e-02,2.500000000000000000e-01,1.417999999999999927e+00
9.699999999999953104e-02,2.479999999999999982e-01,8.659999999999999920e-01
9.999999999999964473e-02,2.130000000000000782e-01,1.474999999999999867e+00
8.899999999999863576e-02,2.710000000000001297e-01,9.610000000000000764e-01
8.499999999999907629e-02,2.840000000000000302e-01,9.700000000000000844e-01
9.499999999999886313e-02,2.379999999999999893e-01,1.256999999999999895e+00
7.899999999999884892e-02,3.069999999999999396e-01,9.799999999999999822e-01
9.299999999999997158e-02,2.520000000000000018e-01,1.151999999999999913e+00
9.399999999999941735e-02,2.190000000000000835e-01,1.838999999999999968e+00
9.799999999999897682e-02,2.199999999999999734e-01,1.463999999999999968e+00
9.399999999999941735e-02,2.259999999999999787e-01,1.639999999999999902e+00
8.899999999999863576e-02,2.650000000000001243e-01,1.147000000000000020e+00
9.600000000000008527e-02,2.110000000000000764e-01,1.838999999999999968e+00
9.799999999999897682e-02,2.270000000000000906e-01,1.317999999999999838e+00
9.299999999999997158e-02,2.259999999999999787e-01,1.789999999999999813e+00
8.099999999999951683e-02,2.960000000000000409e-01,1.090999999999999970e+00
9.199999999999874944e-02,2.450000000000001066e-01,1.415999999999999925e+00
7.599999999999873523e-02,3.300000000000000711e-01,6.930000000000000604e-01
8.499999999999907629e-02,2.789999999999999147e-01,1.163999999999999924e+00
9.399999999999941735e-02,2.359999999999999876e-01,1.391000000000000014e+00
9.799999999999897682e-02,2.059999999999999609e-01,1.813999999999999835e+00
8.899999999999863576e-02,2.650000000000001243e-01,1.115999999999999881e+00
9.600000000000008527e-02,2.239999999999999769e-01,1.567999999999999838e+00
8.699999999999974420e-02,2.660000000000000142e-01,1.314999999999999947e+00
8.999999999999985789e-02,2.500000000000000000e-01,1.468999999999999861e+00
9.299999999999997158e-02,2.540000000000000036e-01,1.032000000000000028e+00
9.199999999999874944e-02,2.560000000000000053e-01,1.118999999999999995e+00
8.999999999999985789e-02,2.580000000000000071e-01,1.237999999999999989e+00
9.799999999999897682e-02,2.259999999999999787e-01,1.329999999999999849e+00
9.699999999999953104e-02,2.179999999999999716e-01,1.605999999999999872e+00
8.300000000000018474e-02,2.900000000000000355e-01,1.008999999999999897e+00
8.300000000000018474e-02,2.829999999999999183e-01,1.220999999999999863e+00
8.399999999999963052e-02,2.860000000000000320e-01,1.020000000000000018e+00
9.799999999999897682e-02,2.119999999999999662e-01,1.620999999999999996e+00
8.999999999999985789e-02,2.470000000000001084e-01,1.485999999999999988e+00
9.799999999999897682e-02,2.050000000000000711e-01,1.822999999999999954e+00
8.999999999999985789e-02,2.680000000000000160e-01,9.530000000000000693e-01
1.009999999999990905e-01,2.150000000000000799e-01,1.339999999999999858e+00
9.999999999999964473e-02,2.239999999999999769e-01,1.172999999999999821e+00
9.299999999999997158e-02,2.310000000000000941e-01,1.645999999999999908e+00
9.299999999999997158e-02,2.600000000000000089e-01,9.230000000000000426e-01
9.399999999999941735e-02,2.370000000000000995e-01,1.397999999999999909e+00
9.399999999999941735e-02,2.199999999999999734e-01,1.825999999999999845e+00
9.199999999999874944e-02,2.540000000000000036e-01,1.141999999999999904e+00
9.600000000000008527e-02,2.250000000000000888e-01,1.489999999999999991e+00
9.699999999999953104e-02,2.319999999999999840e-01,1.276999999999999913e+00
9.999999999999964473e-02,2.279999999999999805e-01,1.116999999999999993e+00
8.899999999999863576e-02,2.740000000000000213e-01,9.350000000000000533e-01
8.699999999999974420e-02,2.680000000000000160e-01,1.240999999999999881e+00
8.599999999999852207e-02,2.860000000000000320e-01,8.860000000000000098e-01
1.019999999999985363e-01,2.179999999999999716e-01,1.141999999999999904e+00
1.009999999999990905e-01,2.259999999999999787e-01,1.037999999999999812e+00
8.799999999999918998e-02,2.510000000000001119e-01,1.553999999999999826e+00
9.799999999999897682e-02,2.319999999999999840e-01,1.209999999999999964e+00
9.999999999999964473e-02,2.330000000000000959e-01,9.929999999999999938e-01
1.009999999999990905e-01,2.290000000000000924e-01,1.002999999999999892e+00
8.899999999999863576e-02,2.600000000000000089e-01,1.260999999999999899e+00
9.999999999999964473e-02,2.319999999999999840e-01,9.670000000000000817e-01
8.300000000000018474e-02,2.860000000000000320e-01,1.121999999999999886e+00
8.999999999999985789e-02,2.580000000000000071e-01,1.256999999999999895e+00
9.799999999999897682e-02,2.130000000000000782e-01,1.649000000000000021e+00
9.600000000000008527e-02,2.370000000000000995e-01,1.198999999999999844e+00
9.799999999999897682e-02,2.239999999999999769e-01,1.338999999999999968e+00
9.699999999999953104e-02,2.230000000000000870e-01,1.459999999999999964e+00
9.499999999999886313e-02,2.459999999999999964e-01,1.059999999999999831e+00
8.300000000000018474e-02,2.909999999999999254e-01,9.959999999999999964e-01
8.999999999999985789e-02,2.500000000000000000e-01,1.411999999999999922e+00
9.499999999999886313e-02,2.299999999999999822e-01,1.495999999999999996e+00
8.099999999999951683e-02,2.909999999999999254e-01,1.161999999999999922e+00
8.799999999999918998e-02,2.769999999999999130e-01,9.300000000000000488e-01
9.699999999999953104e-02,2.430000000000001048e-01,1.006999999999999895e+00
9.699999999999953104e-02,2.119999999999999662e-01,1.754999999999999893e+00
9.699999999999953104e-02,2.199999999999999734e-01,1.574999999999999956e+00
1.029999999999997584e-01,2.179999999999999716e-01,1.052999999999999936e+00
9.600000000000008527e-02,2.199999999999999734e-01,1.673999999999999932e+00
9.299999999999997158e-02,2.270000000000000906e-01,1.745999999999999996e+00
9.699999999999953104e-02,2.150000000000000799e-01,1.661999999999999922e+00
8.599999999999852207e-02,2.789999999999999147e-01,1.079999999999999849e+00
8.300000000000018474e-02,2.820000000000000284e-01,1.218999999999999861e+00
1.019999999999985363e-01,2.170000000000000817e-01,1.161999999999999922e+00
1.009999999999990905e-01,2.150000000000000799e-01,1.341999999999999860e+00
9.099999999999930367e-02,2.459999999999999964e-01,1.445999999999999952e+00
1.009999999999990905e-01,2.150000000000000799e-01,1.364999999999999991e+00
9.600000000000008527e-02,2.219999999999999751e-01,1.611999999999999877e+00
9.299999999999997158e-02,2.279999999999999805e-01,1.752999999999999892e+00
9.499999999999886313e-02,2.290000000000000924e-01,1.532000000000000028e+00
8.799999999999918998e-02,2.670000000000001261e-01,1.206999999999999851e+00
9.099999999999930367e-02,2.740000000000000213e-01,7.439999999999999947e-01
9.999999999999964473e-02,2.270000000000000906e-01,1.153999999999999915e+00
8.599999999999852207e-02,2.789999999999999147e-01,1.020999999999999908e+00
9.199999999999874944e-02,2.290000000000000924e-01,1.791999999999999815e+00
9.299999999999997158e-02,2.370000000000000995e-01,1.471999999999999975e+00
8.599999999999852207e-02,2.860000000000000320e-01,8.840000000000000080e-01
8.899999999999863576e-02,2.729999999999999094e-01,9.909999999999999920e-01
9.699999999999953104e-02,2.259999999999999787e-01,1.437999999999999945e+00
8.999999999999985789e-02,2.560000000000000053e-01,1.280000000000000027e+00
9.799999999999897682e-02,2.310000000000000941e-01,1.186999999999999833e+00
9.799999999999897682e-02,1.990000000000000657e-01,1.982999999999999874e+00
8.599999999999852207e-02,2.749999999999999112e-01,1.137999999999999901e+00
9.799999999999897682e-02,2.130000000000000782e-01,1.623999999999999888e+00
9.600000000000008527e-02,2.470000000000001084e-01,1.014999999999999902e+00
9.799999999999897682e-02,2.079999999999999627e-01,1.724999999999999867e+00
8.999999999999985789e-02,2.500000000000000000e-01,1.448999999999999844e+00
9.799999999999897682e-02,2.359999999999999876e-01,1.087999999999999856e+00
8.799999999999918998e-02,2.590000000000001190e-01,1.407999999999999918e+00
9.399999999999941735e-02,2.439999999999999947e-01,1.179999999999999938e+00
9.600000000000008527e-02,2.190000000000000835e-01,1.686999999999999833e+00
9.199999999999874944e-02,2.610000000000001208e-01,9.969999999999999973e-01
8.999999999999985789e-02,2.610000000000001208e-01,1.162999999999999812e+00
8.399999999999963052e-02,2.889999999999999236e-01,1.024999999999999911e+00
9.699999999999953104e-02,2.239999999999999769e-01,1.442999999999999838e+00
8.799999999999918998e-02,2.789999999999999147e-01,9.120000000000000329e-01
8.999999999999985789e-02,2.630000000000001226e-01,1.115999999999999881e+00
9.900000000000019895e-02,2.179999999999999716e-01,1.455999999999999961e+00
1.039999999999992042e-01,2.219999999999999751e-01,9.060000000000000275e-01
1.009999999999990905e-01,2.130000000000000782e-01,1.352999999999999980e+00
8.899999999999863576e-02,2.670000000000001261e-01,1.096999999999999975e+00
1.029999999999997584e-01,2.330000000000000959e-01,6.720000000000000417e-01
8.599999999999852207e-02,2.710000000000001297e-01,1.280999999999999917e+00
8.799999999999918998e-02,2.560000000000000053e-01,1.439999999999999947e+00
9.900000000000019895e-02,2.379999999999999893e-01,9.380000000000000560e-01
9.600000000000008527e-02,2.310000000000000941e-01,1.377000000000000002e+00
9.699999999999953104e-02,2.199999999999999734e-01,1.522999999999999909e+00
9.099999999999930367e-02,2.729999999999999094e-01,7.359999999999999876e-01
8.099999999999951683e-02,2.929999999999999272e-01,1.147999999999999909e+00
8.099999999999951683e-02,2.949999999999999289e-01,1.071999999999999842e+00
9.999999999999964473e-02,2.179999999999999716e-01,1.363999999999999879e+00
9.600000000000008527e-02,2.270000000000000906e-01,1.488999999999999879e+00
8.599999999999852207e-02,2.829999999999999183e-01,9.430000000000000604e-01
9.999999999999964473e-02,2.350000000000000977e-01,9.040000000000000258e-01
1.019999999999985363e-01,2.279999999999999805e-01,9.180000000000000382e-01
8.999999999999985789e-02,2.650000000000001243e-01,1.065999999999999837e+00
8.399999999999963052e-02,2.909999999999999254e-01,9.140000000000000346e-01
8.499999999999907629e-02,2.820000000000000284e-01,1.028000000000000025e+00
8.899999999999863576e-02,2.749999999999999112e-01,9.240000000000000435e-01
9.699999999999953104e-02,2.399999999999999911e-01,1.022000000000000020e+00
9.499999999999886313e-02,2.439999999999999947e-01,1.088999999999999968e+00
9.900000000000019895e-02,2.339999999999999858e-01,1.049999999999999822e+00
9.900000000000019895e-02,2.379999999999999893e-01,9.640000000000000790e-01
9.199999999999874944e-02,2.620000000000000107e-01,9.570000000000000728e-01
8.099999999999951683e-02,3.000000000000000444e-01,9.989999999999999991e-01
9.799999999999897682e-02,2.399999999999999911e-01,1.010999999999999899e+00
1.029999999999997584e-01,2.270000000000000906e-01,8.489999999999999769e-01
9.499999999999886313e-02,2.150000000000000799e-01,1.836999999999999966e+00
9.600000000000008527e-02,2.399999999999999911e-01,1.133999999999999897e+00
8.300000000000018474e-02,2.900000000000000355e-01,1.045999999999999819e+00
9.600000000000008527e-02,2.290000000000000924e-01,1.423999999999999932e+00
9.499999999999886313e-02,2.410000000000001030e-01,1.227999999999999980e+00
8.799999999999918998e-02,2.640000000000000124e-01,1.292999999999999927e+00
9.799999999999897682e-02,2.159999999999999698e-01,1.577999999999999847e+00
8.899999999999863576e-02,2.600000000000000089e-01,1.278000000000000025e+00
8.899999999999863576e-02,2.500000000000000000e-01,1.528999999999999915e+00
1.009999999999990905e-01,2.130000000000000782e-01,1.377999999999999892e+00
9.799999999999897682e-02,2.230000000000000870e-01,1.420999999999999819e+00
9.299999999999997158e-02,2.290000000000000924e-01,1.674999999999999822e+00
9.699999999999953104e-02,2.259999999999999787e-01,1.416999999999999815e+00
9.299999999999997158e-02,2.239999999999999769e-01,1.784999999999999920e+00
9.099999999999930367e-02,2.520000000000000018e-01,1.309999999999999831e+00
8.499999999999907629e-02,2.760000000000000231e-01,1.207999999999999963e+00
8.999999999999985789e-02,2.670000000000001261e-01,9.490000000000000657e-01
9.199999999999874944e-02,2.350000000000000977e-01,1.659999999999999920e+00
8.799999999999918998e-02,2.540000000000000036e-01,1.477999999999999980e+00
9.600000000000008527e-02,2.239999999999999769e-01,1.520999999999999908e+00
9.099999999999930367e-02,2.630000000000001226e-01,9.729999999999999760e-01
8.599999999999852207e-02,2.760000000000000231e-01,1.100999999999999979e+00
8.399999999999963052e-02,2.889999999999999236e-01,9.700000000000000844e-01
1.019999999999985363e-01,2.250000000000000888e-01,1.026999999999999913e+00
8.300000000000018474e-02,2.869999999999999218e-01,1.131999999999999895e+00
8.799999999999918998e-02,2.720000000000000195e-01,1.085999999999999854e+00
9.900000000000019895e-02,2.390000000000001013e-01,9.280000000000000471e-01
1.009999999999990905e-01,2.199999999999999734e-01,1.235999999999999988e+00
8.799999999999918998e-02,2.580000000000000071e-01,1.448999999999999844e+00
9.699999999999953104e-02,2.030000000000000693e-01,1.996999999999999886e+00
9.399999999999941735e-02,2.359999999999999876e-01,1.373999999999999888e+00
1.019999999999985363e-01,2.250000000000000888e-01,9.949999999999999956e-01
1.009999999999990905e-01,2.079999999999999627e-01,1.544999999999999929e+00
8.999999999999985789e-02,2.620000000000000107e-01,1.108999999999999986e+00
9.600000000000008527e-02,2.379999999999999893e-01,1.163999999999999924e+00
9.600000000000008527e-02,2.159999999999999698e-01,1.709999999999999964e+00
8.799999999999918998e-02,2.690000000000001279e-01,1.129999999999999893e+00
9.199999999999874944e-02,2.330000000000000959e-01,1.687999999999999945e+00
9.199999999999874944e-02,2.250000000000000888e-01,1.835999999999999854e+00
9.299999999999997158e-02,2.590000000000001190e-01,9.700000000000000844e-01
1.009999999999990905e-01,2.319999999999999840e-01,8.800000000000000044e-01
8.399999999999963052e-02,2.729999999999999094e-01,1.342999999999999972e+00
9.600000000000008527e-02,2.110000000000000764e-01,1.903000000000000025e+00
8.699999999999974420e-02,2.590000000000001190e-01,1.467999999999999972e+00
9.600000000000008527e-02,2.150000000000000799e-01,1.743999999999999995e+00
8.399999999999963052e-02,2.889999999999999236e-01,9.909999999999999920e-01
9.299999999999997158e-02,2.230000000000000870e-01,1.846999999999999975e+00
8.699999999999974420e-02,2.670000000000001261e-01,1.244999999999999885e+00
9.799999999999897682e-02,2.239999999999999769e-01,1.375999999999999890e+00
9.600000000000008527e-02,2.259999999999999787e-01,1.488999999999999879e+00
9.900000000000019895e-02,2.339999999999999858e-01,1.030999999999999917e+00
9.499999999999886313e-02,2.179999999999999716e-01,1.772000000000000020e+00
9.699999999999953104e-02,2.170000000000000817e-01,1.643000000000000016e+00
8.799999999999918998e-02,2.670000000000001261e-01,1.205999999999999961e+00
8.599999999999852207e-02,2.720000000000000195e-01,1.262999999999999901e+00
1.019999999999985363e-01,2.210000000000000853e-01,1.077999999999999847e+00
8.799999999999918998e-02,2.560000000000000053e-01,1.440999999999999837e+00
8.399999999999963052e-02,2.780000000000000249e-01,1.242999999999999883e+00
9.399999999999941735e-02,2.479999999999999982e-01,1.123999999999999888e+00
8.199999999999896261e-02,2.969999999999999307e-01,9.500000000000000666e-01
9.699999999999953104e-02,2.150000000000000799e-01,1.723999999999999977e+00
9.699999999999953104e-02,2.170000000000000817e-01,1.679999999999999938e+00
9.099999999999930367e-02,2.399999999999999911e-01,1.583999999999999853e+00
8.499999999999907629e-02,2.800000000000000266e-01,1.087999999999999856e+00
1.009999999999990905e-01,2.110000000000000764e-01,1.407000000000000028e+00
8.499999999999907629e-02,2.710000000000001297e-01,1.327999999999999847e+00
1.019999999999985363e-01,2.170000000000000817e-01,1.179999999999999938e+00
9.099999999999930367e-02,2.580000000000000071e-01,1.145000000000000018e+00
8.799999999999918998e-02,2.710000000000001297e-01,1.060999999999999943e+00
8.599999999999852207e-02,2.849999999999999201e-01,9.360000000000000542e-01
9.799999999999897682e-02,2.079999999999999627e-01,1.727999999999999980e+00
8.300000000000018474e-02,2.880000000000000338e-01,1.099999999999999867e+00
8.999999999999985789e-02,2.729999999999999094e-01,8.569999999999999840e-01
9.799999999999897682e-02,2.059999999999999609e-01,1.808999999999999941e+00
9.299999999999997158e-02,2.270000000000000906e-01,1.719999999999999973e+00
9.600000000000008527e-02,2.370000000000000995e-01,1.204999999999999849e+00
9.199999999999874944e-02,2.479999999999999982e-01,1.345999999999999863e+00
8.699999999999974420e-02,2.769999999999999130e-01,1.034999999999999920e+00
9.199999999999874944e-02,2.359999999999999876e-01,1.572999999999999954e+00
9.299999999999997158e-02,2.279999999999999805e-01,1.752999999999999892e+00
9.699999999999953104e-02,1.979999999999999538e-01,2.117999999999999883e+00
8.899999999999863576e-02,2.740000000000000213e-01,9.000000000000000222e-01
9.999999999999964473e-02,2.350000000000000977e-01,8.940000000000000169e-01
8.999999999999985789e-02,2.610000000000001208e-01,1.173999999999999932e+00
9.600000000000008527e-02,2.119999999999999662e-01,1.834999999999999964e+00
9.699999999999953104e-02,2.099999999999999645e-01,1.789999999999999813e+00
9.399999999999941735e-02,2.270000000000000906e-01,1.662999999999999812e+00
9.999999999999964473e-02,2.199999999999999734e-01,1.300999999999999934e+00
9.699999999999953104e-02,2.079999999999999627e-01,1.854999999999999982e+00
9.199999999999874944e-02,2.290000000000000924e-01,1.785999999999999810e+00
9.900000000000019895e-02,2.150000000000000799e-01,1.487999999999999989e+00
9.099999999999930367e-02,2.439999999999999947e-01,1.473999999999999977e+00
9.900000000000019895e-02,2.079999999999999627e-01,1.712999999999999856e+00
9.299999999999997158e-02,2.560000000000000053e-01,9.979999999999999982e-01
8.999999999999985789e-02,2.620000000000000107e-01,1.105999999999999872e+00
9.399999999999941735e-02,2.199999999999999734e-01,1.850999999999999979e+00
9.699999999999953104e-02,2.339999999999999858e-01,1.190999999999999837e+00
1.009999999999990905e-01,2.159999999999999698e-01,1.355999999999999872e+00
9.299999999999997158e-02,2.350000000000000977e-01,1.502999999999999892e+00
9.399999999999941735e-02,2.530000000000001137e-01,9.680000000000000826e-01
9.199999999999874944e-02,2.339999999999999858e-01,1.620999999999999996e+00
8.999999999999985789e-02,2.570000000000001172e-01,1.221999999999999975e+00
9.499999999999886313e-02,2.279999999999999805e-01,1.534999999999999920e+00
8.799999999999918998e-02,2.650000000000001243e-01,1.227999999999999980e+00
8.999999999999985789e-02,2.490000000000001101e-01,1.476999999999999869e+00
9.999999999999964473e-02,2.230000000000000870e-01,1.268999999999999906e+00
1.029999999999997584e-01,2.219999999999999751e-01,9.869999999999999885e-01
9.399999999999941735e-02,2.199999999999999734e-01,1.838999999999999968e+00
8.499999999999907629e-02,2.809999999999999165e-01,1.093999999999999861e+00
9.299999999999997158e-02,2.479999999999999982e-01,1.226999999999999869e+00
9.600000000000008527e-02,2.470000000000001084e-01,9.909999999999999920e-01
9.499999999999886313e-02,2.099999999999999645e-01,1.947999999999999954e+00
9.399999999999941735e-02,2.530000000000001137e-01,1.047999999999999821e+00
9.699999999999953104e-02,2.159999999999999698e-01,1.633000000000000007e+00
9.799999999999897682e-02,2.339999999999999858e-01,1.157999999999999918e+00
8.499999999999907629e-02,2.740000000000000213e-01,1.282999999999999918e+00
9.299999999999997158e-02,2.610000000000001208e-01,8.509999999999999787e-01
9.399999999999941735e-02,2.319999999999999840e-01,1.537999999999999812e+00
9.999999999999964473e-02,2.139999999999999680e-01,1.482999999999999874e+00
9.600000000000008527e-02,2.339999999999999858e-01,1.260999999999999899e+00
9.600000000000008527e-02,2.279999999999999805e-01,1.469999999999999973e+00
1.019999999999985363e-01,2.130000000000000782e-01,1.292999999999999927e+00
8.599999999999852207e-02,2.749999999999999112e-01,1.123999999999999888e+00
9.600000000000008527e-02,2.390000000000001013e-01,1.200999999999999845e+00
8.699999999999974420e-02,2.710000000000001297e-01,1.123999999999999888e+00
8.599999999999852207e-02,2.740000000000000213e-01,1.145000000000000018e+00
8.699999999999974420e-02,2.820000000000000284e-01,9.280000000000000471e-01
9.699999999999953104e-02,2.259999999999999787e-01,1.368999999999999995e+00
8.799999999999918998e-02,2.530000000000001137e-01,1.508999999999999897e+00
8.999999999999985789e-02,2.620000000000000107e-01,1.163999999999999924e+00
9.399999999999941735e-02,2.239999999999999769e-01,1.695999999999999952e+00
1.039999999999992042e-01,2.250000000000000888e-01,8.639999999999999902e-01
8.899999999999863576e-02,2.560000000000000053e-01,1.391999999999999904e+00
9.499999999999886313e-02,2.190000000000000835e-01,1.795999999999999819e+00
9.600000000000008527e-02,2.059999999999999609e-01,1.974999999999999867e+00
9.299999999999997158e-02,2.500000000000000000e-01,1.147000000000000020e+00
7.699999999999995737e-02,3.189999999999999503e-01,8.830000000000000071e-01
1.019999999999985363e-01,2.270000000000000906e-01,9.390000000000000568e-01
8.099999999999951683e-02,2.969999999999999307e-01,1.050999999999999934e+00
9.399999999999941735e-02,2.219999999999999751e-01,1.795999999999999819e+00
9.099999999999930367e-02,2.530000000000001137e-01,1.297999999999999821e+00
9.199999999999874944e-02,2.439999999999999947e-01,1.428999999999999826e+00
8.899999999999863576e-02,2.500000000000000000e-01,1.500000000000000000e+00
9.900000000000019895e-02,2.359999999999999876e-01,9.959999999999999964e-01
8.999999999999985789e-02,2.560000000000000053e-01,1.287999999999999812e+00
9.900000000000019895e-02,2.359999999999999876e-01,1.000999999999999890e+00
9.499999999999886313e-02,2.560000000000000053e-01,8.459999999999999742e-01
1.009999999999990905e-01,2.190000000000000835e-01,1.234999999999999876e+00
1.009999999999990905e-01,2.090000000000000746e-01,1.522000000000000020e+00
9.900000000000019895e-02,2.159999999999999698e-01,1.486999999999999877e+00
8.499999999999907629e-02,2.760000000000000231e-01,1.233999999999999986e+00
8.499999999999907629e-02,2.670000000000001261e-01,1.399000000000000021e+00
8.799999999999918998e-02,2.610000000000001208e-01,1.354999999999999982e+00
7.899999999999884892e-02,3.069999999999999396e-01,9.430000000000000604e-01
8.499999999999907629e-02,2.700000000000000178e-01,1.339999999999999858e+00
8.000000000000007105e-02,3.029999999999999361e-01,9.859999999999999876e-01
8.999999999999985789e-02,2.640000000000000124e-01,1.035999999999999810e+00
8.999999999999985789e-02,2.459999999999999964e-01,1.516999999999999904e+00
9.299999999999997158e-02,2.520000000000000018e-01,1.063999999999999835e+00
8.199999999999896261e-02,2.969999999999999307e-01,9.979999999999999982e-01
8.999999999999985789e-02,2.580000000000000071e-01,1.220999999999999863e+00
9.099999999999930367e-02,2.359999999999999876e-01,1.675999999999999934e+00
9.600000000000008527e-02,2.530000000000001137e-01,8.469999999999999751e-01
8.799999999999918998e-02,2.540000000000000036e-01,1.534999999999999920e+00
1.029999999999997584e-01,2.210000000000000853e-01,9.919999999999999929e-01
9.600000000000008527e-02,2.199999999999999734e-01,1.692999999999999838e+00
8.399999999999963052e-02,2.789999999999999147e-01,1.215999999999999970e+00
9.900000000000019895e-02,2.039999999999999591e-01,1.794999999999999929e+00
9.600000000000008527e-02,2.130000000000000782e-01,1.810999999999999943e+00
9.299999999999997158e-02,2.290000000000000924e-01,1.704999999999999849e+00
9.199999999999874944e-02,2.600000000000000089e-01,9.779999999999999805e-01
8.999999999999985789e-02,2.580000000000000071e-01,1.180999999999999828e+00
9.199999999999874944e-02,2.339999999999999858e-01,1.651999999999999913e+00
9.199999999999874944e-02,2.370000000000000995e-01,1.538999999999999924e+00
8.499999999999907629e-02,2.729999999999999094e-01,1.272000000000000020e+00
9.799999999999897682e-02,2.170000000000000817e-01,1.572999999999999954e+00
9.399999999999941735e-02,2.450000000000001066e-01,1.174999999999999822e+00
9.199999999999874944e-02,2.590000000000001190e-01,1.026000000000000023e+00
9.600000000000008527e-02,2.419999999999999929e-01,1.048999999999999932e+00
7.799999999999940314e-02,3.149999999999999467e-01,8.729999999999999982e-01
9.199999999999874944e-02,2.660000000000000142e-01,8.930000000000000160e-01
9.099999999999930367e-02,2.370000000000000995e-01,1.639999999999999902e+00
9.999999999999964473e-02,2.290000000000000924e-01,1.104999999999999982e+00
9.099999999999930367e-02,2.620000000000000107e-01,1.040999999999999925e+00
8.899999999999863576e-02,2.729999999999999094e-01,9.799999999999999822e-01
9.199999999999874944e-02,2.339999999999999858e-01,1.687999999999999945e+00
9.199999999999874944e-02,2.259999999999999787e-01,1.834999999999999964e+00
7.899999999999884892e-02,3.080000000000000515e-01,9.949999999999999956e-01
1.009999999999990905e-01,2.199999999999999734e-01,1.185999999999999943e+00
8.699999999999974420e-02,2.550000000000001155e-01,1.520999999999999908e+00
9.399999999999941735e-02,2.530000000000001137e-01,1.012999999999999901e+00
9.699999999999953104e-02,1.999999999999999556e-01,2.062999999999999723e+00
9.499999999999886313e-02,2.290000000000000924e-01,1.549999999999999822e+00
8.199999999999896261e-02,2.949999999999999289e-01,9.899999999999999911e-01
9.600000000000008527e-02,2.479999999999999982e-01,9.739999999999999769e-01
9.699999999999953104e-02,2.190000000000000835e-01,1.607999999999999874e+00
8.300000000000018474e-02,2.909999999999999254e-01,9.919999999999999929e-01
9.299999999999997158e-02,2.459999999999999964e-01,1.260000000000000009e+00
8.899999999999863576e-02,2.670000000000001261e-01,1.083999999999999853e+00
9.900000000000019895e-02,2.199999999999999734e-01,1.377999999999999892e+00
7.899999999999884892e-02,3.060000000000000497e-01,9.849999999999999867e-01
9.199999999999874944e-02,2.419999999999999929e-01,1.429999999999999938e+00
9.900000000000019895e-02,2.210000000000000853e-01,1.364999999999999991e+00
7.899999999999884892e-02,3.080000000000000515e-01,9.610000000000000764e-01
8.999999999999985789e-02,2.620000000000000107e-01,1.114999999999999991e+00
8.499999999999907629e-02,2.829999999999999183e-01,9.929999999999999938e-01
1.009999999999990905e-01,2.319999999999999840e-01,9.460000000000000631e-01
9.499999999999886313e-02,2.530000000000001137e-01,8.780000000000000027e-01
8.999999999999985789e-02,2.459999999999999964e-01,1.496999999999999886e+00
9.799999999999897682e-02,2.159999999999999698e-01,1.585999999999999854e+00
9.600000000000008527e-02,2.290000000000000924e-01,1.409999999999999920e+00
9.999999999999964473e-02,2.359999999999999876e-01,8.950000000000000178e-01
1.009999999999990905e-01,2.299999999999999822e-01,1.006999999999999895e+00
9.799999999999897682e-02,2.310000000000000941e-01,1.212999999999999856e+00
8.099999999999951683e-02,3.009999999999999343e-01,9.809999999999999831e-01
9.900000000000019895e-02,2.350000000000000977e-01,1.000000000000000000e+00
9.600000000000008527e-02,2.079999999999999627e-01,1.953999999999999959e+00
9.099999999999930367e-02,2.419999999999999929e-01,1.539999999999999813e+00
8.799999999999918998e-02,2.570000000000001172e-01,1.416999999999999815e+00
8.399999999999963052e-02,2.780000000000000249e-01,1.260999999999999899e+00
9.399999999999941735e-02,2.199999999999999734e-01,1.770999999999999908e+00
9.799999999999897682e-02,2.390000000000001013e-01,9.769999999999999796e-01
8.999999999999985789e-02,2.550000000000001155e-01,1.312999999999999945e+00
9.799999999999897682e-02,2.099999999999999645e-01,1.752000000000000002e+00
9.499999999999886313e-02,2.410000000000001030e-01,1.220999999999999863e+00
8.899999999999863576e-02,2.590000000000001190e-01,1.308999999999999941e+00
9.699999999999953104e-02,1.999999999999999556e-01,2.072999999999999954e+00
8.599999999999852207e-02,2.700000000000000178e-01,1.300999999999999934e+00
9.900000000000019895e-02,2.239999999999999769e-01,1.248999999999999888e+00
9.099999999999930367e-02,2.450000000000001066e-01,1.457999999999999963e+00
8.899999999999863576e-02,2.580000000000000071e-01,1.283999999999999808e+00
7.799999999999940314e-02,3.149999999999999467e-01,9.110000000000000320e-01
8.000000000000007105e-02,3.009999999999999343e-01,1.053999999999999826e+00
9.399999999999941735e-02,2.500000000000000000e-01,1.122999999999999998e+00
9.900000000000019895e-02,2.130000000000000782e-01,1.569999999999999840e+00
9.799999999999897682e-02,2.419999999999999929e-01,9.520000000000000684e-01
1.009999999999990905e-01,2.239999999999999769e-01,1.147000000000000020e+00
9.399999999999941735e-02,2.339999999999999858e-01,1.520999999999999908e+00
9.299999999999997158e-02,2.510000000000001119e-01,1.176999999999999824e+00
9.099999999999930367e-02,2.390000000000001013e-01,1.643999999999999906e+00
8.999999999999985789e-02,2.459999999999999964e-01,1.518999999999999906e+00
1.009999999999990905e-01,2.190000000000000835e-01,1.241999999999999993e+00
9.799999999999897682e-02,2.170000000000000817e-01,1.514999999999999902e+00
8.799999999999918998e-02,2.590000000000001190e-01,1.385999999999999899e+00
9.499999999999886313e-02,1.939999999999999503e-01,2.267999999999999794e+00
9.600000000000008527e-02,1.930000000000000604e-01,2.209000000000000075e+00
9.699999999999953104e-02,1.930000000000000604e-01,2.171999999999999709e+00
9.299999999999997158e-02,1.830000000000000515e-01,2.310999999999999943e+00
9.600000000000008527e-02,1.930000000000000604e-01,2.227999999999999758e+00
9.499999999999886313e-02,1.919999999999999485e-01,2.254000000000000004e+00
9.600000000000008527e-02,1.939999999999999503e-01,2.198999999999999844e+00
6.899999999999906208e-02,7.400000000000006573e-02,9.440000000000000613e-01
7.099999999999972999e-02,8.299999999999996270e-02,9.630000000000000782e-01
6.700000000000017053e-02,6.699999999999994849e-02,1.051999999999999824e+00
9.600000000000008527e-02,1.870000000000000551e-01,1.109999999999999876e+00
8.300000000000018474e-02,1.360000000000001208e-01,1.405000000000000027e+00
8.799999999999918998e-02,1.550000000000000266e-01,1.022000000000000020e+00
6.999999999999850786e-02,8.200000000000007283e-02,1.346999999999999975e+00
9.499999999999886313e-02,1.839999999999999414e-01,1.057999999999999829e+00
6.499999999999950262e-02,5.800000000000005151e-02,9.240000000000000435e-01
7.099999999999972999e-02,8.499999999999996447e-02,8.890000000000000124e-01
9.099999999999930367e-02,1.679999999999999272e-01,1.014999999999999902e+00
8.399999999999963052e-02,1.400000000000001243e-01,1.363999999999999879e+00
6.599999999999894840e-02,6.299999999999994493e-02,1.117999999999999883e+00
9.399999999999941735e-02,1.790000000000000480e-01,1.360999999999999988e+00
8.799999999999918998e-02,1.570000000000000284e-01,1.565999999999999837e+00
9.199999999999874944e-02,1.710000000000000409e-01,1.570999999999999952e+00
8.499999999999907629e-02,1.440000000000001279e-01,1.516999999999999904e+00
8.199999999999896261e-02,1.270000000000000018e-01,8.509999999999999787e-01
7.899999999999884892e-02,1.180000000000001048e-01,9.680000000000000826e-01
9.799999999999897682e-02,1.950000000000000622e-01,9.160000000000000364e-01
8.899999999999863576e-02,1.590000000000000302e-01,1.457999999999999963e+00
7.499999999999928946e-02,9.899999999999997691e-02,9.240000000000000435e-01
9.600000000000008527e-02,1.899999999999999467e-01,1.458999999999999853e+00
8.999999999999985789e-02,1.599999999999999201e-01,8.180000000000000604e-01
9.799999999999897682e-02,1.959999999999999520e-01,1.629000000000000004e+00
8.699999999999974420e-02,1.539999999999999147e-01,1.785999999999999810e+00
7.799999999999940314e-02,1.140000000000001013e-01,8.030000000000000471e-01
9.999999999999964473e-02,2.070000000000000728e-01,1.568999999999999950e+00
8.499999999999907629e-02,1.430000000000000160e-01,1.147000000000000020e+00
9.099999999999930367e-02,1.670000000000000373e-01,1.805999999999999828e+00
8.099999999999951683e-02,1.280000000000001137e-01,1.516999999999999904e+00
8.300000000000018474e-02,1.360000000000001208e-01,1.665999999999999925e+00
8.499999999999907629e-02,1.440000000000001279e-01,1.629000000000000004e+00
9.199999999999874944e-02,1.699999999999999289e-01,1.344999999999999973e+00
6.499999999999950262e-02,5.699999999999993960e-02,9.110000000000000320e-01
8.099999999999951683e-02,1.260000000000001119e-01,1.008000000000000007e+00
8.799999999999918998e-02,1.550000000000000266e-01,1.368999999999999995e+00
8.599999999999852207e-02,1.470000000000000195e-01,1.693999999999999950e+00
9.900000000000019895e-02,1.979999999999999538e-01,9.230000000000000426e-01
8.499999999999907629e-02,1.420000000000001261e-01,8.589999999999999858e-01
9.999999999999964473e-02,2.059999999999999609e-01,1.572999999999999954e+00
9.499999999999886313e-02,1.839999999999999414e-01,2.002000000000000224e+00
7.599999999999873523e-02,1.060000000000000941e-01,1.024000000000000021e+00
9.600000000000008527e-02,1.899999999999999467e-01,1.643999999999999906e+00
7.099999999999972999e-02,8.400000000000007461e-02,1.314999999999999947e+00
8.000000000000007105e-02,1.189999999999999947e-01,8.090000000000000524e-01
9.399999999999941735e-02,1.810000000000000497e-01,1.971999999999999975e+00
6.799999999999961631e-02,7.000000000000006217e-02,1.157999999999999918e+00
9.399999999999941735e-02,1.810000000000000497e-01,1.322999999999999954e+00
8.199999999999896261e-02,1.320000000000001172e-01,1.022999999999999909e+00
7.299999999999862155e-02,9.400000000000008349e-02,1.290999999999999925e+00
8.799999999999918998e-02,1.550000000000000266e-01,1.149000000000000021e+00
8.599999999999852207e-02,1.470000000000000195e-01,1.317999999999999838e+00
9.799999999999897682e-02,1.959999999999999520e-01,1.560999999999999943e+00
9.799999999999897682e-02,1.959999999999999520e-01,1.825999999999999845e+00
1.019999999999985363e-01,2.119999999999999662e-01,1.199999999999999956e+00
6.999999999999850786e-02,8.200000000000007283e-02,1.040999999999999925e+00
7.099999999999972999e-02,8.299999999999996270e-02,1.338999999999999968e+00
9.199999999999874944e-02,1.699999999999999289e-01,1.280999999999999917e+00
9.199999999999874944e-02,1.730000000000000426e-01,1.044999999999999929e+00
9.199999999999874944e-02,1.739999999999999325e-01,1.897999999999999909e+00
9.199999999999874944e-02,1.710000000000000409e-01,1.427999999999999936e+00
7.899999999999884892e-02,1.160000000000001030e-01,8.000000000000000444e-01
7.599999999999873523e-02,1.049999999999999822e-01,1.415999999999999925e+00
8.099999999999951683e-02,1.260000000000001119e-01,1.333999999999999853e+00
9.600000000000008527e-02,1.910000000000000586e-01,1.696999999999999842e+00
8.999999999999985789e-02,1.630000000000000338e-01,1.582999999999999963e+00
9.299999999999997158e-02,1.779999999999999361e-01,1.544999999999999929e+00
9.900000000000019895e-02,2.010000000000000675e-01,1.605999999999999872e+00
7.499999999999928946e-02,1.029999999999999805e-01,1.399999999999999911e+00
7.199999999999917577e-02,8.600000000000007638e-02,7.530000000000000027e-01
8.699999999999974420e-02,1.490000000000000213e-01,1.178999999999999826e+00
9.699999999999953104e-02,1.939999999999999503e-01,1.872999999999999998e+00
8.599999999999852207e-02,1.460000000000001297e-01,1.393999999999999906e+00
9.600000000000008527e-02,1.870000000000000551e-01,1.399999999999999911e+00
9.999999999999964473e-02,2.050000000000000711e-01,1.682999999999999829e+00
8.399999999999963052e-02,1.380000000000001226e-01,1.292999999999999927e+00
6.899999999999906208e-02,7.400000000000006573e-02,1.167999999999999927e+00
6.999999999999850786e-02,8.200000000000007283e-02,1.183999999999999941e+00
9.399999999999941735e-02,1.830000000000000515e-01,1.883999999999999897e+00
7.399999999999984368e-02,9.699999999999997513e-02,1.411999999999999922e+00
8.099999999999951683e-02,1.260000000000001119e-01,9.909999999999999920e-01
8.599999999999852207e-02,1.490000000000000213e-01,1.573999999999999844e+00
8.099999999999951683e-02,1.260000000000001119e-01,8.599999999999999867e-01
8.399999999999963052e-02,1.370000000000000107e-01,1.337999999999999856e+00
7.699999999999995737e-02,1.089999999999999858e-01,1.188999999999999835e+00
7.399999999999984368e-02,9.600000000000008527e-02,1.222999999999999865e+00
6.599999999999894840e-02,6.299999999999994493e-02,8.970000000000000195e-01
7.899999999999884892e-02,1.180000000000001048e-01,1.034999999999999920e+00
9.499999999999886313e-02,1.839999999999999414e-01,1.790999999999999925e+00
9.999999999999964473e-02,2.039999999999999591e-01,1.226999999999999869e+00
8.099999999999951683e-02,1.260000000000001119e-01,1.087999999999999856e+00
9.199999999999874944e-02,1.730000000000000426e-01,1.443999999999999950e+00
9.399999999999941735e-02,1.790000000000000480e-01,1.552999999999999936e+00
8.199999999999896261e-02,1.290000000000000036e-01,1.609999999999999876e+00
9.399999999999941735e-02,1.810000000000000497e-01,1.631999999999999895e+00
8.999999999999985789e-02,1.650000000000000355e-01,1.125000000000000000e+00
6.999999999999850786e-02,8.000000000000007105e-02,8.430000000000000826e-01
8.699999999999974420e-02,1.539999999999999147e-01,1.799999999999999822e+00
9.600000000000008527e-02,1.890000000000000568e-01,1.651999999999999913e+00
7.699999999999995737e-02,1.069999999999999840e-01,1.131000000000000005e+00
8.999999999999985789e-02,1.650000000000000355e-01,1.446999999999999842e+00
6.499999999999950262e-02,6.000000000000005329e-02,8.990000000000000213e-01
8.699999999999974420e-02,1.519999999999999130e-01,1.822999999999999954e+00
7.699999999999995737e-02,1.100000000000000977e-01,1.196999999999999842e+00
7.899999999999884892e-02,1.169999999999999929e-01,1.343999999999999861e+00
8.599999999999852207e-02,1.460000000000001297e-01,1.732999999999999874e+00
8.799999999999918998e-02,1.539999999999999147e-01,1.674999999999999822e+00
7.199999999999917577e-02,9.000000000000007994e-02,1.133999999999999897e+00
7.699999999999995737e-02,1.109999999999999876e-01,1.149999999999999911e+00
9.299999999999997158e-02,1.739999999999999325e-01,1.288999999999999924e+00
8.899999999999863576e-02,1.590000000000000302e-01,9.240000000000000435e-01
1.029999999999997584e-01,2.159999999999999698e-01,9.410000000000000586e-01
8.699999999999974420e-02,1.510000000000000231e-01,1.229999999999999982e+00
9.600000000000008527e-02,1.899999999999999467e-01,1.372999999999999998e+00
7.499999999999928946e-02,1.000000000000000888e-01,7.830000000000000293e-01
6.400000000000005684e-02,5.400000000000004796e-02,1.073999999999999844e+00
8.899999999999863576e-02,1.610000000000000320e-01,1.387000000000000011e+00
9.799999999999897682e-02,1.959999999999999520e-01,1.135000000000000009e+00
7.799999999999940314e-02,1.109999999999999876e-01,6.209999999999999964e-01
6.599999999999894840e-02,6.499999999999994671e-02,1.099999999999999867e+00
9.099999999999930367e-02,1.670000000000000373e-01,1.424999999999999822e+00
5.899999999999927525e-02,3.400000000000003020e-02,9.440000000000000613e-01
9.499999999999886313e-02,1.839999999999999414e-01,1.922999999999999821e+00
7.599999999999873523e-02,1.060000000000000941e-01,1.252000000000000002e+00
8.199999999999896261e-02,1.280000000000001137e-01,7.980000000000000426e-01
8.799999999999918998e-02,1.550000000000000266e-01,1.379999999999999893e+00
8.899999999999863576e-02,1.590000000000000302e-01,1.129000000000000004e+00
8.499999999999907629e-02,1.430000000000000160e-01,1.707999999999999963e+00
8.199999999999896261e-02,1.300000000000001155e-01,9.360000000000000542e-01
7.499999999999928946e-02,1.029999999999999805e-01,1.266000000000000014e+00
9.199999999999874944e-02,1.710000000000000409e-01,1.272999999999999909e+00
7.899999999999884892e-02,1.189999999999999947e-01,1.460999999999999854e+00
5.899999999999927525e-02,3.400000000000003020e-02,9.230000000000000426e-01
8.799999999999918998e-02,1.550000000000000266e-01,1.056999999999999940e+00
7.599999999999873523e-02,1.029999999999999805e-01,1.274999999999999911e+00
9.999999999999964473e-02,2.050000000000000711e-01,1.405999999999999917e+00
8.699999999999974420e-02,1.519999999999999130e-01,1.537999999999999812e+00
8.000000000000007105e-02,1.200000000000001066e-01,1.135999999999999899e+00
6.899999999999906208e-02,7.499999999999995559e-02,9.570000000000000728e-01
7.799999999999940314e-02,1.149999999999999911e-01,1.114999999999999991e+00
6.299999999999883471e-02,5.000000000000004441e-02,1.115999999999999881e+00
8.399999999999963052e-02,1.380000000000001226e-01,1.272999999999999909e+00
6.700000000000017053e-02,6.600000000000005862e-02,9.290000000000000480e-01
9.399999999999941735e-02,1.819999999999999396e-01,1.857999999999999874e+00
9.199999999999874944e-02,1.730000000000000426e-01,1.182999999999999829e+00
7.199999999999917577e-02,9.000000000000007994e-02,1.052999999999999936e+00
7.799999999999940314e-02,1.109999999999999876e-01,7.640000000000000124e-01
8.999999999999985789e-02,1.650000000000000355e-01,1.430999999999999828e+00
8.599999999999852207e-02,1.440000000000001279e-01,7.660000000000000142e-01
7.499999999999928946e-02,1.009999999999999787e-01,1.310999999999999943e+00
9.399999999999941735e-02,1.799999999999999378e-01,1.504000000000000004e+00
1.009999999999990905e-01,2.070000000000000728e-01,9.799999999999999822e-01
7.699999999999995737e-02,1.109999999999999876e-01,1.344999999999999973e+00
9.199999999999874944e-02,1.739999999999999325e-01,1.758000000000000007e+00
9.799999999999897682e-02,1.979999999999999538e-01,1.607999999999999874e+00
5.999999999999872102e-02,3.899999999999992362e-02,1.008000000000000007e+00
9.699999999999953104e-02,1.910000000000000586e-01,1.254999999999999893e+00
8.799999999999918998e-02,1.550000000000000266e-01,1.385000000000000009e+00
9.399999999999941735e-02,1.799999999999999378e-01,1.375999999999999890e+00
9.600000000000008527e-02,1.879999999999999449e-01,1.112999999999999989e+00
6.899999999999906208e-02,7.600000000000006750e-02,1.151000000000000023e+00
9.600000000000008527e-02,1.910000000000000586e-01,2.065999999999999837e+00
6.199999999999938893e-02,4.800000000000004263e-02,9.480000000000000648e-01
8.699999999999974420e-02,1.510000000000000231e-01,6.890000000000000568e-01
9.900000000000019895e-02,2.019999999999999574e-01,1.534999999999999920e+00
7.499999999999928946e-02,1.020000000000000906e-01,8.479999999999999760e-01
7.599999999999873523e-02,1.060000000000000941e-01,1.002999999999999892e+00
9.699999999999953104e-02,1.930000000000000604e-01,1.713999999999999968e+00
7.399999999999984368e-02,9.499999999999997335e-02,1.270999999999999908e+00
9.600000000000008527e-02,1.870000000000000551e-01,1.010000000000000009e+00
9.399999999999941735e-02,1.799999999999999378e-01,1.532000000000000028e+00
9.199999999999874944e-02,1.710000000000000409e-01,1.889000000000000012e+00
6.899999999999906208e-02,7.800000000000006928e-02,1.256999999999999895e+00
9.399999999999941735e-02,1.810000000000000497e-01,1.947999999999999954e+00
8.000000000000007105e-02,1.220000000000001084e-01,1.237999999999999989e+00
7.599999999999873523e-02,1.060000000000000941e-01,8.719999999999999973e-01
8.099999999999951683e-02,1.250000000000000000e-01,1.403999999999999915e+00
9.199999999999874944e-02,1.719999999999999307e-01,6.069999999999999840e-01
9.799999999999897682e-02,1.959999999999999520e-01,1.118999999999999995e+00
9.399999999999941735e-02,1.799999999999999378e-01,1.879999999999999893e+00
9.799999999999897682e-02,1.970000000000000639e-01,1.500999999999999890e+00
7.099999999999972999e-02,8.600000000000007638e-02,1.143000000000000016e+00
7.399999999999984368e-02,9.600000000000008527e-02,6.810000000000000497e-01
8.899999999999863576e-02,1.599999999999999201e-01,1.849999999999999867e+00
9.699999999999953104e-02,1.930000000000000604e-01,2.014000000000000234e+00
8.199999999999896261e-02,1.310000000000000053e-01,1.280999999999999917e+00
7.099999999999972999e-02,8.600000000000007638e-02,1.096999999999999975e+00
7.399999999999984368e-02,9.899999999999997691e-02,1.432999999999999829e+00
7.199999999999917577e-02,8.800000000000007816e-02,8.820000000000000062e-01
9.299999999999997158e-02,1.770000000000000462e-01,1.108999999999999986e+00
6.999999999999850786e-02,8.000000000000007105e-02,1.276999999999999913e+00
9.799999999999897682e-02,1.979999999999999538e-01,1.331999999999999851e+00
8.699999999999974420e-02,1.499999999999999112e-01,1.714999999999999858e+00
7.199999999999917577e-02,8.899999999999996803e-02,1.387999999999999901e+00
8.799999999999918998e-02,1.530000000000000249e-01,1.133999999999999897e+00
8.199999999999896261e-02,1.300000000000001155e-01,8.060000000000000497e-01
9.099999999999930367e-02,1.659999999999999254e-01,1.151999999999999913e+00
9.600000000000008527e-02,1.850000000000000533e-01,6.390000000000000124e-01
8.099999999999951683e-02,1.270000000000000018e-01,1.174999999999999822e+00
8.499999999999907629e-02,1.410000000000000142e-01,1.300999999999999934e+00
7.699999999999995737e-02,1.089999999999999858e-01,9.010000000000000231e-01
9.900000000000019895e-02,2.010000000000000675e-01,1.612999999999999989e+00
7.199999999999917577e-02,8.800000000000007816e-02,9.020000000000000240e-01
8.000000000000007105e-02,1.209999999999999964e-01,1.018000000000000016e+00
6.499999999999950262e-02,5.800000000000005151e-02,9.500000000000000666e-01
7.899999999999884892e-02,1.189999999999999947e-01,1.047999999999999821e+00
1.009999999999990905e-01,2.110000000000000764e-01,1.264000000000000012e+00
8.199999999999896261e-02,1.280000000000001137e-01,6.360000000000000098e-01
8.499999999999907629e-02,1.410000000000000142e-01,1.127000000000000002e+00
7.199999999999917577e-02,8.800000000000007816e-02,7.479999999999999982e-01
9.799999999999897682e-02,1.970000000000000639e-01,1.254999999999999893e+00
9.799999999999897682e-02,1.959999999999999520e-01,1.283999999999999808e+00
6.599999999999894840e-02,6.299999999999994493e-02,1.050999999999999934e+00
9.499999999999886313e-02,1.839999999999999414e-01,1.311999999999999833e+00
7.899999999999884892e-02,1.149999999999999911e-01,5.959999999999999742e-01
8.799999999999918998e-02,1.559999999999999165e-01,8.210000000000000631e-01
7.099999999999972999e-02,8.400000000000007461e-02,8.709999999999999964e-01
8.499999999999907629e-02,1.420000000000001261e-01,1.498999999999999888e+00
8.799999999999918998e-02,1.559999999999999165e-01,1.599999999999999867e+00
8.799999999999918998e-02,1.570000000000000284e-01,1.537999999999999812e+00
8.099999999999951683e-02,1.270000000000000018e-01,8.699999999999999956e-01
8.799999999999918998e-02,1.559999999999999165e-01,1.226999999999999869e+00
8.999999999999985789e-02,1.659999999999999254e-01,1.915999999999999925e+00
9.900000000000019895e-02,1.999999999999999556e-01,1.712999999999999856e+00
9.199999999999874944e-02,1.710000000000000409e-01,1.770999999999999908e+00
8.300000000000018474e-02,1.340000000000001190e-01,1.366999999999999993e+00
7.099999999999972999e-02,8.400000000000007461e-02,1.174999999999999822e+00
9.600000000000008527e-02,1.870000000000000551e-01,1.676999999999999824e+00
9.799999999999897682e-02,1.990000000000000657e-01,1.469999999999999973e+00
9.600000000000008527e-02,1.910000000000000586e-01,1.568999999999999950e+00
8.599999999999852207e-02,1.450000000000000178e-01,9.959999999999999964e-01
7.399999999999984368e-02,9.499999999999997335e-02,9.969999999999999973e-01
7.699999999999995737e-02,1.100000000000000977e-01,1.502999999999999892e+00
8.000000000000007105e-02,1.200000000000001066e-01,7.120000000000000773e-01
9.900000000000019895e-02,1.979999999999999538e-01,1.054999999999999938e+00
6.999999999999850786e-02,8.000000000000007105e-02,1.256000000000000005e+00
9.099999999999930367e-02,1.699999999999999289e-01,1.445999999999999952e+00
9.499999999999886313e-02,1.870000000000000551e-01,2.028000000000000025e+00
1.019999999999985363e-01,2.150000000000000799e-01,1.058999999999999941e+00
1.009999999999990905e-01,2.079999999999999627e-01,1.100999999999999979e+00
7.299999999999862155e-02,9.299999999999997158e-02,9.370000000000000551e-01
9.900000000000019895e-02,2.019999999999999574e-01,1.766000000000000014e+00
9.999999999999964473e-02,2.030000000000000693e-01,1.385999999999999899e+00
6.700000000000017053e-02,6.600000000000005862e-02,8.300000000000000711e-01
7.399999999999984368e-02,9.800000000000008704e-02,1.129999999999999893e+00
6.199999999999938893e-02,4.800000000000004263e-02,1.062999999999999945e+00
7.899999999999884892e-02,1.180000000000001048e-01,1.377000000000000002e+00
9.600000000000008527e-02,1.899999999999999467e-01,2.012999999999999901e+00
6.799999999999961631e-02,7.099999999999995204e-02,1.181999999999999940e+00
9.099999999999930367e-02,1.690000000000000391e-01,1.479999999999999982e+00
7.199999999999917577e-02,9.000000000000007994e-02,1.127000000000000002e+00
7.499999999999928946e-02,1.000000000000000888e-01,1.457999999999999963e+00
8.499999999999907629e-02,1.440000000000001279e-01,1.528999999999999915e+00
8.599999999999852207e-02,1.479999999999999094e-01,1.631999999999999895e+00
9.499999999999886313e-02,1.859999999999999432e-01,1.486999999999999877e+00
9.600000000000008527e-02,1.899999999999999467e-01,2.046999999999999709e+00
7.199999999999917577e-02,8.899999999999996803e-02,1.157999999999999918e+00
9.099999999999930367e-02,1.670000000000000373e-01,7.070000000000000728e-01
8.899999999999863576e-02,1.579999999999999183e-01,8.210000000000000631e-01
8.000000000000007105e-02,1.209999999999999964e-01,1.337999999999999856e+00
8.699999999999974420e-02,1.499999999999999112e-01,1.083999999999999853e+00
8.300000000000018474e-02,1.330000000000000071e-01,1.558999999999999941e+00
7.699999999999995737e-02,1.120000000000000995e-01,1.355999999999999872e+00
6.899999999999906208e-02,7.699999999999995737e-02,1.014000000000000012e+00
6.700000000000017053e-02,6.800000000000006040e-02,9.989999999999999991e-01
6.499999999999950262e-02,5.800000000000005151e-02,1.097999999999999865e+00
9.699999999999953104e-02,1.919999999999999485e-01,1.662999999999999812e+00
8.000000000000007105e-02,1.229999999999999982e-01,1.073999999999999844e+00
8.799999999999918998e-02,1.559999999999999165e-01,1.061999999999999833e+00
9.099999999999930367e-02,1.690000000000000391e-01,1.815999999999999837e+00
8.399999999999963052e-02,1.360000000000001208e-01,1.178999999999999826e+00
8.899999999999863576e-02,1.599999999999999201e-01,1.297999999999999821e+00
6.199999999999938893e-02,4.699999999999993072e-02,9.700000000000000844e-01
8.000000000000007105e-02,1.240000000000001101e-01,1.436999999999999833e+00
9.499999999999886313e-02,1.859999999999999432e-01,2.056000000000000050e+00
7.799999999999940314e-02,1.140000000000001013e-01,1.547999999999999821e+00
9.199999999999874944e-02,1.719999999999999307e-01,1.585999999999999854e+00
9.799999999999897682e-02,1.979999999999999538e-01,1.916999999999999815e+00
8.999999999999985789e-02,1.659999999999999254e-01,1.676999999999999824e+00
9.600000000000008527e-02,1.859999999999999432e-01,1.061999999999999833e+00
8.099999999999951683e-02,1.280000000000001137e-01,1.196999999999999842e+00
8.399999999999963052e-02,1.370000000000000107e-01,1.224999999999999867e+00
9.299999999999997158e-02,1.759999999999999343e-01,1.223999999999999977e+00
9.900000000000019895e-02,2.019999999999999574e-01,1.093999999999999861e+00
9.099999999999930367e-02,1.670000000000000373e-01,9.500000000000000666e-01
8.999999999999985789e-02,1.639999999999999236e-01,1.274000000000000021e+00
7.199999999999917577e-02,8.699999999999996625e-02,1.356999999999999984e+00
8.199999999999896261e-02,1.300000000000001155e-01,1.163999999999999924e+00
6.799999999999961631e-02,7.299999999999995381e-02,1.020000000000000018e+00
6.899999999999906208e-02,7.600000000000006750e-02,1.010000000000000009e+00
5.999999999999872102e-02,3.699999999999992184e-02,9.160000000000000364e-01
6.499999999999950262e-02,6.000000000000005329e-02,8.639999999999999902e-01
8.799999999999918998e-02,1.550000000000000266e-01,1.299999999999999822e+00
8.699999999999974420e-02,1.519999999999999130e-01,6.540000000000000258e-01
9.499999999999886313e-02,1.839999999999999414e-01,1.578999999999999959e+00
1.009999999999990905e-01,2.099999999999999645e-01,1.293999999999999817e+00
7.799999999999940314e-02,1.109999999999999876e-01,8.130000000000000560e-01
9.299999999999997158e-02,1.779999999999999361e-01,1.862999999999999989e+00
9.600000000000008527e-02,1.899999999999999467e-01,1.423999999999999932e+00
9.099999999999930367e-02,1.679999999999999272e-01,1.032999999999999918e+00
9.600000000000008527e-02,1.870000000000000551e-01,1.018999999999999906e+00
7.399999999999984368e-02,9.800000000000008704e-02,6.540000000000000258e-01
9.699999999999953104e-02,1.899999999999999467e-01,8.900000000000000133e-01
7.099999999999972999e-02,8.499999999999996447e-02,1.202999999999999847e+00
7.399999999999984368e-02,9.899999999999997691e-02,1.160999999999999810e+00
7.599999999999873523e-02,1.049999999999999822e-01,7.770000000000000240e-01
9.999999999999964473e-02,2.039999999999999591e-01,1.709999999999999964e+00
8.699999999999974420e-02,1.510000000000000231e-01,1.327999999999999847e+00
8.000000000000007105e-02,1.189999999999999947e-01,8.459999999999999742e-01
9.199999999999874944e-02,1.699999999999999289e-01,1.321999999999999842e+00
6.499999999999950262e-02,6.000000000000005329e-02,1.161999999999999922e+00
9.199999999999874944e-02,1.710000000000000409e-01,1.812999999999999945e+00
9.600000000000008527e-02,1.870000000000000551e-01,1.012999999999999901e+00
9.099999999999930367e-02,1.670000000000000373e-01,9.799999999999999822e-01
6.899999999999906208e-02,7.400000000000006573e-02,8.559999999999999831e-01
7.899999999999884892e-02,1.169999999999999929e-01,1.280000000000000027e+00
9.099999999999930367e-02,1.659999999999999254e-01,1.081999999999999851e+00
9.199999999999874944e-02,1.730000000000000426e-01,1.026999999999999913e+00
6.899999999999906208e-02,7.699999999999995737e-02,1.205999999999999961e+00
8.199999999999896261e-02,1.290000000000000036e-01,1.614999999999999991e+00
8.699999999999974420e-02,1.499999999999999112e-01,8.900000000000000133e-01
9.499999999999886313e-02,1.870000000000000551e-01,1.817999999999999838e+00
7.699999999999995737e-02,1.100000000000000977e-01,1.283999999999999808e+00
9.299999999999997158e-02,1.750000000000000444e-01,1.595999999999999863e+00
6.299999999999883471e-02,4.899999999999993250e-02,9.140000000000000346e-01
8.000000000000007105e-02,1.189999999999999947e-01,8.519999999999999796e-01
7.799999999999940314e-02,1.129999999999999893e-01,1.366999999999999993e+00
8.099999999999951683e-02,1.240000000000001101e-01,1.230999999999999872e+00
6.299999999999883471e-02,5.099999999999993427e-02,8.960000000000000187e-01
9.199999999999874944e-02,1.750000000000000444e-01,1.910999999999999810e+00
7.699999999999995737e-02,1.100000000000000977e-01,1.074999999999999956e+00
8.000000000000007105e-02,1.229999999999999982e-01,1.460999999999999854e+00
6.799999999999961631e-02,6.899999999999995026e-02,8.430000000000000826e-01
8.199999999999896261e-02,1.320000000000001172e-01,1.502999999999999892e+00
9.999999999999964473e-02,2.050000000000000711e-01,1.461999999999999966e+00
8.499999999999907629e-02,1.420000000000001261e-01,1.495999999999999996e+00
9.600000000000008527e-02,1.890000000000000568e-01,1.228999999999999870e+00
9.999999999999964473e-02,2.030000000000000693e-01,1.184999999999999831e+00
9.199999999999874944e-02,1.719999999999999307e-01,1.502999999999999892e+00
9.900000000000019895e-02,2.010000000000000675e-01,1.772999999999999909e+00
7.599999999999873523e-02,1.040000000000000924e-01,1.024000000000000021e+00
5.899999999999927525e-02,3.299999999999991829e-02,9.700000000000000844e-01
5.799999999999982947e-02,3.099999999999991651e-02,9.620000000000000773e-01
6.299999999999883471e-02,5.299999999999993605e-02,1.097999999999999865e+00
6.799999999999961631e-02,7.200000000000006395e-02,1.178999999999999826e+00
8.300000000000018474e-02,1.330000000000000071e-01,7.590000000000000080e-01
9.499999999999886313e-02,1.839999999999999414e-01,1.627000000000000002e+00
8.000000000000007105e-02,1.229999999999999982e-01,1.114999999999999991e+00
6.700000000000017053e-02,6.899999999999995026e-02,1.135999999999999899e+00
8.399999999999963052e-02,1.370000000000000107e-01,9.100000000000000311e-01
8.999999999999985789e-02,1.639999999999999236e-01,9.739999999999999769e-01
1.039999999999992042e-01,2.210000000000000853e-01,8.330000000000000737e-01
8.099999999999951683e-02,1.250000000000000000e-01,1.316999999999999948e+00
7.599999999999873523e-02,1.069999999999999840e-01,1.329999999999999849e+00
7.799999999999940314e-02,1.160000000000001030e-01,1.397999999999999909e+00
7.599999999999873523e-02,1.060000000000000941e-01,7.620000000000000107e-01
8.099999999999951683e-02,1.250000000000000000e-01,1.209999999999999964e+00
9.900000000000019895e-02,1.999999999999999556e-01,8.719999999999999973e-01
8.499999999999907629e-02,1.440000000000001279e-01,1.674999999999999822e+00
5.899999999999927525e-02,3.499999999999992006e-02,1.006000000000000005e+00
1.009999999999990905e-01,2.079999999999999627e-01,1.244999999999999885e+00
8.300000000000018474e-02,1.350000000000000089e-01,1.034999999999999920e+00
9.600000000000008527e-02,1.879999999999999449e-01,1.514999999999999902e+00
8.399999999999963052e-02,1.410000000000000142e-01,1.621999999999999886e+00
9.799999999999897682e-02,1.950000000000000622e-01,1.119999999999999885e+00
7.599999999999873523e-02,1.029999999999999805e-01,6.300000000000000044e-01
6.199999999999938893e-02,4.600000000000004086e-02,8.900000000000000133e-01
7.399999999999984368e-02,9.600000000000008527e-02,8.290000000000000702e-01
6.400000000000005684e-02,5.400000000000004796e-02,9.030000000000000249e-01
8.300000000000018474e-02,1.320000000000001172e-01,6.860000000000000542e-01
8.699999999999974420e-02,1.490000000000000213e-01,9.320000000000000506e-01
8.999999999999985789e-02,1.650000000000000355e-01,9.989999999999999991e-01
7.499999999999928946e-02,1.020000000000000906e-01,1.301999999999999824e+00
9.900000000000019895e-02,1.999999999999999556e-01,1.206999999999999851e+00
9.799999999999897682e-02,1.990000000000000657e-01,1.957999999999999963e+00
9.799999999999897682e-02,1.970000000000000639e-01,1.793999999999999817e+00
9.499999999999886313e-02,1.850000000000000533e-01,8.370000000000000773e-01
6.799999999999961631e-02,7.000000000000006217e-02,7.620000000000000107e-01
8.499999999999907629e-02,1.420000000000001261e-01,1.379000000000000004e+00
9.399999999999941735e-02,1.810000000000000497e-01,2.007000000000000117e+00
6.700000000000017053e-02,6.600000000000005862e-02,9.959999999999999964e-01
9.799999999999897682e-02,1.970000000000000639e-01,1.972999999999999865e+00
8.399999999999963052e-02,1.380000000000001226e-01,1.653000000000000025e+00
8.599999999999852207e-02,1.450000000000000178e-01,9.590000000000000746e-01
9.900000000000019895e-02,1.999999999999999556e-01,6.630000000000000338e-01
9.499999999999886313e-02,1.830000000000000515e-01,1.328999999999999959e+00
7.299999999999862155e-02,9.400000000000008349e-02,1.274000000000000021e+00
8.000000000000007105e-02,1.240000000000001101e-01,1.491999999999999993e+00
8.599999999999852207e-02,1.479999999999999094e-01,1.625999999999999890e+00
7.499999999999928946e-02,1.009999999999999787e-01,1.419999999999999929e+00
8.699999999999974420e-02,1.519999999999999130e-01,1.817999999999999838e+00
7.899999999999884892e-02,1.189999999999999947e-01,1.210999999999999854e+00
8.699999999999974420e-02,1.519999999999999130e-01,1.143999999999999906e+00
8.699999999999974420e-02,1.510000000000000231e-01,1.313999999999999835e+00
6.799999999999961631e-02,7.299999999999995381e-02,1.022999999999999909e+00
9.600000000000008527e-02,1.870000000000000551e-01,1.268999999999999906e+00
7.099999999999972999e-02,8.200000000000007283e-02,1.006000000000000005e+00
9.399999999999941735e-02,1.799999999999999378e-01,1.946999999999999842e+00
6.999999999999850786e-02,7.800000000000006928e-02,1.042999999999999927e+00
5.999999999999872102e-02,4.000000000000003553e-02,9.759999999999999787e-01
7.799999999999940314e-02,1.140000000000001013e-01,1.090999999999999970e+00
7.199999999999917577e-02,8.899999999999996803e-02,1.012000000000000011e+00
6.899999999999906208e-02,7.499999999999995559e-02,1.256999999999999895e+00
9.799999999999897682e-02,1.979999999999999538e-01,1.324999999999999956e+00
7.899999999999884892e-02,1.160000000000001030e-01,8.080000000000000515e-01
7.299999999999862155e-02,9.299999999999997158e-02,1.395999999999999908e+00
8.499999999999907629e-02,1.430000000000000160e-01,1.609999999999999876e+00
1.049999999999986500e-01,2.230000000000000870e-01,7.760000000000000231e-01
9.600000000000008527e-02,1.879999999999999449e-01,1.510999999999999899e+00
7.299999999999862155e-02,9.299999999999997158e-02,9.130000000000000338e-01
8.499999999999907629e-02,1.430000000000000160e-01,1.445999999999999952e+00
7.899999999999884892e-02,1.160000000000001030e-01,1.306999999999999940e+00
9.399999999999941735e-02,1.810000000000000497e-01,1.665999999999999925e+00
7.799999999999940314e-02,1.129999999999999893e-01,1.546999999999999931e+00
9.099999999999930367e-02,1.650000000000000355e-01,7.219999999999999751e-01
7.599999999999873523e-02,1.060000000000000941e-01,6.820000000000000506e-01
6.499999999999950262e-02,6.099999999999994316e-02,9.140000000000000346e-01
8.899999999999863576e-02,1.610000000000000320e-01,1.518999999999999906e+00
8.099999999999951683e-02,1.260000000000001119e-01,1.399999999999999911e+00
8.999999999999985789e-02,1.650000000000000355e-01,1.356999999999999984e+00
9.799999999999897682e-02,1.959999999999999520e-01,1.989999999999999991e+00
9.199999999999874944e-02,1.739999999999999325e-01,1.918999999999999817e+00
8.599999999999852207e-02,1.479999999999999094e-01,9.280000000000000471e-01
9.499999999999886313e-02,1.850000000000000533e-01,1.362999999999999989e+00
9.399999999999941735e-02,1.810000000000000497e-01,9.510000000000000675e-01
8.199999999999896261e-02,1.320000000000001172e-01,1.303999999999999826e+00
6.799999999999961631e-02,7.299999999999995381e-02,8.679999999999999938e-01
9.199999999999874944e-02,1.739999999999999325e-01,1.935999999999999943e+00
7.199999999999917577e-02,9.000000000000007994e-02,1.368999999999999995e+00
8.499999999999907629e-02,1.440000000000001279e-01,1.466999999999999860e+00
7.499999999999928946e-02,1.009999999999999787e-01,1.052999999999999936e+00
8.499999999999907629e-02,1.450000000000000178e-01,1.639999999999999902e+00
9.099999999999930367e-02,1.670000000000000373e-01,1.917999999999999927e+00
7.699999999999995737e-02,1.109999999999999876e-01,1.133999999999999897e+00
8.999999999999985789e-02,1.610000000000000320e-01,7.990000000000000435e-01
7.599999999999873523e-02,1.069999999999999840e-01,1.071999999999999842e+00
9.099999999999930367e-02,1.659999999999999254e-01,1.214999999999999858e+00
7.399999999999984368e-02,9.600000000000008527e-02,7.860000000000000320e-01
8.099999999999951683e-02,1.260000000000001119e-01,9.110000000000000320e-01
8.099999999999951683e-02,1.229999999999999982e-01,8.130000000000000560e-01
1.009999999999990905e-01,2.099999999999999645e-01,1.137000000000000011e+00
7.199999999999917577e-02,8.800000000000007816e-02,1.149000000000000021e+00
9.600000000000008527e-02,1.890000000000000568e-01,1.625000000000000000e+00
8.799999999999918998e-02,1.530000000000000249e-01,1.368999999999999995e+00
9.900000000000019895e-02,2.010000000000000675e-01,1.360999999999999988e+00
6.299999999999883471e-02,5.099999999999993427e-02,9.600000000000000755e-01
8.300000000000018474e-02,1.350000000000000089e-01,9.700000000000000844e-01
6.899999999999906208e-02,7.800000000000006928e-02,1.066999999999999948e+00
8.899999999999863576e-02,1.579999999999999183e-01,1.696999999999999842e+00
7.899999999999884892e-02,1.200000000000001066e-01,1.589999999999999858e+00
9.699999999999953104e-02,1.930000000000000604e-01,1.383000000000000007e+00
8.999999999999985789e-02,1.639999999999999236e-01,1.743999999999999995e+00
9.399999999999941735e-02,1.810000000000000497e-01,1.883999999999999897e+00
9.099999999999930367e-02,1.670000000000000373e-01,1.641999999999999904e+00
7.499999999999928946e-02,1.000000000000000888e-01,9.590000000000000746e-01
7.699999999999995737e-02,1.120000000000000995e-01,1.315999999999999837e+00
7.499999999999928946e-02,1.009999999999999787e-01,1.081999999999999851e+00
6.400000000000005684e-02,5.400000000000004796e-02,9.180000000000000382e-01
9.199999999999874944e-02,1.699999999999999289e-01,1.230999999999999872e+00
1.009999999999990905e-01,2.070000000000000728e-01,1.002999999999999892e+00
6.400000000000005684e-02,5.400000000000004796e-02,1.057999999999999829e+00
9.999999999999964473e-02,2.039999999999999591e-01,9.340000000000000524e-01
9.699999999999953104e-02,1.939999999999999503e-01,1.817999999999999838e+00
8.999999999999985789e-02,1.650000000000000355e-01,1.768000000000000016e+00
8.499999999999907629e-02,1.420000000000001261e-01,1.051999999999999824e+00
8.599999999999852207e-02,1.450000000000000178e-01,5.860000000000000764e-01
8.799999999999918998e-02,1.539999999999999147e-01,1.373999999999999888e+00
6.199999999999938893e-02,4.800000000000004263e-02,9.490000000000000657e-01
7.299999999999862155e-02,9.099999999999996980e-02,1.373999999999999888e+00
8.499999999999907629e-02,1.440000000000001279e-01,1.705999999999999961e+00
6.999999999999850786e-02,8.000000000000007105e-02,9.260000000000000453e-01
8.699999999999974420e-02,1.510000000000000231e-01,1.327999999999999847e+00
1.029999999999997584e-01,2.170000000000000817e-01,1.010999999999999899e+00
8.300000000000018474e-02,1.340000000000001190e-01,1.383000000000000007e+00
8.999999999999985789e-02,1.619999999999999218e-01,7.540000000000000036e-01
8.599999999999852207e-02,1.460000000000001297e-01,1.018000000000000016e+00
9.199999999999874944e-02,1.739999999999999325e-01,1.559999999999999831e+00
9.499999999999886313e-02,1.839999999999999414e-01,8.629999999999999893e-01
8.000000000000007105e-02,1.250000000000000000e-01,1.617999999999999883e+00
9.900000000000019895e-02,2.030000000000000693e-01,1.589999999999999858e+00
8.699999999999974420e-02,1.539999999999999147e-01,1.647999999999999909e+00
8.099999999999951683e-02,1.250000000000000000e-01,1.439999999999999947e+00
6.799999999999961631e-02,7.099999999999995204e-02,1.153000000000000025e+00
7.799999999999940314e-02,1.120000000000000995e-01,1.221999999999999975e+00
8.300000000000018474e-02,1.340000000000001190e-01,1.082999999999999963e+00
9.999999999999964473e-02,2.039999999999999591e-01,1.264000000000000012e+00
8.799999999999918998e-02,1.550000000000000266e-01,1.700999999999999845e+00
9.600000000000008527e-02,1.899999999999999467e-01,1.732999999999999874e+00
8.799999999999918998e-02,1.559999999999999165e-01,1.066999999999999948e+00
7.699999999999995737e-02,1.100000000000000977e-01,1.493999999999999995e+00
9.999999999999964473e-02,2.039999999999999591e-01,9.660000000000000808e-01
8.199999999999896261e-02,1.290000000000000036e-01,1.668999999999999817e+00
8.499999999999907629e-02,1.430000000000000160e-01,8.160000000000000586e-01
8.399999999999963052e-02,1.370000000000000107e-01,1.481999999999999984e+00
6.799999999999961631e-02,7.299999999999995381e-02,1.032000000000000028e+00
6.499999999999950262e-02,5.899999999999994138e-02,8.440000000000000835e-01
8.599999999999852207e-02,1.470000000000000195e-01,1.227999999999999980e+00
7.499999999999928946e-02,1.009999999999999787e-01,9.789999999999999813e-01
8.799999999999918998e-02,1.530000000000000249e-01,8.689999999999999947e-01
9.600000000000008527e-02,1.859999999999999432e-01,8.619999999999999885e-01
8.799999999999918998e-02,1.550000000000000266e-01,1.456999999999999851e+00
9.499999999999886313e-02,1.850000000000000533e-01,1.472999999999999865e+00
9.999999999999964473e-02,2.019999999999999574e-01,9.190000000000000391e-01
7.399999999999984368e-02,9.899999999999997691e-02,1.223999999999999977e+00
9.900000000000019895e-02,1.999999999999999556e-01,1.129999999999999893e+00
8.499999999999907629e-02,1.410000000000000142e-01,9.959999999999999964e-01
8.199999999999896261e-02,1.290000000000000036e-01,1.381000000000000005e+00
9.600000000000008527e-02,1.870000000000000551e-01,1.119999999999999885e+00
9.900000000000019895e-02,1.979999999999999538e-01,1.107999999999999874e+00
8.499999999999907629e-02,1.410000000000000142e-01,1.407000000000000028e+00
9.199999999999874944e-02,1.739999999999999325e-01,1.601999999999999869e+00
9.099999999999930367e-02,1.679999999999999272e-01,1.946999999999999842e+00
8.099999999999951683e-02,1.229999999999999982e-01,9.130000000000000338e-01
7.499999999999928946e-02,1.020000000000000906e-01,1.484999999999999876e+00
1.009999999999990905e-01,2.070000000000000728e-01,1.125000000000000000e+00
9.399999999999941735e-02,1.799999999999999378e-01,1.941999999999999948e+00
8.799999999999918998e-02,1.550000000000000266e-01,9.250000000000000444e-01
7.699999999999995737e-02,1.089999999999999858e-01,1.036999999999999922e+00
9.099999999999930367e-02,1.690000000000000391e-01,1.555999999999999828e+00
9.199999999999874944e-02,1.730000000000000426e-01,1.727999999999999980e+00
7.199999999999917577e-02,8.899999999999996803e-02,9.829999999999999849e-01
8.699999999999974420e-02,1.499999999999999112e-01,1.788999999999999924e+00
8.099999999999951683e-02,1.260000000000001119e-01,1.429999999999999938e+00
7.699999999999995737e-02,1.080000000000000959e-01,1.041999999999999815e+00
6.499999999999950262e-02,5.899999999999994138e-02,9.929999999999999938e-01
7.499999999999928946e-02,1.029999999999999805e-01,1.355999999999999872e+00
9.099999999999930367e-02,1.670000000000000373e-01,1.339999999999999858e+00
8.699999999999974420e-02,1.499999999999999112e-01,1.647000000000000020e+00
9.799999999999897682e-02,1.979999999999999538e-01,1.326999999999999957e+00
6.899999999999906208e-02,7.499999999999995559e-02,1.071999999999999842e+00
7.699999999999995737e-02,1.089999999999999858e-01,6.149999999999999911e-01
9.099999999999930367e-02,1.699999999999999289e-01,1.885999999999999899e+00
8.199999999999896261e-02,1.300000000000001155e-01,9.949999999999999956e-01
8.000000000000007105e-02,1.200000000000001066e-01,7.870000000000000329e-01
6.799999999999961631e-02,7.000000000000006217e-02,9.809999999999999831e-01
1.019999999999985363e-01,2.119999999999999662e-01,1.230999999999999872e+00
6.199999999999938893e-02,4.499999999999992895e-02,9.160000000000000364e-01
9.799999999999897682e-02,1.999999999999999556e-01,1.853999999999999870e+00
9.999999999999964473e-02,2.070000000000000728e-01,1.553999999999999826e+00
6.599999999999894840e-02,6.400000000000005684e-02,1.215999999999999970e+00
8.099999999999951683e-02,1.270000000000000018e-01,8.880000000000000115e-01
7.699999999999995737e-02,1.089999999999999858e-01,8.950000000000000178e-01
7.299999999999862155e-02,9.400000000000008349e-02,1.054999999999999938e+00
7.399999999999984368e-02,9.600000000000008527e-02,8.980000000000000204e-01
7.799999999999940314e-02,1.109999999999999876e-01,6.930000000000000604e-01
8.399999999999963052e-02,1.400000000000001243e-01,1.224999999999999867e+00
7.599999999999873523e-02,1.069999999999999840e-01,1.075999999999999845e+00
9.399999999999941735e-02,1.799999999999999378e-01,1.941999999999999948e+00
9.299999999999997158e-02,1.750000000000000444e-01,1.123999999999999888e+00
7.699999999999995737e-02,1.069999999999999840e-01,6.450000000000000178e-01
8.399999999999963052e-02,1.380000000000001226e-01,1.291999999999999815e+00
6.499999999999950262e-02,5.899999999999994138e-02,1.141000000000000014e+00
7.899999999999884892e-02,1.160000000000001030e-01,1.020000000000000018e+00
5.999999999999872102e-02,3.800000000000003375e-02,9.150000000000000355e-01
7.099999999999972999e-02,8.600000000000007638e-02,1.373999999999999888e+00
9.699999999999953104e-02,1.950000000000000622e-01,1.545999999999999819e+00
8.300000000000018474e-02,1.350000000000000089e-01,1.026000000000000023e+00
9.499999999999886313e-02,1.839999999999999414e-01,1.300999999999999934e+00
7.599999999999873523e-02,1.040000000000000924e-01,1.012999999999999901e+00
8.799999999999918998e-02,1.539999999999999147e-01,1.553999999999999826e+00
9.799999999999897682e-02,1.970000000000000639e-01,1.551999999999999824e+00
7.899999999999884892e-02,1.200000000000001066e-01,1.588999999999999968e+00
9.900000000000019895e-02,1.990000000000000657e-01,1.167999999999999927e+00
9.999999999999964473e-02,2.070000000000000728e-01,1.360999999999999988e+00
9.299999999999997158e-02,1.750000000000000444e-01,1.133000000000000007e+00
8.099999999999951683e-02,1.260000000000001119e-01,1.141999999999999904e+00
7.399999999999984368e-02,9.600000000000008527e-02,7.259999999999999787e-01
7.599999999999873523e-02,1.029999999999999805e-01,9.380000000000000560e-01
8.399999999999963052e-02,1.390000000000000124e-01,9.090000000000000302e-01
8.999999999999985789e-02,1.619999999999999218e-01,1.098999999999999977e+00
8.399999999999963052e-02,1.390000000000000124e-01,1.114999999999999991e+00
8.599999999999852207e-02,1.450000000000000178e-01,1.307999999999999829e+00
7.799999999999940314e-02,1.149999999999999911e-01,1.172999999999999821e+00
9.399999999999941735e-02,1.819999999999999396e-01,1.401000000000000023e+00
9.399999999999941735e-02,1.799999999999999378e-01,1.252999999999999892e+00
7.199999999999917577e-02,8.899999999999996803e-02,8.140000000000000568e-01
7.499999999999928946e-02,1.029999999999999805e-01,1.305999999999999828e+00
9.799999999999897682e-02,1.990000000000000657e-01,1.412999999999999812e+00
9.399999999999941735e-02,1.819999999999999396e-01,1.897000000000000020e+00
6.700000000000017053e-02,6.899999999999995026e-02,1.044999999999999929e+00
7.399999999999984368e-02,9.499999999999997335e-02,9.460000000000000631e-01
7.799999999999940314e-02,1.149999999999999911e-01,1.361999999999999877e+00
5.799999999999982947e-02,3.200000000000002842e-02,9.889999999999999902e-01
8.000000000000007105e-02,1.240000000000001101e-01,1.442999999999999838e+00
5.999999999999872102e-02,3.699999999999992184e-02,1.010000000000000009e+00
8.899999999999863576e-02,1.619999999999999218e-01,1.901000000000000023e+00
8.999999999999985789e-02,1.650000000000000355e-01,1.227999999999999980e+00
6.499999999999950262e-02,6.099999999999994316e-02,9.200000000000000400e-01
7.499999999999928946e-02,1.020000000000000906e-01,1.226999999999999869e+00
7.199999999999917577e-02,8.600000000000007638e-02,9.440000000000000613e-01
9.299999999999997158e-02,1.779999999999999361e-01,1.789999999999999813e+00
8.999999999999985789e-02,1.659999999999999254e-01,1.447999999999999954e+00
6.899999999999906208e-02,7.400000000000006573e-02,1.170999999999999819e+00
6.999999999999850786e-02,7.899999999999995914e-02,1.268000000000000016e+00
9.399999999999941735e-02,1.799999999999999378e-01,1.217999999999999972e+00
8.499999999999907629e-02,1.430000000000000160e-01,8.170000000000000595e-01
9.299999999999997158e-02,1.770000000000000462e-01,1.829999999999999849e+00
9.600000000000008527e-02,1.910000000000000586e-01,1.800999999999999934e+00
8.399999999999963052e-02,1.380000000000001226e-01,1.331999999999999851e+00
8.899999999999863576e-02,1.590000000000000302e-01,1.432999999999999829e+00
8.499999999999907629e-02,1.440000000000001279e-01,1.428999999999999826e+00
7.799999999999940314e-02,1.109999999999999876e-01,9.070000000000000284e-01
6.700000000000017053e-02,6.699999999999994849e-02,9.290000000000000480e-01
8.199999999999896261e-02,1.310000000000000053e-01,1.178999999999999826e+00
7.499999999999928946e-02,1.009999999999999787e-01,1.217999999999999972e+00
8.799999999999918998e-02,1.539999999999999147e-01,7.980000000000000426e-01
6.599999999999894840e-02,6.299999999999994493e-02,1.147999999999999909e+00
9.499999999999886313e-02,1.859999999999999432e-01,1.676999999999999824e+00
8.799999999999918998e-02,1.550000000000000266e-01,1.563999999999999835e+00
9.199999999999874944e-02,1.750000000000000444e-01,1.873999999999999888e+00
9.299999999999997158e-02,1.770000000000000462e-01,1.169999999999999929e+00
7.199999999999917577e-02,9.000000000000007994e-02,1.098999999999999977e+00
9.399999999999941735e-02,1.830000000000000515e-01,1.917999999999999927e+00
8.199999999999896261e-02,1.300000000000001155e-01,1.660999999999999810e+00
8.199999999999896261e-02,1.320000000000001172e-01,1.576999999999999957e+00
8.799999999999918998e-02,1.550000000000000266e-01,1.293999999999999817e+00
9.600000000000008527e-02,1.890000000000000568e-01,1.046999999999999931e+00
1.019999999999985363e-01,2.130000000000000782e-01,1.206999999999999851e+00
9.600000000000008527e-02,1.899999999999999467e-01,1.472999999999999865e+00
7.399999999999984368e-02,9.699999999999997513e-02,7.239999999999999769e-01
7.499999999999928946e-02,1.029999999999999805e-01,1.448999999999999844e+00
7.299999999999862155e-02,9.400000000000008349e-02,1.309999999999999831e+00
8.399999999999963052e-02,1.380000000000001226e-01,1.207999999999999963e+00
9.299999999999997158e-02,1.770000000000000462e-01,1.387000000000000011e+00
7.399999999999984368e-02,9.600000000000008527e-02,1.223999999999999977e+00
8.399999999999963052e-02,1.390000000000000124e-01,1.177999999999999936e+00
7.399999999999984368e-02,9.600000000000008527e-02,1.014999999999999902e+00
9.299999999999997158e-02,1.759999999999999343e-01,7.080000000000000737e-01
8.199999999999896261e-02,1.320000000000001172e-01,1.272000000000000020e+00
7.699999999999995737e-02,1.080000000000000959e-01,1.468999999999999861e+00
8.899999999999863576e-02,1.610000000000000320e-01,1.544999999999999929e+00
8.199999999999896261e-02,1.290000000000000036e-01,1.243999999999999995e+00
8.699999999999974420e-02,1.499999999999999112e-01,1.151999999999999913e+00
8.799999999999918998e-02,1.579999999999999183e-01,1.738999999999999879e+00
6.899999999999906208e-02,7.800000000000006928e-02,1.258000000000000007e+00
6.899999999999906208e-02,7.600000000000006750e-02,9.090000000000000302e-01
8.199999999999896261e-02,1.330000000000000071e-01,1.546999999999999931e+00
6.999999999999850786e-02,8.200000000000007283e-02,1.056999999999999940e+00
8.699999999999974420e-02,1.499999999999999112e-01,1.110999999999999988e+00
8.300000000000018474e-02,1.360000000000001208e-01,1.496999999999999886e+00
8.000000000000007105e-02,1.220000000000001084e-01,1.244999999999999885e+00
9.999999999999964473e-02,2.050000000000000711e-01,1.354999999999999982e+00
8.099999999999951683e-02,1.240000000000001101e-01,1.399999999999999911e+00
7.299999999999862155e-02,9.299999999999997158e-02,8.609999999999999876e-01
7.299999999999862155e-02,9.099999999999996980e-02,6.990000000000000657e-01
9.799999999999897682e-02,1.990000000000000657e-01,1.522999999999999909e+00
8.999999999999985789e-02,1.650000000000000355e-01,1.492999999999999883e+00
8.399999999999963052e-02,1.380000000000001226e-01,1.276000000000000023e+00
6.700000000000017053e-02,6.600000000000005862e-02,1.157000000000000028e+00
9.999999999999964473e-02,2.050000000000000711e-01,1.185999999999999943e+00
9.499999999999886313e-02,1.850000000000000533e-01,1.863999999999999879e+00
9.499999999999886313e-02,1.859999999999999432e-01,1.732999999999999874e+00
7.699999999999995737e-02,1.109999999999999876e-01,1.485999999999999988e+00
1.009999999999990905e-01,2.099999999999999645e-01,1.349999999999999867e+00
8.599999999999852207e-02,1.460000000000001297e-01,1.661999999999999922e+00
9.499999999999886313e-02,1.839999999999999414e-01,1.613999999999999879e+00
1.019999999999985363e-01,2.130000000000000782e-01,7.690000000000000169e-01
7.599999999999873523e-02,1.060000000000000941e-01,6.540000000000000258e-01
9.499999999999886313e-02,1.839999999999999414e-01,1.415999999999999925e+00
9.499999999999886313e-02,1.839999999999999414e-01,1.407000000000000028e+00
7.599999999999873523e-02,1.029999999999999805e-01,6.380000000000000115e-01
6.700000000000017053e-02,6.800000000000006040e-02,8.010000000000000453e-01
9.399999999999941735e-02,1.810000000000000497e-01,2.012999999999999901e+00
8.199999999999896261e-02,1.280000000000001137e-01,9.590000000000000746e-01
8.799999999999918998e-02,1.550000000000000266e-01,1.840999999999999970e+00
6.700000000000017053e-02,6.899999999999995026e-02,8.559999999999999831e-01
8.699999999999974420e-02,1.499999999999999112e-01,1.489999999999999991e+00
8.699999999999974420e-02,1.510000000000000231e-01,1.722999999999999865e+00
9.799999999999897682e-02,1.959999999999999520e-01,1.401000000000000023e+00
9.399999999999941735e-02,1.830000000000000515e-01,2.027000000000000135e+00
9.499999999999886313e-02,1.839999999999999414e-01,2.040000000000000036e+00
8.399999999999963052e-02,1.400000000000001243e-01,1.137999999999999901e+00
8.699999999999974420e-02,1.499999999999999112e-01,1.082999999999999963e+00
6.499999999999950262e-02,5.800000000000005151e-02,1.018999999999999906e+00
7.499999999999928946e-02,1.009999999999999787e-01,1.147000000000000020e+00
7.199999999999917577e-02,8.800000000000007816e-02,8.040000000000000480e-01
8.899999999999863576e-02,1.590000000000000302e-01,1.432999999999999829e+00
8.300000000000018474e-02,1.330000000000000071e-01,6.129999999999999893e-01
9.600000000000008527e-02,1.890000000000000568e-01,1.869999999999999885e+00
8.799999999999918998e-02,1.530000000000000249e-01,1.462999999999999856e+00
7.699999999999995737e-02,1.080000000000000959e-01,1.297999999999999821e+00
8.199999999999896261e-02,1.270000000000000018e-01,8.800000000000000044e-01
8.399999999999963052e-02,1.380000000000001226e-01,1.522999999999999909e+00
9.999999999999964473e-02,2.039999999999999591e-01,1.611999999999999877e+00
9.600000000000008527e-02,1.890000000000000568e-01,1.932999999999999829e+00
9.600000000000008527e-02,1.910000000000000586e-01,1.705999999999999961e+00
8.999999999999985789e-02,1.639999999999999236e-01,1.688999999999999835e+00
7.099999999999972999e-02,8.400000000000007461e-02,9.889999999999999902e-01
8.000000000000007105e-02,1.229999999999999982e-01,1.627999999999999892e+00
7.699999999999995737e-02,1.100000000000000977e-01,9.250000000000000444e-01
7.499999999999928946e-02,1.020000000000000906e-01,1.393999999999999906e+00
7.699999999999995737e-02,1.089999999999999858e-01,1.391000000000000014e+00
8.099999999999951683e-02,1.240000000000001101e-01,9.809999999999999831e-01
9.099999999999930367e-02,1.670000000000000373e-01,1.219999999999999973e+00
7.499999999999928946e-02,1.009999999999999787e-01,9.360000000000000542e-01
9.900000000000019895e-02,2.010000000000000675e-01,8.170000000000000595e-01
7.099999999999972999e-02,8.400000000000007461e-02,1.135999999999999899e+00
7.299999999999862155e-02,9.200000000000008171e-02,1.010999999999999899e+00
8.099999999999951683e-02,1.280000000000001137e-01,1.241999999999999993e+00
6.599999999999894840e-02,6.099999999999994316e-02,8.290000000000000702e-01
8.899999999999863576e-02,1.579999999999999183e-01,1.176999999999999824e+00
9.399999999999941735e-02,1.779999999999999361e-01,7.820000000000000284e-01
9.999999999999964473e-02,2.050000000000000711e-01,1.304999999999999938e+00
8.799999999999918998e-02,1.559999999999999165e-01,1.075999999999999845e+00
9.399999999999941735e-02,1.830000000000000515e-01,1.710999999999999854e+00
9.299999999999997158e-02,1.779999999999999361e-01,1.704999999999999849e+00
1.009999999999990905e-01,2.090000000000000746e-01,1.422999999999999821e+00
7.199999999999917577e-02,9.000000000000007994e-02,1.270999999999999908e+00
9.199999999999874944e-02,1.719999999999999307e-01,1.940999999999999837e+00
9.399999999999941735e-02,1.810000000000000497e-01,1.780999999999999917e+00
7.399999999999984368e-02,9.800000000000008704e-02,1.115999999999999881e+00
9.699999999999953104e-02,1.950000000000000622e-01,1.352999999999999980e+00
9.600000000000008527e-02,1.890000000000000568e-01,1.887999999999999901e+00
8.699999999999974420e-02,1.510000000000000231e-01,1.596999999999999975e+00
9.799999999999897682e-02,1.970000000000000639e-01,1.520000000000000018e+00
6.700000000000017053e-02,6.600000000000005862e-02,1.129999999999999893e+00
8.599999999999852207e-02,1.450000000000000178e-01,8.709999999999999964e-01
8.099999999999951683e-02,1.240000000000001101e-01,1.209999999999999964e+00
8.999999999999985789e-02,1.639999999999999236e-01,1.573999999999999844e+00
9.799999999999897682e-02,1.970000000000000639e-01,1.877999999999999892e+00
6.799999999999961631e-02,7.000000000000006217e-02,1.032999999999999918e+00
9.199999999999874944e-02,1.719999999999999307e-01,1.184999999999999831e+00
8.399999999999963052e-02,1.400000000000001243e-01,1.120999999999999996e+00
6.899999999999906208e-02,7.699999999999995737e-02,9.690000000000000835e-01
9.699999999999953104e-02,1.919999999999999485e-01,1.760000000000000009e+00
8.699999999999974420e-02,1.490000000000000213e-01,1.226999999999999869e+00
6.400000000000005684e-02,5.400000000000004796e-02,8.350000000000000755e-01
9.600000000000008527e-02,1.910000000000000586e-01,1.674999999999999822e+00
8.199999999999896261e-02,1.300000000000001155e-01,1.228999999999999870e+00
9.900000000000019895e-02,2.010000000000000675e-01,1.698999999999999844e+00
8.899999999999863576e-02,1.610000000000000320e-01,1.889999999999999902e+00
9.799999999999897682e-02,1.970000000000000639e-01,8.519999999999999796e-01
7.499999999999928946e-02,1.020000000000000906e-01,7.890000000000000346e-01
9.799999999999897682e-02,1.970000000000000639e-01,1.944999999999999840e+00
7.599999999999873523e-02,1.049999999999999822e-01,1.470999999999999863e+00
8.399999999999963052e-02,1.380000000000001226e-01,1.167999999999999927e+00
7.599999999999873523e-02,1.060000000000000941e-01,7.710000000000000187e-01
8.599999999999852207e-02,1.479999999999999094e-01,1.048999999999999932e+00
9.999999999999964473e-02,2.039999999999999591e-01,1.219999999999999973e+00
6.799999999999961631e-02,7.099999999999995204e-02,1.139999999999999902e+00
7.099999999999972999e-02,8.699999999999996625e-02,1.268999999999999906e+00
6.400000000000005684e-02,5.400000000000004796e-02,1.056999999999999940e+00
8.999999999999985789e-02,1.639999999999999236e-01,1.074999999999999956e+00
8.899999999999863576e-02,1.610000000000000320e-01,1.510999999999999899e+00
5.899999999999927525e-02,3.600000000000003197e-02,9.949999999999999956e-01
8.000000000000007105e-02,1.189999999999999947e-01,8.990000000000000213e-01
9.499999999999886313e-02,1.819999999999999396e-01,1.073999999999999844e+00
9.499999999999886313e-02,1.839999999999999414e-01,1.293999999999999817e+00
6.599999999999894840e-02,6.200000000000005507e-02,1.147999999999999909e+00
8.599999999999852207e-02,1.490000000000000213e-01,1.611999999999999877e+00
7.199999999999917577e-02,9.099999999999996980e-02,1.270000000000000018e+00
7.699999999999995737e-02,1.080000000000000959e-01,1.407000000000000028e+00
6.999999999999850786e-02,8.099999999999996092e-02,1.325999999999999845e+00
7.899999999999884892e-02,1.180000000000001048e-01,7.070000000000000728e-01
1.009999999999990905e-01,2.090000000000000746e-01,1.172999999999999821e+00
7.699999999999995737e-02,1.100000000000000977e-01,9.550000000000000711e-01
7.699999999999995737e-02,1.109999999999999876e-01,1.546999999999999931e+00
8.699999999999974420e-02,1.530000000000000249e-01,1.573999999999999844e+00
8.000000000000007105e-02,1.220000000000001084e-01,1.589999999999999858e+00
8.599999999999852207e-02,1.460000000000001297e-01,1.084999999999999964e+00
9.399999999999941735e-02,1.830000000000000515e-01,1.721999999999999975e+00
6.499999999999950262e-02,5.899999999999994138e-02,9.530000000000000693e-01
9.399999999999941735e-02,1.790000000000000480e-01,1.516000000000000014e+00
7.599999999999873523e-02,1.029999999999999805e-01,7.070000000000000728e-01
9.199999999999874944e-02,1.690000000000000391e-01,9.899999999999999911e-01
7.299999999999862155e-02,9.299999999999997158e-02,1.213999999999999968e+00
9.399999999999941735e-02,1.790000000000000480e-01,1.018000000000000016e+00
7.699999999999995737e-02,1.080000000000000959e-01,7.790000000000000258e-01
8.199999999999896261e-02,1.310000000000000053e-01,1.209999999999999964e+00
7.599999999999873523e-02,1.029999999999999805e-01,7.890000000000000346e-01
7.099999999999972999e-02,8.499999999999996447e-02,9.290000000000000480e-01
9.499999999999886313e-02,1.830000000000000515e-01,1.159999999999999920e+00
9.699999999999953104e-02,1.919999999999999485e-01,1.859999999999999876e+00
7.499999999999928946e-02,1.009999999999999787e-01,1.199999999999999956e+00
8.300000000000018474e-02,1.360000000000001208e-01,1.059999999999999831e+00
9.900000000000019895e-02,1.999999999999999556e-01,1.343999999999999861e+00
8.599999999999852207e-02,1.450000000000000178e-01,1.383999999999999897e+00
6.299999999999883471e-02,4.899999999999993250e-02,1.051999999999999824e+00
7.399999999999984368e-02,9.699999999999997513e-02,1.089999999999999858e+00
8.300000000000018474e-02,1.340000000000001190e-01,1.662999999999999812e+00
8.199999999999896261e-02,1.310000000000000053e-01,9.100000000000000311e-01
8.999999999999985789e-02,1.639999999999999236e-01,1.639999999999999902e+00
8.999999999999985789e-02,1.630000000000000338e-01,1.086999999999999966e+00
8.399999999999963052e-02,1.360000000000001208e-01,1.211999999999999966e+00
8.199999999999896261e-02,1.310000000000000053e-01,1.280000000000000027e+00
6.199999999999938893e-02,4.499999999999992895e-02,1.071999999999999842e+00
1.009999999999990905e-01,2.090000000000000746e-01,1.375000000000000000e+00
8.499999999999907629e-02,1.420000000000001261e-01,9.380000000000000560e-01
9.199999999999874944e-02,1.730000000000000426e-01,1.620999999999999996e+00
8.300000000000018474e-02,1.320000000000001172e-01,1.062999999999999945e+00
9.499999999999886313e-02,1.839999999999999414e-01,1.229999999999999982e+00
1.009999999999990905e-01,2.110000000000000764e-01,1.079999999999999849e+00
7.599999999999873523e-02,1.049999999999999822e-01,7.200000000000000844e-01
7.899999999999884892e-02,1.189999999999999947e-01,1.239999999999999991e+00
9.900000000000019895e-02,2.019999999999999574e-01,9.690000000000000835e-01
7.399999999999984368e-02,9.699999999999997513e-02,1.080999999999999961e+00
6.899999999999906208e-02,7.499999999999995559e-02,1.004000000000000004e+00
7.899999999999884892e-02,1.169999999999999929e-01,9.070000000000000284e-01
8.799999999999918998e-02,1.570000000000000284e-01,1.211999999999999966e+00
8.899999999999863576e-02,1.599999999999999201e-01,9.929999999999999938e-01
7.699999999999995737e-02,1.109999999999999876e-01,8.980000000000000204e-01
8.499999999999907629e-02,1.440000000000001279e-01,1.189999999999999947e+00
8.599999999999852207e-02,1.499999999999999112e-01,1.658999999999999808e+00
6.999999999999850786e-02,8.000000000000007105e-02,1.135000000000000009e+00
8.399999999999963052e-02,1.400000000000001243e-01,1.666999999999999815e+00
8.999999999999985789e-02,1.630000000000000338e-01,1.641999999999999904e+00
8.499999999999907629e-02,1.440000000000001279e-01,1.421999999999999931e+00
8.899999999999863576e-02,1.599999999999999201e-01,1.855999999999999872e+00
1.019999999999985363e-01,2.139999999999999680e-01,1.024999999999999911e+00
1.009999999999990905e-01,2.090000000000000746e-01,8.980000000000000204e-01
9.600000000000008527e-02,1.899999999999999467e-01,1.170999999999999819e+00
7.599999999999873523e-02,1.060000000000000941e-01,7.389999999999999902e-01
1.019999999999985363e-01,2.119999999999999662e-01,8.940000000000000169e-01
8.399999999999963052e-02,1.410000000000000142e-01,1.596999999999999975e+00
7.799999999999940314e-02,1.140000000000001013e-01,1.120999999999999996e+00
7.499999999999928946e-02,9.899999999999997691e-02,9.919999999999999929e-01
8.099999999999951683e-02,1.260000000000001119e-01,7.239999999999999769e-01
8.499999999999907629e-02,1.430000000000000160e-01,1.746999999999999886e+00
9.399999999999941735e-02,1.790000000000000480e-01,1.086999999999999966e+00
9.399999999999941735e-02,1.819999999999999396e-01,1.567999999999999838e+00
9.999999999999964473e-02,2.039999999999999591e-01,1.101999999999999869e+00
7.799999999999940314e-02,1.129999999999999893e-01,1.476999999999999869e+00
9.600000000000008527e-02,1.899999999999999467e-01,1.123999999999999888e+00
6.899999999999906208e-02,7.600000000000006750e-02,1.113999999999999879e+00
8.799999999999918998e-02,1.570000000000000284e-01,1.345999999999999863e+00
7.899999999999884892e-02,1.189999999999999947e-01,1.341999999999999860e+00
9.600000000000008527e-02,1.890000000000000568e-01,1.351999999999999869e+00
8.499999999999907629e-02,1.440000000000001279e-01,1.510999999999999899e+00
9.900000000000019895e-02,2.019999999999999574e-01,1.231999999999999984e+00
8.399999999999963052e-02,1.420000000000001261e-01,1.743999999999999995e+00
9.600000000000008527e-02,1.870000000000000551e-01,1.188999999999999835e+00
8.399999999999963052e-02,1.380000000000001226e-01,1.728999999999999870e+00
7.299999999999862155e-02,9.400000000000008349e-02,1.401999999999999913e+00
9.099999999999930367e-02,1.699999999999999289e-01,1.756000000000000005e+00
7.899999999999884892e-02,1.200000000000001066e-01,1.559999999999999831e+00
1.009999999999990905e-01,2.099999999999999645e-01,8.990000000000000213e-01
9.399999999999941735e-02,1.810000000000000497e-01,1.339999999999999858e+00
9.999999999999964473e-02,2.030000000000000693e-01,1.088999999999999968e+00
8.300000000000018474e-02,1.330000000000000071e-01,6.560000000000000275e-01
8.499999999999907629e-02,1.420000000000001261e-01,8.629999999999999893e-01
9.799999999999897682e-02,1.979999999999999538e-01,1.607999999999999874e+00
7.799999999999940314e-02,1.120000000000000995e-01,1.528000000000000025e+00
9.099999999999930367e-02,1.710000000000000409e-01,1.883999999999999897e+00
8.199999999999896261e-02,1.320000000000001172e-01,1.221999999999999975e+00
7.199999999999917577e-02,9.000000000000007994e-02,1.008000000000000007e+00
9.600000000000008527e-02,1.899999999999999467e-01,1.668999999999999817e+00
9.600000000000008527e-02,1.870000000000000551e-01,1.571999999999999842e+00
6.999999999999850786e-02,8.000000000000007105e-02,1.290999999999999925e+00
9.799999999999897682e-02,1.959999999999999520e-01,1.088999999999999968e+00
8.999999999999985789e-02,1.630000000000000338e-01,1.720999999999999863e+00
7.199999999999917577e-02,9.000000000000007994e-02,1.175999999999999934e+00
9.299999999999997158e-02,1.759999999999999343e-01,1.637999999999999901e+00
9.299999999999997158e-02,1.770000000000000462e-01,1.982999999999999874e+00
8.499999999999907629e-02,1.420000000000001261e-01,1.416999999999999815e+00
9.799999999999897682e-02,1.950000000000000622e-01,1.422999999999999821e+00
8.499999999999907629e-02,1.410000000000000142e-01,1.002000000000000002e+00
9.699999999999953104e-02,1.919999999999999485e-01,1.850999999999999979e+00
9.399999999999941735e-02,1.810000000000000497e-01,1.274000000000000021e+00
9.600000000000008527e-02,1.899999999999999467e-01,1.403999999999999915e+00
6.999999999999850786e-02,8.200000000000007283e-02,1.056999999999999940e+00
8.799999999999918998e-02,1.539999999999999147e-01,1.058999999999999941e+00
9.900000000000019895e-02,1.990000000000000657e-01,1.315999999999999837e+00
7.499999999999928946e-02,1.029999999999999805e-01,1.437999999999999945e+00
7.699999999999995737e-02,1.089999999999999858e-01,1.081999999999999851e+00
7.499999999999928946e-02,9.899999999999997691e-02,7.200000000000000844e-01
7.799999999999940314e-02,1.129999999999999893e-01,1.446999999999999842e+00
9.900000000000019895e-02,1.999999999999999556e-01,1.172999999999999821e+00
9.900000000000019895e-02,1.999999999999999556e-01,1.093999999999999861e+00
8.099999999999951683e-02,1.260000000000001119e-01,1.182999999999999829e+00
9.699999999999953104e-02,1.919999999999999485e-01,1.477999999999999980e+00
9.900000000000019895e-02,1.999999999999999556e-01,1.589999999999999858e+00
9.600000000000008527e-02,1.859999999999999432e-01,9.979999999999999982e-01
9.999999999999964473e-02,2.050000000000000711e-01,1.586999999999999966e+00
8.000000000000007105e-02,1.240000000000001101e-01,1.633000000000000007e+00
7.199999999999917577e-02,8.899999999999996803e-02,1.032000000000000028e+00
8.000000000000007105e-02,1.200000000000001066e-01,1.372999999999999998e+00
7.399999999999984368e-02,9.800000000000008704e-02,7.279999999999999805e-01
9.999999999999964473e-02,2.039999999999999591e-01,1.688999999999999835e+00
9.499999999999886313e-02,1.850000000000000533e-01,1.954999999999999849e+00
9.799999999999897682e-02,1.959999999999999520e-01,1.899000000000000021e+00
7.899999999999884892e-02,1.169999999999999929e-01,6.560000000000000275e-01
7.299999999999862155e-02,9.400000000000008349e-02,1.299999999999999822e+00
9.499999999999886313e-02,1.819999999999999396e-01,1.039999999999999813e+00
7.699999999999995737e-02,1.069999999999999840e-01,9.480000000000000648e-01
8.499999999999907629e-02,1.440000000000001279e-01,1.504999999999999893e+00
8.300000000000018474e-02,1.320000000000001172e-01,1.048999999999999932e+00
6.299999999999883471e-02,5.299999999999993605e-02,9.530000000000000693e-01
9.299999999999997158e-02,1.779999999999999361e-01,1.244999999999999885e+00
9.799999999999897682e-02,1.970000000000000639e-01,1.187999999999999945e+00
9.399999999999941735e-02,1.810000000000000497e-01,1.873999999999999888e+00
7.499999999999928946e-02,1.000000000000000888e-01,7.449999999999999956e-01
8.699999999999974420e-02,1.499999999999999112e-01,1.735999999999999988e+00
7.499999999999928946e-02,1.020000000000000906e-01,8.719999999999999973e-01
9.299999999999997158e-02,1.750000000000000444e-01,1.555999999999999828e+00
7.199999999999917577e-02,9.000000000000007994e-02,1.078999999999999959e+00
9.799999999999897682e-02,1.959999999999999520e-01,1.247999999999999998e+00
8.499999999999907629e-02,1.430000000000000160e-01,7.950000000000000400e-01
6.199999999999938893e-02,4.699999999999993072e-02,9.510000000000000675e-01
7.599999999999873523e-02,1.029999999999999805e-01,1.105999999999999872e+00
7.499999999999928946e-02,1.009999999999999787e-01,1.446999999999999842e+00
8.699999999999974420e-02,1.519999999999999130e-01,1.456999999999999851e+00
6.199999999999938893e-02,4.899999999999993250e-02,1.070999999999999952e+00
9.499999999999886313e-02,1.839999999999999414e-01,1.889000000000000012e+00
1.029999999999997584e-01,2.170000000000000817e-01,8.760000000000000009e-01
8.599999999999852207e-02,1.450000000000000178e-01,1.035999999999999810e+00
6.799999999999961631e-02,7.200000000000006395e-02,9.700000000000000844e-01
8.199999999999896261e-02,1.320000000000001172e-01,1.125000000000000000e+00
8.999999999999985789e-02,1.639999999999999236e-01,1.375000000000000000e+00
7.399999999999984368e-02,9.899999999999997691e-02,1.456999999999999851e+00
9.099999999999930367e-02,1.690000000000000391e-01,1.216999999999999860e+00
7.599999999999873523e-02,1.040000000000000924e-01,1.080999999999999961e+00
7.099999999999972999e-02,8.400000000000007461e-02,1.224999999999999867e+00
9.099999999999930367e-02,1.679999999999999272e-01,9.130000000000000338e-01
9.699999999999953104e-02,1.950000000000000622e-01,1.929999999999999938e+00
9.399999999999941735e-02,1.790000000000000480e-01,1.063999999999999835e+00
7.299999999999862155e-02,9.200000000000008171e-02,9.899999999999999911e-01
9.099999999999930367e-02,1.670000000000000373e-01,1.839999999999999858e+00
7.499999999999928946e-02,1.040000000000000924e-01,1.449999999999999956e+00
9.600000000000008527e-02,1.890000000000000568e-01,1.875000000000000000e+00
9.399999999999941735e-02,1.819999999999999396e-01,2.018000000000000238e+00
8.999999999999985789e-02,1.659999999999999254e-01,1.847999999999999865e+00
9.600000000000008527e-02,1.870000000000000551e-01,9.799999999999999822e-01
8.599999999999852207e-02,1.440000000000001279e-01,8.729999999999999982e-01
9.499999999999886313e-02,1.839999999999999414e-01,2.028000000000000025e+00
7.299999999999862155e-02,9.400000000000008349e-02,1.315999999999999837e+00
8.799999999999918998e-02,1.539999999999999147e-01,1.395999999999999908e+00
8.300000000000018474e-02,1.360000000000001208e-01,1.176999999999999824e+00
7.799999999999940314e-02,1.109999999999999876e-01,8.940000000000000169e-01
9.799999999999897682e-02,1.950000000000000622e-01,9.929999999999999938e-01
7.199999999999917577e-02,8.699999999999996625e-02,1.190999999999999837e+00
8.199999999999896261e-02,1.320000000000001172e-01,1.549999999999999822e+00
9.499999999999886313e-02,1.839999999999999414e-01,1.118999999999999995e+00
1.029999999999997584e-01,2.150000000000000799e-01,1.101999999999999869e+00
8.000000000000007105e-02,1.220000000000001084e-01,6.610000000000000320e-01
8.899999999999863576e-02,1.579999999999999183e-01,1.587999999999999856e+00
9.699999999999953104e-02,1.930000000000000604e-01,1.967999999999999972e+00
6.400000000000005684e-02,5.600000000000004974e-02,1.129999999999999893e+00
8.599999999999852207e-02,1.460000000000001297e-01,1.516999999999999904e+00
9.600000000000008527e-02,1.870000000000000551e-01,1.084999999999999964e+00
9.900000000000019895e-02,2.030000000000000693e-01,1.714999999999999858e+00
8.499999999999907629e-02,1.400000000000001243e-01,1.178999999999999826e+00
9.900000000000019895e-02,1.999999999999999556e-01,9.989999999999999991e-01
8.399999999999963052e-02,1.390000000000000124e-01,1.554999999999999938e+00
8.799999999999918998e-02,1.530000000000000249e-01,1.414999999999999813e+00
9.199999999999874944e-02,1.710000000000000409e-01,9.590000000000000746e-01
8.499999999999907629e-02,1.410000000000000142e-01,1.291999999999999815e+00
9.399999999999941735e-02,1.790000000000000480e-01,1.151000000000000023e+00
9.699999999999953104e-02,1.939999999999999503e-01,1.673999999999999932e+00
8.599999999999852207e-02,1.470000000000000195e-01,1.431999999999999940e+00
9.999999999999964473e-02,2.039999999999999591e-01,1.409999999999999920e+00
9.399999999999941735e-02,1.799999999999999378e-01,1.812999999999999945e+00
9.499999999999886313e-02,1.839999999999999414e-01,1.044999999999999929e+00
9.299999999999997158e-02,1.750000000000000444e-01,1.603999999999999870e+00
8.099999999999951683e-02,1.280000000000001137e-01,1.639000000000000012e+00
1.019999999999985363e-01,2.119999999999999662e-01,1.347999999999999865e+00
8.300000000000018474e-02,1.360000000000001208e-01,1.239999999999999991e+00
8.000000000000007105e-02,1.200000000000001066e-01,9.330000000000000515e-01
8.999999999999985789e-02,1.639999999999999236e-01,1.907999999999999918e+00
6.899999999999906208e-02,7.499999999999995559e-02,1.038999999999999924e+00
6.499999999999950262e-02,5.699999999999993960e-02,1.082999999999999963e+00
8.899999999999863576e-02,1.610000000000000320e-01,1.135999999999999899e+00
5.999999999999872102e-02,3.800000000000003375e-02,1.024000000000000021e+00
7.799999999999940314e-02,1.140000000000001013e-01,1.383000000000000007e+00
8.599999999999852207e-02,1.470000000000000195e-01,9.220000000000000417e-01
8.699999999999974420e-02,1.519999999999999130e-01,1.234999999999999876e+00
8.899999999999863576e-02,1.610000000000000320e-01,1.377000000000000002e+00
9.499999999999886313e-02,1.839999999999999414e-01,1.159999999999999920e+00
9.799999999999897682e-02,1.959999999999999520e-01,2.016999999999999904e+00
9.799999999999897682e-02,1.959999999999999520e-01,1.717999999999999972e+00
7.599999999999873523e-02,1.069999999999999840e-01,1.318999999999999950e+00
8.599999999999852207e-02,1.450000000000000178e-01,1.418999999999999817e+00
9.499999999999886313e-02,1.850000000000000533e-01,1.006999999999999895e+00
8.999999999999985789e-02,1.650000000000000355e-01,1.193999999999999950e+00
7.799999999999940314e-02,1.129999999999999893e-01,1.435999999999999943e+00
7.299999999999862155e-02,9.299999999999997158e-02,1.302999999999999936e+00
7.199999999999917577e-02,9.000000000000007994e-02,1.085999999999999854e+00
8.799999999999918998e-02,1.530000000000000249e-01,1.465999999999999970e+00
9.099999999999930367e-02,1.670000000000000373e-01,1.405000000000000027e+00
8.499999999999907629e-02,1.440000000000001279e-01,1.033999999999999808e+00
9.600000000000008527e-02,1.879999999999999449e-01,1.801999999999999824e+00
9.199999999999874944e-02,1.730000000000000426e-01,1.760000000000000009e+00
9.399999999999941735e-02,1.839999999999999414e-01,2.008000000000000007e+00
8.599999999999852207e-02,1.470000000000000195e-01,1.303999999999999826e+00
6.599999999999894840e-02,6.200000000000005507e-02,1.014000000000000012e+00
9.499999999999886313e-02,1.859999999999999432e-01,1.427999999999999936e+00
9.399999999999941735e-02,1.799999999999999378e-01,1.674999999999999822e+00
8.899999999999863576e-02,1.599999999999999201e-01,1.893999999999999906e+00
5.799999999999982947e-02,3.200000000000002842e-02,9.819999999999999840e-01
9.999999999999964473e-02,2.039999999999999591e-01,1.322999999999999954e+00
1.009999999999990905e-01,2.099999999999999645e-01,1.193999999999999950e+00
8.999999999999985789e-02,1.639999999999999236e-01,1.395000000000000018e+00
6.599999999999894840e-02,6.400000000000005684e-02,1.213999999999999968e+00
9.699999999999953104e-02,1.930000000000000604e-01,1.697999999999999954e+00
9.699999999999953104e-02,1.930000000000000604e-01,1.360999999999999988e+00
8.199999999999896261e-02,1.300000000000001155e-01,6.179999999999999938e-01
6.400000000000005684e-02,5.499999999999993783e-02,1.071999999999999842e+00
9.499999999999886313e-02,1.830000000000000515e-01,1.811999999999999833e+00
6.299999999999883471e-02,5.200000000000004619e-02,1.079999999999999849e+00
7.699999999999995737e-02,1.100000000000000977e-01,1.293999999999999817e+00
9.799999999999897682e-02,1.979999999999999538e-01,1.576999999999999957e+00
7.599999999999873523e-02,1.040000000000000924e-01,1.232999999999999874e+00
6.099999999999994316e-02,4.299999999999992717e-02,9.690000000000000835e-01
8.199999999999896261e-02,1.310000000000000053e-01,1.480999999999999872e+00
1.029999999999997584e-01,2.170000000000000817e-01,1.041999999999999815e+00
8.300000000000018474e-02,1.310000000000000053e-01,8.300000000000000711e-01
7.099999999999972999e-02,8.499999999999996447e-02,9.779999999999999805e-01
7.399999999999984368e-02,9.400000000000008349e-02,9.290000000000000480e-01
9.600000000000008527e-02,1.890000000000000568e-01,1.196999999999999842e+00
9.999999999999964473e-02,2.030000000000000693e-01,1.045999999999999819e+00
6.700000000000017053e-02,6.699999999999994849e-02,1.006999999999999895e+00
8.199999999999896261e-02,1.280000000000001137e-01,7.459999999999999964e-01
9.699999999999953104e-02,1.939999999999999503e-01,9.859999999999999876e-01
9.799999999999897682e-02,1.979999999999999538e-01,1.533999999999999808e+00
9.299999999999997158e-02,1.790000000000000480e-01,1.786999999999999922e+00
6.400000000000005684e-02,5.400000000000004796e-02,1.057999999999999829e+00
8.300000000000018474e-02,1.350000000000000089e-01,1.430999999999999828e+00
9.199999999999874944e-02,1.690000000000000391e-01,9.919999999999999929e-01
7.099999999999972999e-02,8.600000000000007638e-02,1.359999999999999876e+00
6.599999999999894840e-02,6.200000000000005507e-02,1.035999999999999810e+00
9.399999999999941735e-02,1.819999999999999396e-01,1.809999999999999831e+00
7.299999999999862155e-02,9.099999999999996980e-02,7.650000000000000133e-01
9.499999999999886313e-02,1.850000000000000533e-01,1.764000000000000012e+00
9.699999999999953104e-02,1.959999999999999520e-01,2.022000000000000242e+00
1.009999999999990905e-01,2.079999999999999627e-01,1.000999999999999890e+00
9.499999999999886313e-02,1.839999999999999414e-01,1.575999999999999845e+00
9.299999999999997158e-02,1.759999999999999343e-01,1.789999999999999813e+00
7.699999999999995737e-02,1.089999999999999858e-01,1.375000000000000000e+00
9.399999999999941735e-02,1.819999999999999396e-01,1.766000000000000014e+00
8.399999999999963052e-02,1.350000000000000089e-01,7.209999999999999742e-01
7.899999999999884892e-02,1.180000000000001048e-01,1.408999999999999808e+00
7.499999999999928946e-02,1.000000000000000888e-01,1.331999999999999851e+00
7.499999999999928946e-02,1.009999999999999787e-01,8.450000000000000844e-01
9.799999999999897682e-02,1.959999999999999520e-01,1.581999999999999851e+00
7.499999999999928946e-02,1.009999999999999787e-01,1.276000000000000023e+00
9.600000000000008527e-02,1.879999999999999449e-01,1.838999999999999968e+00
8.999999999999985789e-02,1.639999999999999236e-01,1.112999999999999989e+00
6.400000000000005684e-02,5.499999999999993783e-02,8.639999999999999902e-01
9.900000000000019895e-02,2.010000000000000675e-01,1.316999999999999948e+00
7.499999999999928946e-02,1.020000000000000906e-01,1.050999999999999934e+00
7.899999999999884892e-02,1.169999999999999929e-01,1.297999999999999821e+00
8.499999999999907629e-02,1.450000000000000178e-01,1.246999999999999886e+00
8.300000000000018474e-02,1.360000000000001208e-01,1.483999999999999986e+00
6.999999999999850786e-02,7.800000000000006928e-02,1.014000000000000012e+00
8.699999999999974420e-02,1.510000000000000231e-01,6.310000000000000053e-01
8.599999999999852207e-02,1.479999999999999094e-01,1.597999999999999865e+00
8.099999999999951683e-02,1.260000000000001119e-01,1.401000000000000023e+00
8.799999999999918998e-02,1.539999999999999147e-01,1.811999999999999833e+00
9.399999999999941735e-02,1.799999999999999378e-01,1.266000000000000014e+00
7.599999999999873523e-02,1.069999999999999840e-01,1.449999999999999956e+00
8.099999999999951683e-02,1.260000000000001119e-01,1.373999999999999888e+00
8.199999999999896261e-02,1.290000000000000036e-01,1.408999999999999808e+00
1.009999999999990905e-01,2.070000000000000728e-01,9.929999999999999938e-01
7.199999999999917577e-02,9.000000000000007994e-02,1.299999999999999822e+00
8.999999999999985789e-02,1.650000000000000355e-01,1.585999999999999854e+00
9.199999999999874944e-02,1.710000000000000409e-01,1.304999999999999938e+00
7.099999999999972999e-02,8.400000000000007461e-02,9.310000000000000497e-01
8.999999999999985789e-02,1.659999999999999254e-01,1.579999999999999849e+00
7.399999999999984368e-02,9.400000000000008349e-02,9.160000000000000364e-01
8.000000000000007105e-02,1.220000000000001084e-01,7.880000000000000338e-01
8.300000000000018474e-02,1.360000000000001208e-01,1.179999999999999938e+00
8.599999999999852207e-02,1.470000000000000195e-01,1.786999999999999922e+00
7.499999999999928946e-02,1.000000000000000888e-01,1.151999999999999913e+00
7.099999999999972999e-02,8.499999999999996447e-02,1.010000000000000009e+00
8.699999999999974420e-02,1.490000000000000213e-01,1.236999999999999877e+00
8.699999999999974420e-02,1.519999999999999130e-01,1.762999999999999901e+00
9.699999999999953104e-02,1.930000000000000604e-01,1.494999999999999885e+00
7.599999999999873523e-02,1.040000000000000924e-01,1.266999999999999904e+00
6.799999999999961631e-02,6.899999999999995026e-02,8.060000000000000497e-01
8.899999999999863576e-02,1.579999999999999183e-01,1.250999999999999890e+00
7.899999999999884892e-02,1.180000000000001048e-01,1.315999999999999837e+00
7.599999999999873523e-02,1.049999999999999822e-01,1.383999999999999897e+00
8.899999999999863576e-02,1.619999999999999218e-01,1.518000000000000016e+00
8.799999999999918998e-02,1.570000000000000284e-01,1.747999999999999998e+00
5.999999999999872102e-02,3.699999999999992184e-02,9.899999999999999911e-01
8.399999999999963052e-02,1.400000000000001243e-01,1.487999999999999989e+00
7.499999999999928946e-02,1.009999999999999787e-01,9.739999999999999769e-01
7.199999999999917577e-02,8.800000000000007816e-02,1.077999999999999847e+00
6.599999999999894840e-02,6.400000000000005684e-02,1.155000000000000027e+00
9.900000000000019895e-02,1.999999999999999556e-01,1.491999999999999993e+00
7.499999999999928946e-02,1.000000000000000888e-01,8.040000000000000480e-01
8.799999999999918998e-02,1.550000000000000266e-01,1.524000000000000021e+00
6.400000000000005684e-02,5.600000000000004974e-02,1.022000000000000020e+00
8.399999999999963052e-02,1.370000000000000107e-01,9.849999999999999867e-01
7.199999999999917577e-02,8.899999999999996803e-02,1.104999999999999982e+00
8.599999999999852207e-02,1.490000000000000213e-01,1.745999999999999996e+00
6.099999999999994316e-02,4.499999999999992895e-02,1.012000000000000011e+00
5.699999999999860734e-02,2.699999999999991296e-02,9.420000000000000595e-01
8.399999999999963052e-02,1.380000000000001226e-01,1.461999999999999966e+00
7.199999999999917577e-02,8.800000000000007816e-02,1.202999999999999847e+00
7.199999999999917577e-02,8.899999999999996803e-02,9.020000000000000240e-01
7.399999999999984368e-02,9.800000000000008704e-02,7.510000000000000009e-01
7.599999999999873523e-02,1.069999999999999840e-01,1.387999999999999901e+00
9.399999999999941735e-02,1.799999999999999378e-01,1.612999999999999989e+00
7.399999999999984368e-02,9.699999999999997513e-02,8.840000000000000080e-01
8.300000000000018474e-02,1.350000000000000089e-01,9.080000000000000293e-01
9.799999999999897682e-02,1.990000000000000657e-01,1.461999999999999966e+00
9.199999999999874944e-02,1.730000000000000426e-01,1.310999999999999943e+00
5.799999999999982947e-02,3.099999999999991651e-02,9.600000000000000755e-01
9.099999999999930367e-02,1.670000000000000373e-01,1.471999999999999975e+00
8.300000000000018474e-02,1.340000000000001190e-01,1.116999999999999993e+00
9.399999999999941735e-02,1.810000000000000497e-01,1.014000000000000012e+00
9.199999999999874944e-02,1.719999999999999307e-01,1.664999999999999813e+00
8.399999999999963052e-02,1.400000000000001243e-01,1.155999999999999917e+00
6.299999999999883471e-02,5.200000000000004619e-02,1.075999999999999845e+00
6.599999999999894840e-02,6.299999999999994493e-02,1.024000000000000021e+00
8.000000000000007105e-02,1.200000000000001066e-01,1.149999999999999911e+00
7.299999999999862155e-02,9.299999999999997158e-02,1.058999999999999941e+00
9.199999999999874944e-02,1.739999999999999325e-01,1.697999999999999954e+00
9.799999999999897682e-02,1.959999999999999520e-01,1.399999999999999911e+00
9.699999999999953104e-02,1.930000000000000604e-01,1.573999999999999844e+00
7.799999999999940314e-02,1.120000000000000995e-01,1.014999999999999902e+00
6.999999999999850786e-02,8.000000000000007105e-02,9.190000000000000391e-01
8.799999999999918998e-02,1.530000000000000249e-01,1.083999999999999853e+00
7.599999999999873523e-02,1.069999999999999840e-01,1.416999999999999815e+00
6.299999999999883471e-02,5.200000000000004619e-02,1.002999999999999892e+00
7.899999999999884892e-02,1.180000000000001048e-01,1.242999999999999883e+00
8.899999999999863576e-02,1.619999999999999218e-01,1.869999999999999885e+00
8.399999999999963052e-02,1.370000000000000107e-01,1.537999999999999812e+00
7.899999999999884892e-02,1.189999999999999947e-01,1.530000000000000027e+00
9.499999999999886313e-02,1.839999999999999414e-01,1.470999999999999863e+00
7.099999999999972999e-02,8.299999999999996270e-02,8.770000000000000018e-01
6.999999999999850786e-02,7.800000000000006928e-02,1.097999999999999865e+00
6.899999999999906208e-02,7.699999999999995737e-02,1.149999999999999911e+00
9.799999999999897682e-02,1.950000000000000622e-01,1.077999999999999847e+00
8.499999999999907629e-02,1.430000000000000160e-01,1.170999999999999819e+00
7.499999999999928946e-02,1.029999999999999805e-01,1.248999999999999888e+00
7.499999999999928946e-02,1.020000000000000906e-01,1.350999999999999979e+00
7.599999999999873523e-02,1.060000000000000941e-01,1.180999999999999828e+00
8.300000000000018474e-02,1.360000000000001208e-01,1.458999999999999853e+00
7.099999999999972999e-02,8.600000000000007638e-02,1.088999999999999968e+00
9.600000000000008527e-02,1.910000000000000586e-01,2.048000000000000043e+00
9.099999999999930367e-02,1.650000000000000355e-01,1.063999999999999835e+00
9.699999999999953104e-02,1.930000000000000604e-01,1.912999999999999812e+00
8.399999999999963052e-02,1.400000000000001243e-01,1.203999999999999959e+00
9.299999999999997158e-02,1.759999999999999343e-01,1.000999999999999890e+00
8.899999999999863576e-02,1.599999999999999201e-01,1.473999999999999977e+00
6.099999999999994316e-02,4.200000000000003730e-02,9.450000000000000622e-01
8.199999999999896261e-02,1.320000000000001172e-01,1.086999999999999966e+00
8.499999999999907629e-02,1.410000000000000142e-01,1.510000000000000009e+00
9.299999999999997158e-02,1.779999999999999361e-01,1.571999999999999842e+00
8.000000000000007105e-02,1.200000000000001066e-01,7.990000000000000435e-01
7.499999999999928946e-02,9.899999999999997691e-02,9.430000000000000604e-01
7.199999999999917577e-02,8.899999999999996803e-02,9.060000000000000275e-01
8.999999999999985789e-02,1.630000000000000338e-01,1.199999999999999956e+00
8.199999999999896261e-02,1.290000000000000036e-01,1.417999999999999927e+00
8.599999999999852207e-02,1.490000000000000213e-01,1.581999999999999851e+00
6.899999999999906208e-02,7.400000000000006573e-02,9.530000000000000693e-01
8.199999999999896261e-02,1.280000000000001137e-01,1.282999999999999918e+00
9.999999999999964473e-02,2.070000000000000728e-01,1.593999999999999861e+00
7.099999999999972999e-02,8.400000000000007461e-02,8.459999999999999742e-01
8.099999999999951683e-02,1.260000000000001119e-01,1.616999999999999993e+00
9.999999999999964473e-02,2.039999999999999591e-01,1.528000000000000025e+00
9.799999999999897682e-02,1.950000000000000622e-01,1.506000000000000005e+00
9.999999999999964473e-02,2.050000000000000711e-01,1.679999999999999938e+00
7.599999999999873523e-02,1.069999999999999840e-01,1.296999999999999931e+00
8.000000000000007105e-02,1.209999999999999964e-01,9.190000000000000391e-01
9.299999999999997158e-02,1.770000000000000462e-01,1.821999999999999842e+00
6.199999999999938893e-02,4.499999999999992895e-02,9.640000000000000790e-01
6.999999999999850786e-02,8.200000000000007283e-02,1.299999999999999822e+00
8.300000000000018474e-02,1.350000000000000089e-01,8.850000000000000089e-01
8.199999999999896261e-02,1.300000000000001155e-01,1.544999999999999929e+00
8.499999999999907629e-02,1.400000000000001243e-01,6.750000000000000444e-01
8.799999999999918998e-02,1.539999999999999147e-01,9.739999999999999769e-01
7.199999999999917577e-02,8.800000000000007816e-02,1.379999999999999893e+00
9.799999999999897682e-02,1.979999999999999538e-01,1.520999999999999908e+00
9.299999999999997158e-02,1.750000000000000444e-01,1.671999999999999931e+00
7.599999999999873523e-02,1.060000000000000941e-01,9.200000000000000400e-01
7.399999999999984368e-02,9.800000000000008704e-02,1.038999999999999924e+00
8.599999999999852207e-02,1.470000000000000195e-01,1.008000000000000007e+00
9.199999999999874944e-02,1.699999999999999289e-01,6.600000000000000311e-01
8.499999999999907629e-02,1.440000000000001279e-01,9.210000000000000409e-01
7.499999999999928946e-02,1.020000000000000906e-01,1.256999999999999895e+00
8.099999999999951683e-02,1.270000000000000018e-01,1.405999999999999917e+00
6.799999999999961631e-02,7.000000000000006217e-02,8.100000000000000533e-01
9.299999999999997158e-02,1.739999999999999325e-01,8.420000000000000817e-01
7.299999999999862155e-02,9.099999999999996980e-02,7.160000000000000808e-01
9.799999999999897682e-02,1.979999999999999538e-01,1.838999999999999968e+00
7.399999999999984368e-02,9.699999999999997513e-02,1.264000000000000012e+00
9.699999999999953104e-02,1.939999999999999503e-01,1.744999999999999885e+00
7.199999999999917577e-02,8.699999999999996625e-02,1.024999999999999911e+00
9.099999999999930367e-02,1.710000000000000409e-01,1.914999999999999813e+00
6.899999999999906208e-02,7.699999999999995737e-02,8.790000000000000036e-01
8.599999999999852207e-02,1.450000000000000178e-01,1.500999999999999890e+00
7.599999999999873523e-02,1.049999999999999822e-01,8.080000000000000515e-01
6.099999999999994316e-02,4.400000000000003908e-02,9.530000000000000693e-01
9.399999999999941735e-02,1.810000000000000497e-01,1.887999999999999901e+00
7.799999999999940314e-02,1.120000000000000995e-01,8.950000000000000178e-01
8.999999999999985789e-02,1.630000000000000338e-01,1.092999999999999972e+00
9.900000000000019895e-02,2.030000000000000693e-01,1.784999999999999920e+00
8.000000000000007105e-02,1.200000000000001066e-01,1.100999999999999979e+00
7.099999999999972999e-02,8.299999999999996270e-02,1.195999999999999952e+00
9.199999999999874944e-02,1.739999999999999325e-01,1.411999999999999922e+00
9.299999999999997158e-02,1.739999999999999325e-01,1.435999999999999943e+00
9.399999999999941735e-02,1.819999999999999396e-01,2.006000000000000227e+00
9.499999999999886313e-02,1.839999999999999414e-01,9.560000000000000719e-01
7.799999999999940314e-02,1.160000000000001030e-01,1.506000000000000005e+00
8.699999999999974420e-02,1.510000000000000231e-01,1.736999999999999877e+00
8.199999999999896261e-02,1.320000000000001172e-01,1.414999999999999813e+00
8.799999999999918998e-02,1.579999999999999183e-01,1.736999999999999877e+00
9.099999999999930367e-02,1.670000000000000373e-01,1.905999999999999917e+00
8.199999999999896261e-02,1.290000000000000036e-01,1.625999999999999890e+00
8.699999999999974420e-02,1.519999999999999130e-01,1.254000000000000004e+00
9.699999999999953104e-02,1.919999999999999485e-01,1.883999999999999897e+00
9.699999999999953104e-02,1.939999999999999503e-01,1.369999999999999885e+00
9.799999999999897682e-02,1.959999999999999520e-01,1.736999999999999877e+00
7.699999999999995737e-02,1.080000000000000959e-01,1.250000000000000000e+00
7.899999999999884892e-02,1.169999999999999929e-01,8.699999999999999956e-01
8.199999999999896261e-02,1.320000000000001172e-01,1.475999999999999979e+00
1.009999999999990905e-01,2.079999999999999627e-01,1.022000000000000020e+00
8.999999999999985789e-02,1.650000000000000355e-01,1.278999999999999915e+00
8.599999999999852207e-02,1.499999999999999112e-01,1.776000000000000023e+00
1.019999999999985363e-01,2.139999999999999680e-01,1.065999999999999837e+00
7.099999999999972999e-02,8.299999999999996270e-02,1.079999999999999849e+00
9.699999999999953104e-02,1.919999999999999485e-01,8.529999999999999805e-01
9.199999999999874944e-02,1.719999999999999307e-01,1.667999999999999927e+00
9.600000000000008527e-02,1.879999999999999449e-01,1.889999999999999902e+00
7.299999999999862155e-02,9.200000000000008171e-02,1.201999999999999957e+00
7.699999999999995737e-02,1.109999999999999876e-01,1.256000000000000005e+00
8.599999999999852207e-02,1.460000000000001297e-01,1.324999999999999956e+00
9.999999999999964473e-02,2.059999999999999609e-01,9.879999999999999893e-01
1.009999999999990905e-01,2.070000000000000728e-01,1.204999999999999849e+00
8.999999999999985789e-02,1.630000000000000338e-01,1.252999999999999892e+00
8.699999999999974420e-02,1.510000000000000231e-01,1.283999999999999808e+00
7.599999999999873523e-02,1.040000000000000924e-01,1.133000000000000007e+00
8.099999999999951683e-02,1.280000000000001137e-01,1.221999999999999975e+00
8.300000000000018474e-02,1.360000000000001208e-01,1.627999999999999892e+00
7.599999999999873523e-02,1.049999999999999822e-01,7.090000000000000746e-01
7.799999999999940314e-02,1.120000000000000995e-01,1.483999999999999986e+00
6.999999999999850786e-02,7.800000000000006928e-02,9.440000000000000613e-01
7.699999999999995737e-02,1.089999999999999858e-01,1.436999999999999833e+00
9.799999999999897682e-02,1.959999999999999520e-01,1.205999999999999961e+00
7.799999999999940314e-02,1.120000000000000995e-01,9.460000000000000631e-01
6.700000000000017053e-02,6.699999999999994849e-02,7.840000000000000302e-01
9.799999999999897682e-02,1.970000000000000639e-01,9.859999999999999876e-01
8.599999999999852207e-02,1.460000000000001297e-01,9.490000000000000657e-01
9.199999999999874944e-02,1.730000000000000426e-01,9.719999999999999751e-01
1.019999999999985363e-01,2.119999999999999662e-01,1.297999999999999821e+00
9.399999999999941735e-02,1.799999999999999378e-01,1.917999999999999927e+00
1.009999999999990905e-01,2.079999999999999627e-01,8.410000000000000808e-01
5.999999999999872102e-02,4.000000000000003553e-02,9.100000000000000311e-01
7.899999999999884892e-02,1.180000000000001048e-01,9.260000000000000453e-01
8.099999999999951683e-02,1.260000000000001119e-01,1.588999999999999968e+00
6.999999999999850786e-02,7.899999999999995914e-02,1.221999999999999975e+00
7.599999999999873523e-02,1.060000000000000941e-01,1.330999999999999961e+00
8.399999999999963052e-02,1.390000000000000124e-01,1.691999999999999948e+00
9.399999999999941735e-02,1.819999999999999396e-01,2.007000000000000117e+00
8.000000000000007105e-02,1.240000000000001101e-01,1.348999999999999977e+00
8.699999999999974420e-02,1.530000000000000249e-01,1.643999999999999906e+00
9.699999999999953104e-02,1.919999999999999485e-01,1.750999999999999890e+00
8.999999999999985789e-02,1.639999999999999236e-01,9.490000000000000657e-01
6.799999999999961631e-02,7.000000000000006217e-02,8.340000000000000746e-01
7.899999999999884892e-02,1.189999999999999947e-01,1.309999999999999831e+00
8.499999999999907629e-02,1.420000000000001261e-01,1.332999999999999963e+00
8.499999999999907629e-02,1.420000000000001261e-01,1.030000000000000027e+00
1.009999999999990905e-01,2.090000000000000746e-01,1.105999999999999872e+00
7.899999999999884892e-02,1.200000000000001066e-01,1.585999999999999854e+00
8.199999999999896261e-02,1.280000000000001137e-01,1.190999999999999837e+00
8.099999999999951683e-02,1.280000000000001137e-01,1.514000000000000012e+00
9.900000000000019895e-02,2.019999999999999574e-01,1.645000000000000018e+00
8.899999999999863576e-02,1.599999999999999201e-01,9.709999999999999742e-01
9.699999999999953104e-02,1.939999999999999503e-01,1.439999999999999947e+00
1.009999999999990905e-01,2.090000000000000746e-01,1.429999999999999938e+00
7.799999999999940314e-02,1.129999999999999893e-01,8.780000000000000027e-01
7.399999999999984368e-02,9.499999999999997335e-02,7.710000000000000187e-01
9.399999999999941735e-02,1.790000000000000480e-01,1.600999999999999979e+00
8.999999999999985789e-02,1.630000000000000338e-01,1.524999999999999911e+00
8.999999999999985789e-02,1.610000000000000320e-01,9.989999999999999991e-01
8.899999999999863576e-02,1.599999999999999201e-01,1.171999999999999931e+00
9.799999999999897682e-02,1.990000000000000657e-01,1.833999999999999853e+00
8.799999999999918998e-02,1.539999999999999147e-01,1.391000000000000014e+00
8.300000000000018474e-02,1.370000000000000107e-01,1.690999999999999837e+00
9.799999999999897682e-02,1.990000000000000657e-01,1.862999999999999989e+00
9.600000000000008527e-02,1.899999999999999467e-01,1.883000000000000007e+00
5.899999999999927525e-02,3.499999999999992006e-02,9.769999999999999796e-01
9.499999999999886313e-02,1.850000000000000533e-01,9.290000000000000480e-01
7.399999999999984368e-02,9.600000000000008527e-02,7.870000000000000329e-01
6.599999999999894840e-02,6.499999999999994671e-02,9.030000000000000249e-01
9.399999999999941735e-02,1.830000000000000515e-01,1.930999999999999828e+00
7.199999999999917577e-02,8.699999999999996625e-02,1.143999999999999906e+00
6.700000000000017053e-02,6.600000000000005862e-02,1.155999999999999917e+00
8.000000000000007105e-02,1.220000000000001084e-01,1.313999999999999835e+00
7.299999999999862155e-02,9.200000000000008171e-02,9.380000000000000560e-01
8.199999999999896261e-02,1.290000000000000036e-01,1.020000000000000018e+00
8.300000000000018474e-02,1.320000000000001172e-01,7.830000000000000293e-01
7.199999999999917577e-02,8.800000000000007816e-02,1.022000000000000020e+00
9.299999999999997158e-02,1.759999999999999343e-01,1.246999999999999886e+00
7.599999999999873523e-02,1.049999999999999822e-01,1.466999999999999860e+00
9.600000000000008527e-02,1.890000000000000568e-01,2.028000000000000025e+00
9.799999999999897682e-02,1.959999999999999520e-01,1.361999999999999877e+00
9.699999999999953104e-02,1.939999999999999503e-01,1.331999999999999851e+00
8.599999999999852207e-02,1.460000000000001297e-01,1.234999999999999876e+00
9.099999999999930367e-02,1.679999999999999272e-01,8.100000000000000533e-01
6.499999999999950262e-02,6.099999999999994316e-02,8.780000000000000027e-01
7.299999999999862155e-02,9.400000000000008349e-02,1.423999999999999932e+00
9.299999999999997158e-02,1.750000000000000444e-01,1.366999999999999993e+00
9.799999999999897682e-02,1.970000000000000639e-01,9.320000000000000506e-01
1.009999999999990905e-01,2.090000000000000746e-01,9.849999999999999867e-01
8.599999999999852207e-02,1.470000000000000195e-01,1.770000000000000018e+00
9.499999999999886313e-02,1.850000000000000533e-01,1.571999999999999842e+00
9.499999999999886313e-02,1.870000000000000551e-01,1.835999999999999854e+00
9.299999999999997158e-02,1.739999999999999325e-01,1.053999999999999826e+00
8.099999999999951683e-02,1.229999999999999982e-01,8.000000000000000444e-01
8.399999999999963052e-02,1.390000000000000124e-01,1.423999999999999932e+00
6.499999999999950262e-02,6.000000000000005329e-02,9.500000000000000666e-01
9.799999999999897682e-02,1.979999999999999538e-01,1.931999999999999940e+00
9.099999999999930367e-02,1.659999999999999254e-01,1.493999999999999995e+00
8.399999999999963052e-02,1.380000000000001226e-01,8.479999999999999760e-01
9.099999999999930367e-02,1.679999999999999272e-01,1.438999999999999835e+00
7.099999999999972999e-02,8.499999999999996447e-02,1.186999999999999833e+00
9.199999999999874944e-02,1.710000000000000409e-01,1.574999999999999956e+00
6.899999999999906208e-02,7.600000000000006750e-02,1.043999999999999817e+00
7.599999999999873523e-02,1.029999999999999805e-01,9.510000000000000675e-01
9.499999999999886313e-02,1.830000000000000515e-01,1.399000000000000021e+00
6.700000000000017053e-02,6.499999999999994671e-02,8.900000000000000133e-01
8.399999999999963052e-02,1.360000000000001208e-01,7.700000000000000178e-01
7.899999999999884892e-02,1.160000000000001030e-01,6.480000000000000204e-01
5.999999999999872102e-02,3.899999999999992362e-02,9.090000000000000302e-01
6.499999999999950262e-02,5.800000000000005151e-02,1.044999999999999929e+00
9.299999999999997158e-02,1.770000000000000462e-01,1.707999999999999963e+00
5.999999999999872102e-02,3.899999999999992362e-02,9.759999999999999787e-01
8.899999999999863576e-02,1.610000000000000320e-01,1.506000000000000005e+00
8.099999999999951683e-02,1.240000000000001101e-01,6.159999999999999920e-01
9.799999999999897682e-02,1.950000000000000622e-01,1.016999999999999904e+00
7.199999999999917577e-02,9.000000000000007994e-02,1.387000000000000011e+00
6.899999999999906208e-02,7.499999999999995559e-02,1.141999999999999904e+00
8.699999999999974420e-02,1.499999999999999112e-01,1.430999999999999828e+00
9.799999999999897682e-02,1.959999999999999520e-01,1.332999999999999963e+00
9.699999999999953104e-02,1.939999999999999503e-01,1.510000000000000009e+00
9.999999999999964473e-02,2.050000000000000711e-01,1.272000000000000020e+00
8.199999999999896261e-02,1.300000000000001155e-01,8.080000000000000515e-01
8.699999999999974420e-02,1.510000000000000231e-01,1.155000000000000027e+00
7.399999999999984368e-02,9.499999999999997335e-02,1.344999999999999973e+00
9.399999999999941735e-02,1.799999999999999378e-01,1.272999999999999909e+00
8.099999999999951683e-02,1.240000000000001101e-01,1.227999999999999980e+00
7.899999999999884892e-02,1.160000000000001030e-01,7.339999999999999858e-01
6.999999999999850786e-02,8.000000000000007105e-02,1.176999999999999824e+00
7.399999999999984368e-02,9.800000000000008704e-02,1.235999999999999988e+00
7.699999999999995737e-02,1.080000000000000959e-01,1.395000000000000018e+00
8.300000000000018474e-02,1.350000000000000089e-01,1.321999999999999842e+00
9.399999999999941735e-02,1.819999999999999396e-01,1.610999999999999988e+00
6.799999999999961631e-02,7.400000000000006573e-02,1.068999999999999950e+00
9.600000000000008527e-02,1.890000000000000568e-01,2.096000000000000085e+00
1.029999999999997584e-01,2.159999999999999698e-01,1.048999999999999932e+00
7.099999999999972999e-02,8.200000000000007283e-02,9.340000000000000524e-01
8.799999999999918998e-02,1.559999999999999165e-01,9.270000000000000462e-01
9.999999999999964473e-02,2.050000000000000711e-01,1.502999999999999892e+00
7.199999999999917577e-02,8.699999999999996625e-02,8.120000000000000551e-01
6.999999999999850786e-02,8.000000000000007105e-02,1.141999999999999904e+00
7.899999999999884892e-02,1.189999999999999947e-01,1.231999999999999984e+00
8.300000000000018474e-02,1.350000000000000089e-01,1.042999999999999927e+00
9.600000000000008527e-02,1.890000000000000568e-01,1.422999999999999821e+00
7.299999999999862155e-02,9.400000000000008349e-02,7.690000000000000169e-01
9.499999999999886313e-02,1.859999999999999432e-01,1.829999999999999849e+00
8.699999999999974420e-02,1.510000000000000231e-01,1.073999999999999844e+00
7.199999999999917577e-02,9.000000000000007994e-02,1.228999999999999870e+00
8.699999999999974420e-02,1.510000000000000231e-01,1.764999999999999902e+00
8.300000000000018474e-02,1.350000000000000089e-01,1.614999999999999991e+00
9.499999999999886313e-02,1.859999999999999432e-01,1.823999999999999844e+00
8.399999999999963052e-02,1.380000000000001226e-01,1.564999999999999947e+00
9.600000000000008527e-02,1.879999999999999449e-01,1.997999999999999998e+00
9.699999999999953104e-02,1.930000000000000604e-01,1.881000000000000005e+00
7.099999999999972999e-02,8.400000000000007461e-02,1.328999999999999959e+00
8.699999999999974420e-02,1.519999999999999130e-01,1.242999999999999883e+00
6.299999999999883471e-02,5.000000000000004441e-02,9.899999999999999911e-01
9.299999999999997158e-02,1.759999999999999343e-01,1.841999999999999860e+00
7.199999999999917577e-02,8.899999999999996803e-02,1.254999999999999893e+00
7.299999999999862155e-02,9.299999999999997158e-02,9.630000000000000782e-01
6.999999999999850786e-02,8.000000000000007105e-02,1.193999999999999950e+00
9.399999999999941735e-02,1.819999999999999396e-01,1.272999999999999909e+00
8.899999999999863576e-02,1.570000000000000284e-01,9.680000000000000826e-01
9.799999999999897682e-02,1.970000000000000639e-01,1.716999999999999860e+00
7.599999999999873523e-02,1.060000000000000941e-01,1.055999999999999828e+00
8.300000000000018474e-02,1.350000000000000089e-01,1.044999999999999929e+00
8.999999999999985789e-02,1.619999999999999218e-01,1.564999999999999947e+00
9.399999999999941735e-02,1.799999999999999378e-01,1.729999999999999982e+00
9.900000000000019895e-02,2.030000000000000693e-01,1.622999999999999998e+00
8.699999999999974420e-02,1.510000000000000231e-01,1.552999999999999936e+00
9.999999999999964473e-02,2.039999999999999591e-01,1.454999999999999849e+00
8.499999999999907629e-02,1.420000000000001261e-01,1.587999999999999856e+00
9.699999999999953104e-02,1.939999999999999503e-01,1.225999999999999979e+00
7.299999999999862155e-02,9.099999999999996980e-02,1.204999999999999849e+00
9.499999999999886313e-02,1.839999999999999414e-01,1.861999999999999877e+00
8.599999999999852207e-02,1.470000000000000195e-01,1.534999999999999920e+00
7.499999999999928946e-02,1.000000000000000888e-01,1.335999999999999854e+00
9.099999999999930367e-02,1.699999999999999289e-01,1.877000000000000002e+00
8.699999999999974420e-02,1.490000000000000213e-01,9.120000000000000329e-01
7.599999999999873523e-02,1.009999999999999787e-01,5.660000000000000586e-01
7.499999999999928946e-02,1.009999999999999787e-01,6.149999999999999911e-01
6.199999999999938893e-02,4.400000000000003908e-02,7.890000000000000346e-01
6.599999999999894840e-02,3.699999999999992184e-02,4.220000000000000417e-01
7.199999999999917577e-02,7.699999999999995737e-02,5.580000000000000515e-01
6.700000000000017053e-02,4.600000000000004086e-02,4.360000000000000542e-01
6.400000000000005684e-02,4.099999999999992539e-02,5.800000000000000711e-01
6.899999999999906208e-02,6.200000000000005507e-02,5.420000000000000373e-01
7.299999999999862155e-02,8.499999999999996447e-02,5.940000000000000835e-01
6.899999999999906208e-02,7.099999999999995204e-02,7.110000000000000764e-01
7.699999999999995737e-02,1.040000000000000924e-01,5.480000000000000426e-01
6.899999999999906208e-02,7.400000000000006573e-02,6.960000000000000631e-01
6.099999999999994316e-02,3.899999999999992362e-02,8.499999999999999778e-01
6.599999999999894840e-02,6.299999999999994493e-02,7.760000000000000231e-01
6.700000000000017053e-02,6.200000000000005507e-02,6.670000000000000373e-01
6.700000000000017053e-02,6.200000000000005507e-02,6.680000000000000382e-01
6.899999999999906208e-02,7.099999999999995204e-02,6.860000000000000542e-01
7.399999999999984368e-02,9.200000000000008171e-02,6.129999999999999893e-01
6.199999999999938893e-02,3.499999999999992006e-02,6.560000000000000275e-01
6.700000000000017053e-02,5.499999999999993783e-02,5.880000000000000782e-01
6.700000000000017053e-02,6.099999999999994316e-02,6.720000000000000417e-01
7.099999999999972999e-02,8.000000000000007105e-02,6.310000000000000053e-01
6.899999999999906208e-02,7.499999999999995559e-02,6.990000000000000657e-01
6.299999999999883471e-02,4.699999999999993072e-02,8.110000000000000542e-01
7.399999999999984368e-02,9.000000000000007994e-02,5.500000000000000444e-01
6.400000000000005684e-02,4.200000000000003730e-02,6.260000000000000009e-01
6.499999999999950262e-02,5.600000000000004974e-02,7.790000000000000258e-01
6.199999999999938893e-02,3.600000000000003197e-02,7.209999999999999742e-01
6.700000000000017053e-02,5.699999999999993960e-02,5.979999999999999760e-01
6.199999999999938893e-02,3.200000000000002842e-02,6.480000000000000204e-01
7.399999999999984368e-02,8.699999999999996625e-02,5.160000000000000142e-01
6.799999999999961631e-02,5.200000000000004619e-02,4.969999999999999973e-01
7.199999999999917577e-02,8.400000000000007461e-02,6.079999999999999849e-01
7.399999999999984368e-02,9.099999999999996980e-02,6.179999999999999938e-01
6.299999999999883471e-02,4.099999999999992539e-02,7.379999999999999893e-01
6.799999999999961631e-02,6.200000000000005507e-02,6.480000000000000204e-01
6.099999999999994316e-02,3.899999999999992362e-02,7.990000000000000435e-01
6.599999999999894840e-02,5.400000000000004796e-02,6.750000000000000444e-01
6.599999999999894840e-02,5.600000000000004974e-02,6.870000000000000551e-01
7.299999999999862155e-02,8.099999999999996092e-02,5.560000000000000497e-01
5.899999999999927525e-02,3.000000000000002665e-02,8.780000000000000027e-01
6.999999999999850786e-02,7.600000000000006750e-02,6.430000000000000160e-01
6.499999999999950262e-02,5.099999999999993427e-02,7.170000000000000817e-01
7.099999999999972999e-02,7.200000000000006395e-02,5.750000000000000666e-01
6.700000000000017053e-02,6.099999999999994316e-02,6.910000000000000586e-01
6.700000000000017053e-02,4.000000000000003553e-02,3.950000000000000178e-01
5.999999999999872102e-02,3.299999999999991829e-02,7.860000000000000320e-01
5.999999999999872102e-02,3.800000000000003375e-02,8.920000000000000151e-01
7.499999999999928946e-02,9.400000000000008349e-02,5.690000000000000613e-01
6.499999999999950262e-02,4.400000000000003908e-02,5.530000000000000471e-01
5.999999999999872102e-02,3.299999999999991829e-02,8.060000000000000497e-01
6.799999999999961631e-02,6.400000000000005684e-02,6.250000000000000000e-01
6.299999999999883471e-02,3.499999999999992006e-02,6.370000000000000107e-01
6.099999999999994316e-02,3.699999999999992184e-02,8.240000000000000657e-01
6.099999999999994316e-02,3.099999999999991651e-02,6.970000000000000639e-01
6.199999999999938893e-02,3.899999999999992362e-02,7.530000000000000027e-01
6.599999999999894840e-02,4.400000000000003908e-02,5.310000000000000275e-01
6.999999999999850786e-02,4.800000000000004263e-02,2.840000000000000302e-01
5.999999999999872102e-02,3.099999999999991651e-02,7.920000000000000373e-01
6.700000000000017053e-02,5.699999999999993960e-02,6.420000000000000151e-01
7.299999999999862155e-02,9.000000000000007994e-02,6.169999999999999929e-01
6.400000000000005684e-02,3.899999999999992362e-02,5.750000000000000666e-01
6.400000000000005684e-02,4.299999999999992717e-02,6.450000000000000178e-01
6.899999999999906208e-02,5.499999999999993783e-02,3.990000000000000213e-01
6.700000000000017053e-02,5.699999999999993960e-02,5.969999999999999751e-01
6.999999999999850786e-02,7.699999999999995737e-02,6.670000000000000373e-01
7.099999999999972999e-02,8.200000000000007283e-02,7.110000000000000764e-01
6.299999999999883471e-02,3.899999999999992362e-02,7.040000000000000702e-01
6.299999999999883471e-02,3.600000000000003197e-02,6.250000000000000000e-01
6.400000000000005684e-02,4.800000000000004263e-02,6.950000000000000622e-01
6.499999999999950262e-02,3.600000000000003197e-02,4.689999999999999725e-01
6.499999999999950262e-02,3.600000000000003197e-02,4.479999999999999538e-01
6.799999999999961631e-02,6.800000000000006040e-02,7.449999999999999956e-01
6.299999999999883471e-02,4.800000000000004263e-02,7.810000000000000275e-01
6.599999999999894840e-02,4.800000000000004263e-02,5.390000000000000346e-01
6.700000000000017053e-02,6.499999999999994671e-02,7.630000000000000115e-01
6.499999999999950262e-02,3.800000000000003375e-02,4.859999999999999876e-01
6.499999999999950262e-02,3.600000000000003197e-02,4.619999999999999662e-01
6.999999999999850786e-02,7.299999999999995381e-02,6.079999999999999849e-01
7.199999999999917577e-02,7.499999999999995559e-02,4.809999999999999831e-01
6.799999999999961631e-02,6.699999999999994849e-02,7.229999999999999760e-01
6.299999999999883471e-02,3.299999999999991829e-02,5.660000000000000586e-01
6.400000000000005684e-02,3.499999999999992006e-02,5.370000000000000329e-01
7.299999999999862155e-02,8.299999999999996270e-02,5.170000000000000151e-01
7.099999999999972999e-02,8.000000000000007105e-02,6.380000000000000115e-01
5.999999999999872102e-02,3.099999999999991651e-02,8.060000000000000497e-01
6.899999999999906208e-02,6.600000000000005862e-02,6.310000000000000053e-01
6.099999999999994316e-02,4.099999999999992539e-02,8.440000000000000835e-01
6.499999999999950262e-02,3.499999999999992006e-02,4.360000000000000542e-01
6.599999999999894840e-02,4.099999999999992539e-02,4.739999999999999769e-01
7.499999999999928946e-02,8.499999999999996447e-02,4.439999999999999503e-01
6.400000000000005684e-02,5.299999999999993605e-02,7.830000000000000293e-01
6.299999999999883471e-02,5.099999999999993427e-02,8.250000000000000666e-01
6.999999999999850786e-02,6.600000000000005862e-02,5.130000000000000115e-01
6.899999999999906208e-02,6.299999999999994493e-02,5.200000000000000178e-01
6.799999999999961631e-02,5.699999999999993960e-02,5.160000000000000142e-01
6.700000000000017053e-02,4.899999999999993250e-02,4.919999999999999929e-01
6.999999999999850786e-02,6.600000000000005862e-02,5.260000000000000231e-01
6.299999999999883471e-02,4.200000000000003730e-02,7.010000000000000675e-01
6.599999999999894840e-02,5.699999999999993960e-02,6.970000000000000639e-01
6.700000000000017053e-02,5.099999999999993427e-02,5.630000000000000560e-01
6.999999999999850786e-02,7.600000000000006750e-02,6.410000000000000142e-01
6.599999999999894840e-02,4.699999999999993072e-02,5.310000000000000275e-01
6.599999999999894840e-02,5.299999999999993605e-02,6.520000000000000240e-01
6.599999999999894840e-02,5.499999999999993783e-02,6.660000000000000364e-01
7.099999999999972999e-02,8.099999999999996092e-02,6.790000000000000480e-01
5.999999999999872102e-02,3.299999999999991829e-02,8.459999999999999742e-01
6.599999999999894840e-02,5.899999999999994138e-02,7.000000000000000666e-01
6.799999999999961631e-02,5.800000000000005151e-02,5.570000000000000506e-01
7.199999999999917577e-02,7.400000000000006573e-02,4.829999999999999849e-01
6.299999999999883471e-02,3.499999999999992006e-02,6.109999999999999876e-01
6.400000000000005684e-02,5.499999999999993783e-02,7.950000000000000400e-01
5.899999999999927525e-02,3.200000000000002842e-02,8.679999999999999938e-01
6.400000000000005684e-02,5.200000000000004619e-02,8.180000000000000604e-01
6.999999999999850786e-02,5.099999999999993427e-02,2.990000000000000435e-01
6.899999999999906208e-02,5.400000000000004796e-02,4.489999999999999547e-01
6.199999999999938893e-02,3.200000000000002842e-02,6.260000000000000009e-01
7.099999999999972999e-02,7.600000000000006750e-02,6.280000000000000027e-01
6.999999999999850786e-02,6.600000000000005862e-02,5.100000000000000089e-01
6.999999999999850786e-02,7.699999999999995737e-02,7.030000000000000693e-01
6.899999999999906208e-02,7.099999999999995204e-02,6.930000000000000604e-01
6.999999999999850786e-02,6.099999999999994316e-02,4.839999999999999858e-01
6.499999999999950262e-02,3.800000000000003375e-02,4.919999999999999929e-01
6.499999999999950262e-02,3.800000000000003375e-02,4.749999999999999778e-01
6.599999999999894840e-02,4.200000000000003730e-02,4.729999999999999760e-01
6.899999999999906208e-02,7.499999999999995559e-02,7.190000000000000835e-01
6.799999999999961631e-02,6.200000000000005507e-02,6.199999999999999956e-01
7.799999999999940314e-02,1.109999999999999876e-01,5.570000000000000506e-01
5.799999999999982947e-02,2.699999999999991296e-02,8.719999999999999973e-01
7.099999999999972999e-02,7.899999999999995914e-02,6.440000000000000169e-01
6.799999999999961631e-02,4.200000000000003730e-02,3.259999999999999565e-01
6.199999999999938893e-02,3.099999999999991651e-02,6.650000000000000355e-01
6.400000000000005684e-02,4.200000000000003730e-02,6.580000000000000293e-01
6.799999999999961631e-02,4.800000000000004263e-02,4.350000000000000533e-01
6.400000000000005684e-02,4.499999999999992895e-02,6.900000000000000577e-01
6.499999999999950262e-02,5.000000000000004441e-02,6.980000000000000648e-01
7.299999999999862155e-02,8.099999999999996092e-02,5.290000000000000258e-01
6.999999999999850786e-02,6.499999999999994671e-02,5.080000000000000071e-01
5.799999999999982947e-02,2.699999999999991296e-02,8.770000000000000018e-01
6.799999999999961631e-02,5.499999999999993783e-02,5.000000000000000000e-01
6.899999999999906208e-02,7.400000000000006573e-02,7.130000000000000782e-01
6.299999999999883471e-02,4.400000000000003908e-02,7.620000000000000107e-01
6.999999999999850786e-02,6.099999999999994316e-02,3.980000000000000204e-01
6.799999999999961631e-02,7.000000000000006217e-02,7.160000000000000808e-01
6.099999999999994316e-02,3.299999999999991829e-02,7.459999999999999964e-01
5.899999999999927525e-02,2.899999999999991473e-02,8.210000000000000631e-01
7.599999999999873523e-02,1.020000000000000906e-01,5.870000000000000773e-01
7.099999999999972999e-02,7.800000000000006928e-02,5.900000000000000799e-01
6.899999999999906208e-02,7.400000000000006573e-02,7.439999999999999947e-01
6.599999999999894840e-02,4.299999999999992717e-02,4.639999999999999680e-01
6.899999999999906208e-02,6.499999999999994671e-02,6.119999999999999885e-01
6.999999999999850786e-02,7.299999999999995381e-02,6.330000000000000071e-01
6.700000000000017053e-02,3.800000000000003375e-02,3.519999999999999796e-01
6.499999999999950262e-02,5.499999999999993783e-02,7.309999999999999831e-01
6.400000000000005684e-02,3.800000000000003375e-02,6.069999999999999840e-01
6.999999999999850786e-02,6.400000000000005684e-02,4.629999999999999671e-01
6.400000000000005684e-02,4.000000000000003553e-02,6.049999999999999822e-01
7.199999999999917577e-02,8.499999999999996447e-02,6.650000000000000355e-01
6.700000000000017053e-02,6.000000000000005329e-02,6.510000000000000231e-01
6.499999999999950262e-02,4.200000000000003730e-02,5.200000000000000178e-01
6.499999999999950262e-02,5.099999999999993427e-02,6.590000000000000302e-01
6.799999999999961631e-02,5.099999999999993427e-02,4.399999999999999467e-01
6.099999999999994316e-02,3.299999999999991829e-02,6.920000000000000595e-01
7.299999999999862155e-02,7.800000000000006928e-02,4.949999999999999956e-01
6.599999999999894840e-02,4.499999999999992895e-02,4.859999999999999876e-01
5.999999999999872102e-02,3.600000000000003197e-02,8.790000000000000036e-01
7.299999999999862155e-02,8.400000000000007461e-02,5.540000000000000480e-01
6.400000000000005684e-02,4.400000000000003908e-02,6.640000000000000346e-01
5.899999999999927525e-02,3.099999999999991651e-02,9.090000000000000302e-01
6.400000000000005684e-02,4.800000000000004263e-02,7.249999999999999778e-01
6.599999999999894840e-02,4.899999999999993250e-02,5.820000000000000728e-01
6.899999999999906208e-02,7.499999999999995559e-02,7.259999999999999787e-01
7.699999999999995737e-02,1.069999999999999840e-01,6.059999999999999831e-01
6.899999999999906208e-02,5.699999999999993960e-02,4.609999999999999654e-01
6.700000000000017053e-02,4.299999999999992717e-02,3.860000000000000098e-01
6.899999999999906208e-02,5.600000000000004974e-02,4.709999999999999742e-01
6.400000000000005684e-02,4.000000000000003553e-02,5.730000000000000648e-01
6.499999999999950262e-02,4.099999999999992539e-02,5.690000000000000613e-01
7.599999999999873523e-02,1.040000000000000924e-01,6.019999999999999796e-01
7.699999999999995737e-02,1.060000000000000941e-01,5.500000000000000444e-01
6.599999999999894840e-02,5.699999999999993960e-02,6.980000000000000648e-01
6.099999999999994316e-02,3.099999999999991651e-02,7.050000000000000711e-01
6.799999999999961631e-02,6.800000000000006040e-02,7.030000000000000693e-01
6.400000000000005684e-02,5.400000000000004796e-02,8.060000000000000497e-01
5.899999999999927525e-02,3.099999999999991651e-02,8.739999999999999991e-01
7.399999999999984368e-02,9.499999999999997335e-02,6.510000000000000231e-01
6.400000000000005684e-02,4.000000000000003553e-02,6.320000000000000062e-01
6.700000000000017053e-02,5.000000000000004441e-02,4.729999999999999760e-01
7.499999999999928946e-02,9.600000000000008527e-02,5.630000000000000560e-01
6.899999999999906208e-02,6.400000000000005684e-02,5.580000000000000515e-01
6.099999999999994316e-02,3.899999999999992362e-02,7.970000000000000417e-01
7.499999999999928946e-02,9.699999999999997513e-02,6.260000000000000009e-01
6.799999999999961631e-02,5.299999999999993605e-02,5.230000000000000204e-01
6.099999999999994316e-02,3.699999999999992184e-02,7.980000000000000426e-01
7.199999999999917577e-02,8.600000000000007638e-02,6.290000000000000036e-01
7.699999999999995737e-02,1.020000000000000906e-01,5.500000000000000444e-01
6.099999999999994316e-02,4.099999999999992539e-02,8.780000000000000027e-01
6.799999999999961631e-02,6.200000000000005507e-02,5.870000000000000773e-01
6.400000000000005684e-02,4.899999999999993250e-02,7.540000000000000036e-01
7.299999999999862155e-02,8.400000000000007461e-02,5.969999999999999751e-01
7.099999999999972999e-02,7.699999999999995737e-02,6.129999999999999893e-01
5.799999999999982947e-02,2.699999999999991296e-02,9.020000000000000240e-01
7.399999999999984368e-02,8.800000000000007816e-02,5.320000000000000284e-01
6.899999999999906208e-02,5.899999999999994138e-02,4.769999999999999796e-01
5.999999999999872102e-02,3.400000000000003020e-02,8.629999999999999893e-01
6.999999999999850786e-02,7.600000000000006750e-02,7.100000000000000755e-01
6.400000000000005684e-02,4.499999999999992895e-02,6.950000000000000622e-01
6.999999999999850786e-02,6.400000000000005684e-02,5.350000000000000311e-01
7.699999999999995737e-02,9.899999999999997691e-02,5.060000000000000053e-01
7.099999999999972999e-02,7.200000000000006395e-02,5.100000000000000089e-01
6.799999999999961631e-02,5.000000000000004441e-02,4.569999999999999618e-01
6.499999999999950262e-02,3.600000000000003197e-02,4.629999999999999671e-01
6.799999999999961631e-02,6.400000000000005684e-02,6.229999999999999982e-01
6.899999999999906208e-02,6.499999999999994671e-02,5.880000000000000782e-01
6.400000000000005684e-02,3.800000000000003375e-02,5.600000000000000533e-01
6.299999999999883471e-02,3.299999999999991829e-02,5.550000000000000488e-01
6.099999999999994316e-02,3.699999999999992184e-02,8.030000000000000471e-01
6.799999999999961631e-02,5.200000000000004619e-02,4.929999999999999938e-01
7.299999999999862155e-02,8.800000000000007816e-02,6.059999999999999831e-01
7.799999999999940314e-02,1.080000000000000959e-01,5.550000000000000488e-01
7.199999999999917577e-02,8.099999999999996092e-02,6.320000000000000062e-01
7.299999999999862155e-02,8.499999999999996447e-02,5.890000000000000790e-01
6.299999999999883471e-02,3.200000000000002842e-02,5.870000000000000773e-01
6.400000000000005684e-02,3.800000000000003375e-02,5.540000000000000480e-01
5.899999999999927525e-02,3.099999999999991651e-02,8.410000000000000808e-01
6.899999999999906208e-02,5.899999999999994138e-02,4.579999999999999627e-01
6.700000000000017053e-02,6.899999999999995026e-02,1.305999999999999828e+00
5.899999999999927525e-02,3.800000000000003375e-02,1.516000000000000014e+00
6.299999999999883471e-02,5.499999999999993783e-02,1.415999999999999925e+00
6.599999999999894840e-02,6.699999999999994849e-02,1.489999999999999991e+00
8.300000000000018474e-02,1.390000000000000124e-01,2.108999999999999986e+00
6.299999999999883471e-02,5.299999999999993605e-02,1.479999999999999982e+00
6.400000000000005684e-02,5.699999999999993960e-02,1.334999999999999964e+00
6.799999999999961631e-02,7.499999999999995559e-02,1.524999999999999911e+00
8.099999999999951683e-02,1.250000000000000000e-01,1.673999999999999932e+00
9.299999999999997158e-02,1.770000000000000462e-01,2.044999999999999929e+00
6.599999999999894840e-02,6.899999999999995026e-02,1.951999999999999957e+00
7.199999999999917577e-02,9.099999999999996980e-02,1.867999999999999883e+00
5.799999999999982947e-02,3.800000000000003375e-02,2.000000000000000000e+00
8.300000000000018474e-02,1.380000000000001226e-01,1.803999999999999826e+00
5.999999999999872102e-02,4.600000000000004086e-02,1.881000000000000005e+00
6.400000000000005684e-02,6.299999999999994493e-02,1.917999999999999927e+00
6.299999999999883471e-02,6.000000000000005329e-02,2.102999999999999758e+00
7.099999999999972999e-02,8.800000000000007816e-02,1.748999999999999888e+00
6.799999999999961631e-02,7.800000000000006928e-02,1.719999999999999973e+00
6.499999999999950262e-02,6.699999999999994849e-02,2.016999999999999904e+00
6.099999999999994316e-02,4.499999999999992895e-02,1.532999999999999918e+00
6.499999999999950262e-02,6.699999999999994849e-02,2.088999999999999968e+00
8.099999999999951683e-02,1.280000000000001137e-01,1.705999999999999961e+00
5.699999999999860734e-02,2.800000000000002487e-02,1.085999999999999854e+00
5.799999999999982947e-02,3.400000000000003020e-02,1.591999999999999860e+00
7.699999999999995737e-02,1.120000000000000995e-01,1.787999999999999812e+00
8.899999999999863576e-02,1.610000000000000320e-01,2.142999999999999794e+00
6.599999999999894840e-02,7.000000000000006217e-02,1.909999999999999920e+00
7.299999999999862155e-02,9.299999999999997158e-02,1.555999999999999828e+00
6.599999999999894840e-02,6.400000000000005684e-02,1.358999999999999986e+00
7.299999999999862155e-02,9.600000000000008527e-02,1.606999999999999984e+00
8.000000000000007105e-02,1.260000000000001119e-01,2.110999999999999766e+00
8.799999999999918998e-02,1.570000000000000284e-01,2.041999999999999815e+00
7.599999999999873523e-02,1.080000000000000959e-01,1.544999999999999929e+00
8.599999999999852207e-02,1.490000000000000213e-01,2.036999999999999922e+00
5.699999999999860734e-02,3.299999999999991829e-02,1.687999999999999945e+00
5.999999999999872102e-02,4.200000000000003730e-02,1.537999999999999812e+00
7.399999999999984368e-02,1.000000000000000888e-01,1.506999999999999895e+00
7.599999999999873523e-02,1.089999999999999858e-01,1.812999999999999945e+00
6.099999999999994316e-02,5.099999999999993427e-02,2.153999999999999915e+00
6.400000000000005684e-02,6.099999999999994316e-02,1.612999999999999989e+00
6.899999999999906208e-02,7.600000000000006750e-02,1.444999999999999840e+00
7.099999999999972999e-02,8.699999999999996625e-02,1.533999999999999808e+00
7.899999999999884892e-02,1.209999999999999964e-01,1.782999999999999918e+00
7.899999999999884892e-02,1.169999999999999929e-01,1.621999999999999886e+00
6.899999999999906208e-02,7.899999999999995914e-02,1.727999999999999980e+00
6.199999999999938893e-02,4.600000000000004086e-02,1.149000000000000021e+00
7.599999999999873523e-02,1.089999999999999858e-01,1.754000000000000004e+00
8.799999999999918998e-02,1.579999999999999183e-01,1.952999999999999847e+00
7.399999999999984368e-02,1.000000000000000888e-01,1.693999999999999950e+00
5.799999999999982947e-02,3.499999999999992006e-02,1.459999999999999964e+00
9.099999999999930367e-02,1.690000000000000391e-01,2.058999999999999719e+00
6.199999999999938893e-02,4.699999999999993072e-02,1.302999999999999936e+00
5.799999999999982947e-02,3.699999999999992184e-02,1.843999999999999861e+00
5.999999999999872102e-02,4.600000000000004086e-02,2.050999999999999712e+00
7.099999999999972999e-02,8.699999999999996625e-02,1.605999999999999872e+00
6.299999999999883471e-02,5.699999999999993960e-02,1.658999999999999808e+00
6.099999999999994316e-02,5.200000000000004619e-02,2.186999999999999833e+00
5.899999999999927525e-02,4.400000000000003908e-02,2.038999999999999702e+00
6.799999999999961631e-02,8.000000000000007105e-02,2.098999999999999755e+00
7.199999999999917577e-02,9.499999999999997335e-02,1.945999999999999952e+00
5.999999999999872102e-02,4.499999999999992895e-02,1.704999999999999849e+00
7.499999999999928946e-02,1.040000000000000924e-01,1.987999999999999989e+00
6.199999999999938893e-02,5.600000000000004974e-02,1.995999999999999996e+00
5.699999999999860734e-02,3.000000000000002665e-02,1.344999999999999973e+00
5.899999999999927525e-02,4.099999999999992539e-02,1.740999999999999881e+00
5.999999999999872102e-02,5.000000000000004441e-02,2.145999999999999908e+00
6.599999999999894840e-02,6.600000000000005862e-02,1.528000000000000025e+00
6.999999999999850786e-02,7.899999999999995914e-02,1.346999999999999975e+00
6.899999999999906208e-02,8.299999999999996270e-02,1.903000000000000025e+00
5.799999999999982947e-02,3.800000000000003375e-02,2.108000000000000096e+00
6.299999999999883471e-02,5.800000000000005151e-02,1.977999999999999980e+00
6.199999999999938893e-02,4.699999999999993072e-02,1.149999999999999911e+00
7.699999999999995737e-02,1.169999999999999929e-01,2.146999999999999797e+00
7.099999999999972999e-02,8.899999999999996803e-02,1.772999999999999909e+00
8.099999999999951683e-02,1.290000000000000036e-01,1.697999999999999954e+00
6.899999999999906208e-02,8.099999999999996092e-02,1.770999999999999908e+00
6.199999999999938893e-02,5.699999999999993960e-02,2.098999999999999755e+00
6.099999999999994316e-02,5.000000000000004441e-02,2.154999999999999805e+00
8.699999999999974420e-02,1.539999999999999147e-01,1.879999999999999893e+00
8.099999999999951683e-02,1.300000000000001155e-01,1.916999999999999815e+00
5.699999999999860734e-02,2.899999999999991473e-02,1.115999999999999881e+00
6.899999999999906208e-02,8.000000000000007105e-02,1.594999999999999973e+00
7.299999999999862155e-02,9.800000000000008704e-02,2.134999999999999787e+00
5.799999999999982947e-02,4.000000000000003553e-02,1.988999999999999879e+00
6.400000000000005684e-02,5.400000000000004796e-02,1.174999999999999822e+00
6.599999999999894840e-02,6.899999999999995026e-02,1.964999999999999858e+00
5.799999999999982947e-02,3.699999999999992184e-02,1.600999999999999979e+00
8.300000000000018474e-02,1.380000000000001226e-01,2.133999999999999897e+00
9.099999999999930367e-02,1.679999999999999272e-01,1.952999999999999847e+00
7.799999999999940314e-02,1.129999999999999893e-01,1.579999999999999849e+00
7.099999999999972999e-02,8.600000000000007638e-02,1.506999999999999895e+00
6.400000000000005684e-02,6.099999999999994316e-02,1.908999999999999808e+00
6.099999999999994316e-02,4.899999999999993250e-02,1.743999999999999995e+00
5.999999999999872102e-02,3.899999999999992362e-02,1.292999999999999927e+00
8.199999999999896261e-02,1.320000000000001172e-01,1.704999999999999849e+00
8.499999999999907629e-02,1.450000000000000178e-01,1.800999999999999934e+00
7.399999999999984368e-02,9.899999999999997691e-02,1.747999999999999998e+00
6.400000000000005684e-02,6.299999999999994493e-02,1.893999999999999906e+00
5.999999999999872102e-02,5.000000000000004441e-02,2.122999999999999776e+00
7.499999999999928946e-02,1.060000000000000941e-01,1.939999999999999947e+00
8.399999999999963052e-02,1.450000000000000178e-01,2.157999999999999918e+00
8.799999999999918998e-02,1.590000000000000302e-01,2.069999999999999840e+00
6.199999999999938893e-02,5.699999999999993960e-02,2.076999999999999957e+00
6.299999999999883471e-02,5.400000000000004796e-02,1.250000000000000000e+00
7.799999999999940314e-02,1.169999999999999929e-01,2.081999999999999851e+00
5.899999999999927525e-02,3.800000000000003375e-02,1.613999999999999879e+00
7.099999999999972999e-02,8.899999999999996803e-02,1.844999999999999973e+00
5.799999999999982947e-02,3.400000000000003020e-02,1.445999999999999952e+00
5.799999999999982947e-02,3.200000000000002842e-02,1.358999999999999986e+00
7.199999999999917577e-02,9.200000000000008171e-02,1.986999999999999877e+00
6.700000000000017053e-02,7.400000000000006573e-02,2.128000000000000114e+00
6.099999999999994316e-02,4.699999999999993072e-02,1.814999999999999947e+00
6.400000000000005684e-02,5.499999999999993783e-02,1.203999999999999959e+00
8.599999999999852207e-02,1.479999999999999094e-01,1.975999999999999979e+00
5.799999999999982947e-02,3.800000000000003375e-02,2.062999999999999723e+00
6.700000000000017053e-02,7.099999999999995204e-02,1.617999999999999883e+00
6.799999999999961631e-02,7.200000000000006395e-02,1.490999999999999881e+00
7.799999999999940314e-02,1.160000000000001030e-01,1.704999999999999849e+00
6.400000000000005684e-02,5.899999999999994138e-02,1.722999999999999865e+00
7.199999999999917577e-02,8.800000000000007816e-02,1.493999999999999995e+00
6.700000000000017053e-02,7.299999999999995381e-02,1.835999999999999854e+00
8.300000000000018474e-02,1.370000000000000107e-01,1.842999999999999972e+00
8.300000000000018474e-02,1.360000000000001208e-01,1.935999999999999943e+00
7.599999999999873523e-02,1.109999999999999876e-01,2.156000000000000139e+00
7.399999999999984368e-02,9.899999999999997691e-02,1.524999999999999911e+00
6.599999999999894840e-02,7.000000000000006217e-02,1.718999999999999861e+00
9.299999999999997158e-02,1.779999999999999361e-01,2.112999999999999989e+00
6.599999999999894840e-02,6.800000000000006040e-02,1.928999999999999826e+00
6.299999999999883471e-02,5.800000000000005151e-02,1.798999999999999932e+00
5.899999999999927525e-02,4.099999999999992539e-02,1.970999999999999863e+00
6.299999999999883471e-02,5.499999999999993783e-02,1.429999999999999938e+00
6.899999999999906208e-02,7.800000000000006928e-02,1.500000000000000000e+00
6.999999999999850786e-02,8.499999999999996447e-02,1.819999999999999840e+00
7.299999999999862155e-02,9.800000000000008704e-02,2.120999999999999996e+00
6.400000000000005684e-02,6.000000000000005329e-02,1.708999999999999853e+00
7.399999999999984368e-02,1.009999999999999787e-01,1.649000000000000021e+00
6.099999999999994316e-02,4.499999999999992895e-02,1.210999999999999854e+00
8.999999999999985789e-02,1.639999999999999236e-01,2.011000000000000121e+00
5.899999999999927525e-02,4.299999999999992717e-02,1.891000000000000014e+00
6.799999999999961631e-02,7.600000000000006750e-02,1.687999999999999945e+00
8.000000000000007105e-02,1.250000000000000000e-01,1.792999999999999927e+00
6.099999999999994316e-02,4.299999999999992717e-02,1.159999999999999920e+00
6.299999999999883471e-02,6.000000000000005329e-02,2.101999999999999869e+00
6.499999999999950262e-02,6.699999999999994849e-02,1.925999999999999934e+00
6.400000000000005684e-02,6.000000000000005329e-02,1.770999999999999908e+00
6.400000000000005684e-02,6.099999999999994316e-02,1.889999999999999902e+00
6.599999999999894840e-02,7.099999999999995204e-02,2.046999999999999709e+00
5.799999999999982947e-02,3.800000000000003375e-02,1.735999999999999988e+00
5.799999999999982947e-02,3.600000000000003197e-02,1.443999999999999950e+00
7.099999999999972999e-02,9.000000000000007994e-02,1.807999999999999829e+00
5.999999999999872102e-02,4.200000000000003730e-02,1.583999999999999853e+00
5.999999999999872102e-02,4.000000000000003553e-02,1.212999999999999856e+00
6.899999999999906208e-02,7.600000000000006750e-02,1.399000000000000021e+00
5.699999999999860734e-02,2.699999999999991296e-02,9.969999999999999973e-01
7.599999999999873523e-02,1.080000000000000959e-01,1.864999999999999991e+00
6.099999999999994316e-02,5.000000000000004441e-02,1.839999999999999858e+00
6.099999999999994316e-02,4.699999999999993072e-02,1.306999999999999940e+00
6.999999999999850786e-02,8.600000000000007638e-02,1.797999999999999821e+00
6.199999999999938893e-02,4.899999999999993250e-02,1.516000000000000014e+00
7.099999999999972999e-02,8.600000000000007638e-02,1.381999999999999895e+00
8.499999999999907629e-02,1.460000000000001297e-01,1.848999999999999977e+00
5.999999999999872102e-02,4.800000000000004263e-02,1.995999999999999996e+00
7.399999999999984368e-02,1.029999999999999805e-01,1.936999999999999833e+00
6.400000000000005684e-02,6.099999999999994316e-02,1.655000000000000027e+00
6.400000000000005684e-02,5.899999999999994138e-02,1.576999999999999957e+00
6.700000000000017053e-02,7.499999999999995559e-02,1.991999999999999993e+00
6.499999999999950262e-02,6.499999999999994671e-02,1.649000000000000021e+00
6.700000000000017053e-02,7.000000000000006217e-02,1.466999999999999860e+00
6.700000000000017053e-02,6.800000000000006040e-02,1.393999999999999906e+00
7.299999999999862155e-02,9.499999999999997335e-02,1.764000000000000012e+00
6.199999999999938893e-02,5.299999999999993605e-02,1.741999999999999993e+00
9.299999999999997158e-02,1.799999999999999378e-01,2.105999999999999872e+00
8.599999999999852207e-02,1.510000000000000231e-01,2.088000000000000078e+00
6.400000000000005684e-02,5.600000000000004974e-02,1.270999999999999908e+00
7.299999999999862155e-02,9.400000000000008349e-02,1.633000000000000007e+00
6.499999999999950262e-02,6.299999999999994493e-02,1.722999999999999865e+00
6.700000000000017053e-02,7.600000000000006750e-02,2.121999999999999886e+00
5.999999999999872102e-02,4.299999999999992717e-02,1.746999999999999886e+00
6.199999999999938893e-02,5.200000000000004619e-02,1.798999999999999932e+00
6.899999999999906208e-02,7.800000000000006928e-02,1.608999999999999986e+00
6.099999999999994316e-02,4.800000000000004263e-02,1.571999999999999842e+00
7.899999999999884892e-02,1.200000000000001066e-01,2.028000000000000025e+00
6.899999999999906208e-02,7.800000000000006928e-02,1.478999999999999870e+00
7.199999999999917577e-02,9.400000000000008349e-02,2.161000000000000032e+00
7.199999999999917577e-02,9.200000000000008171e-02,1.639999999999999902e+00
6.499999999999950262e-02,6.000000000000005329e-02,1.430999999999999828e+00
5.899999999999927525e-02,4.099999999999992539e-02,1.599999999999999867e+00
5.899999999999927525e-02,4.299999999999992717e-02,1.976999999999999869e+00
6.700000000000017053e-02,7.499999999999995559e-02,1.907999999999999918e+00
5.799999999999982947e-02,3.800000000000003375e-02,2.003000000000000114e+00
7.199999999999917577e-02,9.200000000000008171e-02,1.622999999999999998e+00
6.700000000000017053e-02,7.000000000000006217e-02,1.721999999999999975e+00
8.799999999999918998e-02,1.579999999999999183e-01,2.042999999999999705e+00
7.299999999999862155e-02,9.800000000000008704e-02,1.797999999999999821e+00
7.899999999999884892e-02,1.200000000000001066e-01,1.736999999999999877e+00
6.299999999999883471e-02,6.099999999999994316e-02,2.114999999999999769e+00
6.099999999999994316e-02,4.600000000000004086e-02,1.667999999999999927e+00
6.099999999999994316e-02,4.800000000000004263e-02,1.863999999999999879e+00
8.699999999999974420e-02,1.510000000000000231e-01,1.899000000000000021e+00
8.399999999999963052e-02,1.400000000000001243e-01,1.945999999999999952e+00
6.400000000000005684e-02,6.000000000000005329e-02,1.616999999999999993e+00
7.299999999999862155e-02,9.299999999999997158e-02,1.641000000000000014e+00
6.299999999999883471e-02,5.299999999999993605e-02,1.401000000000000023e+00
6.299999999999883471e-02,5.600000000000004974e-02,1.682999999999999829e+00
7.499999999999928946e-02,1.089999999999999858e-01,2.116999999999999993e+00
7.799999999999940314e-02,1.180000000000001048e-01,2.146999999999999797e+00
6.999999999999850786e-02,8.800000000000007816e-02,2.078999999999999737e+00
5.899999999999927525e-02,4.400000000000003908e-02,2.181999999999999940e+00
5.899999999999927525e-02,3.499999999999992006e-02,1.125000000000000000e+00
6.599999999999894840e-02,7.200000000000006395e-02,2.036999999999999922e+00
6.499999999999950262e-02,6.200000000000005507e-02,1.588999999999999968e+00
5.699999999999860734e-02,3.299999999999991829e-02,1.606999999999999984e+00
8.099999999999951683e-02,1.310000000000000053e-01,2.062999999999999723e+00
7.899999999999884892e-02,1.220000000000001084e-01,2.078999999999999737e+00
6.700000000000017053e-02,7.099999999999995204e-02,1.351999999999999869e+00
7.899999999999884892e-02,1.200000000000001066e-01,1.718999999999999861e+00
5.799999999999982947e-02,3.600000000000003197e-02,1.478999999999999870e+00
6.999999999999850786e-02,8.200000000000007283e-02,1.725999999999999979e+00
9.099999999999930367e-02,1.690000000000000391e-01,2.136000000000000121e+00
6.299999999999883471e-02,5.600000000000004974e-02,1.414999999999999813e+00
7.299999999999862155e-02,9.699999999999997513e-02,1.778000000000000025e+00
5.999999999999872102e-02,4.000000000000003553e-02,1.125000000000000000e+00
6.700000000000017053e-02,7.499999999999995559e-02,2.077999999999999847e+00
7.199999999999917577e-02,9.499999999999997335e-02,2.042999999999999705e+00
7.899999999999884892e-02,1.220000000000001084e-01,2.008000000000000007e+00
9.399999999999941735e-02,1.830000000000000515e-01,2.084000000000000075e+00
7.099999999999972999e-02,8.800000000000007816e-02,1.774999999999999911e+00
6.400000000000005684e-02,5.899999999999994138e-02,1.553999999999999826e+00
8.399999999999963052e-02,1.390000000000000124e-01,1.746999999999999886e+00
6.799999999999961631e-02,7.299999999999995381e-02,1.552999999999999936e+00
5.999999999999872102e-02,4.600000000000004086e-02,1.772999999999999909e+00
6.799999999999961631e-02,7.499999999999995559e-02,1.465999999999999970e+00
9.099999999999930367e-02,1.699999999999999289e-01,2.006000000000000227e+00
8.599999999999852207e-02,1.510000000000000231e-01,2.019000000000000128e+00
8.099999999999951683e-02,1.280000000000001137e-01,1.984999999999999876e+00
8.799999999999918998e-02,1.550000000000000266e-01,1.912999999999999812e+00
5.899999999999927525e-02,3.499999999999992006e-02,1.174999999999999822e+00
6.599999999999894840e-02,6.299999999999994493e-02,1.250999999999999890e+00
6.799999999999961631e-02,7.499999999999995559e-02,1.784999999999999920e+00
7.099999999999972999e-02,8.899999999999996803e-02,2.016000000000000014e+00
8.999999999999985789e-02,1.659999999999999254e-01,2.016000000000000014e+00
6.099999999999994316e-02,4.899999999999993250e-02,1.641000000000000014e+00
6.099999999999994316e-02,4.800000000000004263e-02,1.850999999999999979e+00
9.099999999999930367e-02,1.710000000000000409e-01,2.125000000000000000e+00
7.699999999999995737e-02,1.120000000000000995e-01,1.729999999999999982e+00
6.099999999999994316e-02,4.699999999999993072e-02,1.473999999999999977e+00
5.899999999999927525e-02,4.499999999999992895e-02,2.057999999999999829e+00
7.199999999999917577e-02,9.299999999999997158e-02,1.721999999999999975e+00
8.599999999999852207e-02,1.490000000000000213e-01,2.100999999999999979e+00
6.999999999999850786e-02,8.600000000000007638e-02,1.907000000000000028e+00
6.799999999999961631e-02,7.499999999999995559e-02,1.817999999999999838e+00
8.000000000000007105e-02,1.260000000000001119e-01,1.789999999999999813e+00
8.399999999999963052e-02,1.390000000000000124e-01,1.785999999999999810e+00
9.199999999999874944e-02,1.719999999999999307e-01,2.000999999999999890e+00
6.299999999999883471e-02,5.000000000000004441e-02,1.268999999999999906e+00
5.999999999999872102e-02,3.800000000000003375e-02,1.153000000000000025e+00
5.899999999999927525e-02,4.299999999999992717e-02,2.049999999999999822e+00
5.999999999999872102e-02,4.499999999999992895e-02,1.724999999999999867e+00
5.799999999999982947e-02,3.099999999999991651e-02,1.103999999999999870e+00
5.999999999999872102e-02,4.299999999999992717e-02,1.590999999999999970e+00
6.799999999999961631e-02,7.099999999999995204e-02,1.350999999999999979e+00
7.199999999999917577e-02,9.000000000000007994e-02,1.411999999999999922e+00
5.899999999999927525e-02,4.000000000000003553e-02,1.639000000000000012e+00
7.699999999999995737e-02,1.109999999999999876e-01,1.741999999999999993e+00
5.999999999999872102e-02,4.099999999999992539e-02,1.454999999999999849e+00
7.099999999999972999e-02,9.299999999999997158e-02,2.080000000000000071e+00
7.699999999999995737e-02,1.149999999999999911e-01,1.952999999999999847e+00
7.799999999999940314e-02,1.140000000000001013e-01,1.611999999999999877e+00
8.000000000000007105e-02,1.280000000000001137e-01,2.133000000000000007e+00
6.599999999999894840e-02,6.800000000000006040e-02,1.581999999999999851e+00
6.700000000000017053e-02,7.000000000000006217e-02,1.310999999999999943e+00
5.899999999999927525e-02,3.600000000000003197e-02,1.097999999999999865e+00
7.199999999999917577e-02,9.299999999999997158e-02,1.997999999999999998e+00
6.999999999999850786e-02,8.400000000000007461e-02,1.836999999999999966e+00
8.599999999999852207e-02,1.499999999999999112e-01,1.953999999999999959e+00
6.199999999999938893e-02,4.699999999999993072e-02,1.135999999999999899e+00
6.099999999999994316e-02,5.299999999999993605e-02,2.010000000000000231e+00
6.099999999999994316e-02,4.800000000000004263e-02,1.869999999999999885e+00
7.899999999999884892e-02,1.229999999999999982e-01,2.124000000000000110e+00
7.299999999999862155e-02,9.400000000000008349e-02,1.472999999999999865e+00
5.999999999999872102e-02,4.000000000000003553e-02,1.191999999999999948e+00
5.799999999999982947e-02,3.800000000000003375e-02,1.848999999999999977e+00
8.099999999999951683e-02,1.330000000000000071e-01,2.121999999999999886e+00
6.199999999999938893e-02,5.000000000000004441e-02,1.439999999999999947e+00
7.499999999999928946e-02,1.040000000000000924e-01,1.709999999999999964e+00
8.799999999999918998e-02,1.570000000000000284e-01,2.114999999999999769e+00
8.099999999999951683e-02,1.280000000000001137e-01,1.931999999999999940e+00
6.199999999999938893e-02,4.899999999999993250e-02,1.518999999999999906e+00
8.199999999999896261e-02,1.340000000000001190e-01,2.133999999999999897e+00
5.899999999999927525e-02,3.600000000000003197e-02,1.372999999999999998e+00
7.799999999999940314e-02,1.200000000000001066e-01,2.145999999999999908e+00
5.999999999999872102e-02,4.000000000000003553e-02,1.258999999999999897e+00
9.099999999999930367e-02,1.719999999999999307e-01,2.146999999999999797e+00
5.699999999999860734e-02,3.200000000000002842e-02,1.449999999999999956e+00
6.499999999999950262e-02,6.200000000000005507e-02,1.627000000000000002e+00
6.199999999999938893e-02,4.600000000000004086e-02,1.147999999999999909e+00
7.199999999999917577e-02,9.200000000000008171e-02,1.685999999999999943e+00
8.199999999999896261e-02,1.340000000000001190e-01,2.044999999999999929e+00
7.599999999999873523e-02,1.100000000000000977e-01,1.883999999999999897e+00
8.199999999999896261e-02,1.350000000000000089e-01,2.020000000000000018e+00
6.400000000000005684e-02,5.600000000000004974e-02,1.411999999999999922e+00
7.799999999999940314e-02,1.180000000000001048e-01,2.028000000000000025e+00
5.799999999999982947e-02,4.099999999999992539e-02,2.088000000000000078e+00
8.399999999999963052e-02,1.430000000000000160e-01,1.949999999999999956e+00
7.299999999999862155e-02,9.800000000000008704e-02,1.840999999999999970e+00
6.400000000000005684e-02,6.200000000000005507e-02,2.020000000000000018e+00
5.899999999999927525e-02,3.800000000000003375e-02,1.491999999999999993e+00
7.299999999999862155e-02,9.299999999999997158e-02,1.431999999999999940e+00
7.899999999999884892e-02,1.209999999999999964e-01,1.893000000000000016e+00
7.299999999999862155e-02,9.699999999999997513e-02,2.068000000000000060e+00
6.899999999999906208e-02,8.099999999999996092e-02,1.956999999999999851e+00
6.700000000000017053e-02,7.099999999999995204e-02,1.733999999999999986e+00
5.799999999999982947e-02,3.200000000000002842e-02,1.315999999999999837e+00
5.699999999999860734e-02,3.699999999999992184e-02,2.149000000000000021e+00
5.999999999999872102e-02,4.000000000000003553e-02,1.121999999999999886e+00
6.400000000000005684e-02,6.099999999999994316e-02,1.739999999999999991e+00
8.300000000000018474e-02,1.360000000000001208e-01,1.879999999999999893e+00
5.799999999999982947e-02,3.299999999999991829e-02,1.405999999999999917e+00
8.499999999999907629e-02,1.450000000000000178e-01,2.031000000000000139e+00
7.199999999999917577e-02,9.299999999999997158e-02,1.986999999999999877e+00
6.700000000000017053e-02,7.099999999999995204e-02,1.342999999999999972e+00
7.099999999999972999e-02,8.600000000000007638e-02,1.674999999999999822e+00
6.899999999999906208e-02,8.099999999999996092e-02,1.840999999999999970e+00
6.499999999999950262e-02,6.600000000000005862e-02,1.728999999999999870e+00
6.099999999999994316e-02,4.600000000000004086e-02,1.695999999999999952e+00
6.299999999999883471e-02,5.899999999999994138e-02,1.949999999999999956e+00
5.699999999999860734e-02,3.499999999999992006e-02,1.973999999999999977e+00
6.299999999999883471e-02,5.400000000000004796e-02,1.649999999999999911e+00
6.400000000000005684e-02,5.899999999999994138e-02,1.444999999999999840e+00
6.199999999999938893e-02,5.400000000000004796e-02,1.821999999999999842e+00
5.999999999999872102e-02,4.099999999999992539e-02,1.151000000000000023e+00
8.599999999999852207e-02,1.510000000000000231e-01,2.041999999999999815e+00
5.999999999999872102e-02,4.499999999999992895e-02,1.548999999999999932e+00
8.999999999999985789e-02,1.670000000000000373e-01,2.049999999999999822e+00
8.399999999999963052e-02,1.410000000000000142e-01,1.797999999999999821e+00
9.099999999999930367e-02,1.690000000000000391e-01,2.046999999999999709e+00
8.599999999999852207e-02,1.519999999999999130e-01,2.004999999999999893e+00
6.099999999999994316e-02,4.299999999999992717e-02,1.272999999999999909e+00
6.499999999999950262e-02,6.499999999999994671e-02,1.993999999999999995e+00
7.499999999999928946e-02,1.020000000000000906e-01,1.685999999999999943e+00
5.899999999999927525e-02,4.499999999999992895e-02,2.080000000000000071e+00
8.199999999999896261e-02,1.360000000000001208e-01,2.140000000000000124e+00
7.399999999999984368e-02,1.009999999999999787e-01,1.868999999999999995e+00
5.899999999999927525e-02,4.000000000000003553e-02,1.877999999999999892e+00
5.699999999999860734e-02,2.899999999999991473e-02,1.282000000000000028e+00
6.799999999999961631e-02,7.499999999999995559e-02,1.524999999999999911e+00
5.699999999999860734e-02,3.200000000000002842e-02,1.655000000000000027e+00
5.799999999999982947e-02,3.400000000000003020e-02,1.572999999999999954e+00
8.300000000000018474e-02,1.390000000000000124e-01,2.073999999999999844e+00
7.599999999999873523e-02,1.069999999999999840e-01,1.569999999999999840e+00
5.999999999999872102e-02,3.899999999999992362e-02,1.058999999999999941e+00
7.599999999999873523e-02,1.049999999999999822e-01,1.615999999999999881e+00
6.599999999999894840e-02,6.600000000000005862e-02,1.282999999999999918e+00
5.899999999999927525e-02,3.899999999999992362e-02,1.703999999999999959e+00
6.899999999999906208e-02,7.499999999999995559e-02,1.366999999999999993e+00
6.899999999999906208e-02,8.200000000000007283e-02,2.161000000000000032e+00
7.099999999999972999e-02,8.899999999999996803e-02,1.621999999999999886e+00
8.000000000000007105e-02,1.260000000000001119e-01,1.897999999999999909e+00
7.699999999999995737e-02,1.160000000000001030e-01,2.120999999999999996e+00
7.099999999999972999e-02,8.600000000000007638e-02,1.450999999999999845e+00
8.000000000000007105e-02,1.240000000000001101e-01,1.822999999999999954e+00
5.699999999999860734e-02,3.499999999999992006e-02,1.822999999999999954e+00
6.199999999999938893e-02,5.099999999999993427e-02,1.720999999999999863e+00
7.499999999999928946e-02,1.080000000000000959e-01,1.966999999999999860e+00
6.400000000000005684e-02,5.800000000000005151e-02,1.241999999999999993e+00
6.400000000000005684e-02,6.200000000000005507e-02,1.977999999999999980e+00
7.099999999999972999e-02,8.899999999999996803e-02,1.829999999999999849e+00
6.400000000000005684e-02,5.499999999999993783e-02,1.235999999999999988e+00
6.700000000000017053e-02,7.699999999999995737e-02,2.090999999999999748e+00
6.899999999999906208e-02,7.899999999999995914e-02,1.657999999999999918e+00
5.899999999999927525e-02,4.099999999999992539e-02,1.780000000000000027e+00
6.599999999999894840e-02,7.200000000000006395e-02,2.019000000000000128e+00
5.899999999999927525e-02,3.899999999999992362e-02,1.437999999999999945e+00
7.899999999999884892e-02,1.209999999999999964e-01,1.675999999999999934e+00
6.999999999999850786e-02,8.600000000000007638e-02,1.743999999999999995e+00
5.999999999999872102e-02,5.000000000000004441e-02,2.125999999999999890e+00
5.799999999999982947e-02,3.600000000000003197e-02,1.579999999999999849e+00
6.400000000000005684e-02,6.299999999999994493e-02,2.092000000000000082e+00
8.399999999999963052e-02,1.430000000000000160e-01,2.086999999999999744e+00
7.499999999999928946e-02,1.049999999999999822e-01,2.085999999999999854e+00
7.099999999999972999e-02,8.600000000000007638e-02,1.422999999999999821e+00
8.899999999999863576e-02,1.610000000000000320e-01,2.028000000000000025e+00
6.499999999999950262e-02,6.899999999999995026e-02,2.162999999999999812e+00
5.899999999999927525e-02,4.299999999999992717e-02,1.969999999999999973e+00
7.099999999999972999e-02,8.800000000000007816e-02,1.479999999999999982e+00
8.000000000000007105e-02,1.260000000000001119e-01,1.881999999999999895e+00
5.899999999999927525e-02,4.200000000000003730e-02,1.790999999999999925e+00
8.899999999999863576e-02,1.630000000000000338e-01,1.981999999999999984e+00
8.599999999999852207e-02,1.499999999999999112e-01,1.887999999999999901e+00
6.299999999999883471e-02,5.299999999999993605e-02,1.570999999999999952e+00
6.499999999999950262e-02,6.000000000000005329e-02,1.397999999999999909e+00
6.700000000000017053e-02,7.400000000000006573e-02,1.853999999999999870e+00
6.700000000000017053e-02,7.400000000000006573e-02,1.927999999999999936e+00
6.199999999999938893e-02,4.699999999999993072e-02,1.233999999999999986e+00
5.799999999999982947e-02,4.000000000000003553e-02,1.879000000000000004e+00
5.799999999999982947e-02,3.600000000000003197e-02,1.707999999999999963e+00
6.400000000000005684e-02,6.400000000000005684e-02,2.056000000000000050e+00
6.799999999999961631e-02,7.299999999999995381e-02,1.310999999999999943e+00
7.099999999999972999e-02,8.499999999999996447e-02,1.552999999999999936e+00
5.699999999999860734e-02,3.400000000000003020e-02,1.714999999999999858e+00
8.099999999999951683e-02,1.330000000000000071e-01,2.133999999999999897e+00
7.399999999999984368e-02,1.009999999999999787e-01,1.975999999999999979e+00
8.300000000000018474e-02,1.340000000000001190e-01,1.731999999999999984e+00
7.799999999999940314e-02,1.169999999999999929e-01,2.056999999999999940e+00
7.199999999999917577e-02,9.099999999999996980e-02,1.587999999999999856e+00
6.299999999999883471e-02,5.499999999999993783e-02,1.672999999999999821e+00
6.799999999999961631e-02,7.800000000000006928e-02,1.780000000000000027e+00
5.999999999999872102e-02,4.400000000000003908e-02,1.794999999999999929e+00
8.099999999999951683e-02,1.310000000000000053e-01,2.088999999999999968e+00
7.899999999999884892e-02,1.229999999999999982e-01,2.096000000000000085e+00
5.999999999999872102e-02,4.600000000000004086e-02,1.847999999999999865e+00
5.999999999999872102e-02,4.299999999999992717e-02,1.680999999999999828e+00
6.400000000000005684e-02,6.299999999999994493e-02,2.149000000000000021e+00
6.599999999999894840e-02,6.899999999999995026e-02,1.790999999999999925e+00
6.400000000000005684e-02,5.400000000000004796e-02,1.278999999999999915e+00
7.199999999999917577e-02,9.099999999999996980e-02,1.693999999999999950e+00
5.799999999999982947e-02,3.000000000000002665e-02,1.038999999999999924e+00
6.799999999999961631e-02,7.899999999999995914e-02,2.045999999999999819e+00
6.599999999999894840e-02,6.699999999999994849e-02,1.724999999999999867e+00
7.499999999999928946e-02,1.080000000000000959e-01,2.096999999999999975e+00
7.599999999999873523e-02,1.089999999999999858e-01,1.808999999999999941e+00
5.799999999999982947e-02,3.899999999999992362e-02,1.986999999999999877e+00
6.099999999999994316e-02,4.499999999999992895e-02,1.545999999999999819e+00
5.799999999999982947e-02,3.000000000000002665e-02,1.022999999999999909e+00
8.000000000000007105e-02,1.250000000000000000e-01,1.716999999999999860e+00
6.299999999999883471e-02,5.600000000000004974e-02,1.851999999999999869e+00
6.599999999999894840e-02,7.000000000000006217e-02,1.957999999999999963e+00
5.999999999999872102e-02,3.800000000000003375e-02,1.214999999999999858e+00
6.299999999999883471e-02,6.200000000000005507e-02,2.165000000000000036e+00
8.999999999999985789e-02,1.670000000000000373e-01,2.064999999999999947e+00
6.700000000000017053e-02,7.299999999999995381e-02,2.066999999999999726e+00
8.099999999999951683e-02,1.280000000000001137e-01,2.018000000000000238e+00
5.899999999999927525e-02,4.400000000000003908e-02,1.947999999999999954e+00
7.799999999999940314e-02,1.180000000000001048e-01,1.816999999999999948e+00
5.899999999999927525e-02,3.400000000000003020e-02,1.053999999999999826e+00
7.499999999999928946e-02,1.049999999999999822e-01,1.776000000000000023e+00
6.199999999999938893e-02,4.699999999999993072e-02,1.177999999999999936e+00
7.599999999999873523e-02,1.060000000000000941e-01,1.551999999999999824e+00
5.699999999999860734e-02,3.400000000000003020e-02,1.785999999999999810e+00
7.099999999999972999e-02,9.200000000000008171e-02,1.965999999999999970e+00
6.700000000000017053e-02,7.000000000000006217e-02,1.467999999999999972e+00
6.599999999999894840e-02,6.400000000000005684e-02,1.375000000000000000e+00
5.999999999999872102e-02,4.400000000000003908e-02,1.618999999999999995e+00
7.299999999999862155e-02,9.699999999999997513e-02,2.048999999999999932e+00
5.799999999999982947e-02,3.000000000000002665e-02,1.002999999999999892e+00
6.700000000000017053e-02,7.499999999999995559e-02,1.982999999999999874e+00
7.399999999999984368e-02,1.009999999999999787e-01,1.967999999999999972e+00
6.199999999999938893e-02,5.499999999999993783e-02,2.088999999999999968e+00
5.999999999999872102e-02,4.499999999999992895e-02,1.760999999999999899e+00
7.199999999999917577e-02,9.200000000000008171e-02,1.595999999999999863e+00
7.899999999999884892e-02,1.220000000000001084e-01,1.872999999999999998e+00
6.099999999999994316e-02,4.899999999999993250e-02,1.850999999999999979e+00
8.300000000000018474e-02,1.340000000000001190e-01,1.838999999999999968e+00
5.799999999999982947e-02,3.200000000000002842e-02,1.041999999999999815e+00
6.899999999999906208e-02,7.800000000000006928e-02,1.490999999999999881e+00
7.499999999999928946e-02,1.069999999999999840e-01,2.068000000000000060e+00
6.499999999999950262e-02,6.099999999999994316e-02,1.372999999999999998e+00
7.499999999999928946e-02,1.049999999999999822e-01,2.068000000000000060e+00
6.599999999999894840e-02,7.299999999999995381e-02,2.104999999999999982e+00
7.599999999999873523e-02,1.100000000000000977e-01,1.840999999999999970e+00
7.299999999999862155e-02,9.499999999999997335e-02,1.631999999999999895e+00
8.199999999999896261e-02,1.310000000000000053e-01,1.730999999999999872e+00
8.599999999999852207e-02,1.499999999999999112e-01,2.109999999999999876e+00
6.799999999999961631e-02,7.400000000000006573e-02,1.510000000000000009e+00
6.999999999999850786e-02,8.400000000000007461e-02,1.668999999999999817e+00
8.199999999999896261e-02,1.330000000000000071e-01,2.149999999999999911e+00
7.799999999999940314e-02,1.140000000000001013e-01,1.674999999999999822e+00
6.400000000000005684e-02,5.699999999999993960e-02,1.496999999999999886e+00
5.799999999999982947e-02,3.099999999999991651e-02,1.033999999999999808e+00
6.099999999999994316e-02,4.499999999999992895e-02,1.492999999999999883e+00
5.899999999999927525e-02,3.800000000000003375e-02,1.409999999999999920e+00
5.799999999999982947e-02,3.899999999999992362e-02,2.031000000000000139e+00
5.899999999999927525e-02,4.200000000000003730e-02,2.096000000000000085e+00
6.700000000000017053e-02,7.000000000000006217e-02,1.349999999999999867e+00
5.899999999999927525e-02,4.000000000000003553e-02,1.754999999999999893e+00
6.499999999999950262e-02,6.499999999999994671e-02,2.019000000000000128e+00
8.999999999999985789e-02,1.659999999999999254e-01,1.971999999999999975e+00
6.499999999999950262e-02,6.800000000000006040e-02,2.024999999999999911e+00
7.399999999999984368e-02,9.899999999999997691e-02,1.716999999999999860e+00
7.899999999999884892e-02,1.220000000000001084e-01,2.012999999999999901e+00
7.799999999999940314e-02,1.180000000000001048e-01,1.929999999999999938e+00
7.299999999999862155e-02,9.299999999999997158e-02,1.563999999999999835e+00
6.099999999999994316e-02,4.600000000000004086e-02,1.319999999999999840e+00
7.199999999999917577e-02,9.099999999999996980e-02,1.743999999999999995e+00
8.399999999999963052e-02,1.420000000000001261e-01,1.985999999999999988e+00
6.700000000000017053e-02,7.400000000000006573e-02,2.110999999999999766e+00
5.799999999999982947e-02,3.400000000000003020e-02,1.252000000000000002e+00
5.999999999999872102e-02,3.800000000000003375e-02,1.151000000000000023e+00
7.299999999999862155e-02,9.699999999999997513e-02,1.668999999999999817e+00
6.199999999999938893e-02,5.099999999999993427e-02,1.670999999999999819e+00
5.999999999999872102e-02,4.699999999999993072e-02,2.145000000000000018e+00
6.799999999999961631e-02,7.299999999999995381e-02,1.510999999999999899e+00
5.899999999999927525e-02,4.000000000000003553e-02,1.805999999999999828e+00
5.699999999999860734e-02,2.800000000000002487e-02,1.054999999999999938e+00
7.199999999999917577e-02,8.800000000000007816e-02,1.413999999999999924e+00
6.799999999999961631e-02,7.800000000000006928e-02,1.883999999999999897e+00
6.299999999999883471e-02,5.400000000000004796e-02,1.530999999999999917e+00
5.999999999999872102e-02,4.499999999999992895e-02,1.824999999999999956e+00
8.699999999999974420e-02,1.539999999999999147e-01,1.970999999999999863e+00
6.299999999999883471e-02,5.800000000000005151e-02,2.049999999999999822e+00
6.400000000000005684e-02,5.800000000000005151e-02,1.395999999999999908e+00
6.099999999999994316e-02,4.899999999999993250e-02,1.824999999999999956e+00
6.499999999999950262e-02,6.099999999999994316e-02,1.434999999999999831e+00
8.699999999999974420e-02,1.510000000000000231e-01,1.891000000000000014e+00
7.799999999999940314e-02,1.180000000000001048e-01,2.163999999999999702e+00
6.499999999999950262e-02,6.800000000000006040e-02,2.033999999999999808e+00
6.199999999999938893e-02,4.600000000000004086e-02,1.181999999999999940e+00
6.700000000000017053e-02,6.699999999999994849e-02,1.286999999999999922e+00
8.399999999999963052e-02,1.420000000000001261e-01,1.965999999999999970e+00
6.899999999999906208e-02,8.400000000000007461e-02,2.056999999999999940e+00
6.599999999999894840e-02,7.200000000000006395e-02,2.080000000000000071e+00
6.400000000000005684e-02,6.299999999999994493e-02,1.989999999999999991e+00
8.199999999999896261e-02,1.350000000000000089e-01,2.076000000000000068e+00
6.799999999999961631e-02,7.299999999999995381e-02,1.599999999999999867e+00
8.499999999999907629e-02,1.450000000000000178e-01,2.054999999999999716e+00
6.099999999999994316e-02,4.299999999999992717e-02,1.112999999999999989e+00
6.400000000000005684e-02,5.699999999999993960e-02,1.473999999999999977e+00
6.099999999999994316e-02,4.499999999999992895e-02,1.465999999999999970e+00
8.099999999999951683e-02,1.300000000000001155e-01,1.830999999999999961e+00
8.699999999999974420e-02,1.539999999999999147e-01,1.960999999999999854e+00
7.799999999999940314e-02,1.160000000000001030e-01,1.994999999999999885e+00
6.299999999999883471e-02,5.499999999999993783e-02,1.744999999999999885e+00
6.899999999999906208e-02,8.000000000000007105e-02,1.872999999999999998e+00
7.399999999999984368e-02,1.020000000000000906e-01,1.774999999999999911e+00
8.699999999999974420e-02,1.519999999999999130e-01,2.044999999999999929e+00
6.700000000000017053e-02,6.899999999999995026e-02,1.369999999999999885e+00
8.199999999999896261e-02,1.340000000000001190e-01,1.768000000000000016e+00
6.999999999999850786e-02,8.499999999999996447e-02,1.787999999999999812e+00
6.099999999999994316e-02,5.200000000000004619e-02,2.015000000000000124e+00
8.199999999999896261e-02,1.310000000000000053e-01,1.776000000000000023e+00
6.299999999999883471e-02,5.200000000000004619e-02,1.207999999999999963e+00
6.700000000000017053e-02,7.000000000000006217e-02,1.262000000000000011e+00
6.799999999999961631e-02,7.699999999999995737e-02,1.774999999999999911e+00
8.199999999999896261e-02,1.300000000000001155e-01,1.690999999999999837e+00
7.099999999999972999e-02,8.499999999999996447e-02,1.577999999999999847e+00
5.999999999999872102e-02,4.699999999999993072e-02,2.012000000000000011e+00
7.099999999999972999e-02,8.899999999999996803e-02,1.766000000000000014e+00
6.499999999999950262e-02,6.000000000000005329e-02,1.399000000000000021e+00
6.999999999999850786e-02,8.200000000000007283e-02,1.530000000000000027e+00
5.899999999999927525e-02,3.899999999999992362e-02,1.432999999999999829e+00
6.299999999999883471e-02,5.000000000000004441e-02,1.133000000000000007e+00
6.899999999999906208e-02,8.200000000000007283e-02,1.814999999999999947e+00
8.699999999999974420e-02,1.530000000000000249e-01,2.137999999999999901e+00
6.999999999999850786e-02,8.000000000000007105e-02,1.460999999999999854e+00
7.899999999999884892e-02,1.220000000000001084e-01,1.940999999999999837e+00
5.699999999999860734e-02,3.000000000000002665e-02,1.432999999999999829e+00
6.099999999999994316e-02,5.000000000000004441e-02,1.689999999999999947e+00
5.799999999999982947e-02,4.099999999999992539e-02,2.116999999999999993e+00
6.199999999999938893e-02,4.899999999999993250e-02,1.431999999999999940e+00
7.599999999999873523e-02,1.129999999999999893e-01,2.144000000000000128e+00
7.399999999999984368e-02,1.000000000000000888e-01,1.780000000000000027e+00
6.099999999999994316e-02,4.200000000000003730e-02,1.112999999999999989e+00
6.700000000000017053e-02,6.699999999999994849e-02,1.245999999999999996e+00
6.700000000000017053e-02,7.099999999999995204e-02,1.387000000000000011e+00
5.799999999999982947e-02,3.200000000000002842e-02,1.361999999999999877e+00
7.099999999999972999e-02,8.600000000000007638e-02,1.419999999999999929e+00
7.199999999999917577e-02,9.299999999999997158e-02,1.840999999999999970e+00
6.599999999999894840e-02,6.400000000000005684e-02,1.316999999999999948e+00
6.599999999999894840e-02,7.200000000000006395e-02,2.142999999999999794e+00
8.199999999999896261e-02,1.300000000000001155e-01,1.714999999999999858e+00
6.400000000000005684e-02,6.200000000000005507e-02,2.132000000000000117e+00
7.599999999999873523e-02,1.080000000000000959e-01,1.770999999999999908e+00
7.699999999999995737e-02,1.120000000000000995e-01,1.869999999999999885e+00
6.700000000000017053e-02,7.099999999999995204e-02,1.455999999999999961e+00
6.799999999999961631e-02,7.499999999999995559e-02,1.590999999999999970e+00
7.299999999999862155e-02,9.600000000000008527e-02,1.537999999999999812e+00
6.499999999999950262e-02,5.800000000000005151e-02,1.191999999999999948e+00
7.099999999999972999e-02,8.499999999999996447e-02,1.473999999999999977e+00
8.000000000000007105e-02,1.250000000000000000e-01,2.057999999999999829e+00
6.299999999999883471e-02,5.400000000000004796e-02,1.341999999999999860e+00
6.999999999999850786e-02,8.299999999999996270e-02,1.433999999999999941e+00
6.499999999999950262e-02,6.600000000000005862e-02,1.951999999999999957e+00
7.199999999999917577e-02,9.200000000000008171e-02,1.613999999999999879e+00
6.099999999999994316e-02,4.400000000000003908e-02,1.428999999999999826e+00
6.999999999999850786e-02,8.400000000000007461e-02,1.710999999999999854e+00
7.399999999999984368e-02,9.899999999999997691e-02,1.814999999999999947e+00
9.199999999999874944e-02,1.730000000000000426e-01,2.044999999999999929e+00
6.099999999999994316e-02,4.499999999999992895e-02,1.241999999999999993e+00
5.899999999999927525e-02,3.899999999999992362e-02,1.399999999999999911e+00
8.000000000000007105e-02,1.260000000000001119e-01,2.044000000000000039e+00
6.899999999999906208e-02,8.099999999999996092e-02,1.776999999999999913e+00
6.299999999999883471e-02,5.899999999999994138e-02,2.125000000000000000e+00
5.699999999999860734e-02,3.499999999999992006e-02,1.856999999999999984e+00
7.499999999999928946e-02,1.069999999999999840e-01,1.863999999999999879e+00
5.899999999999927525e-02,3.699999999999992184e-02,1.337999999999999856e+00
7.499999999999928946e-02,1.029999999999999805e-01,1.629999999999999893e+00
6.799999999999961631e-02,7.499999999999995559e-02,1.483999999999999986e+00
5.899999999999927525e-02,4.400000000000003908e-02,2.140000000000000124e+00
8.199999999999896261e-02,1.330000000000000071e-01,1.764999999999999902e+00
6.599999999999894840e-02,6.899999999999995026e-02,1.951999999999999957e+00
8.799999999999918998e-02,1.579999999999999183e-01,1.893999999999999906e+00
6.199999999999938893e-02,5.200000000000004619e-02,1.533999999999999808e+00
8.199999999999896261e-02,1.300000000000001155e-01,1.758999999999999897e+00
7.299999999999862155e-02,9.899999999999997691e-02,2.084000000000000075e+00
5.999999999999872102e-02,3.899999999999992362e-02,1.256000000000000005e+00
7.399999999999984368e-02,9.899999999999997691e-02,1.568999999999999950e+00
6.899999999999906208e-02,8.299999999999996270e-02,2.056999999999999940e+00
5.799999999999982947e-02,3.499999999999992006e-02,1.613999999999999879e+00
5.799999999999982947e-02,3.600000000000003197e-02,1.747999999999999998e+00
7.099999999999972999e-02,8.499999999999996447e-02,1.393000000000000016e+00
6.599999999999894840e-02,7.099999999999995204e-02,1.847999999999999865e+00
8.499999999999907629e-02,1.470000000000000195e-01,1.933999999999999941e+00
6.999999999999850786e-02,8.200000000000007283e-02,1.375999999999999890e+00
8.099999999999951683e-02,1.270000000000000018e-01,1.709999999999999964e+00
7.199999999999917577e-02,8.899999999999996803e-02,1.502000000000000002e+00
7.199999999999917577e-02,9.299999999999997158e-02,1.758000000000000007e+00
6.199999999999938893e-02,5.600000000000004974e-02,2.016000000000000014e+00
7.699999999999995737e-02,1.160000000000001030e-01,2.104000000000000092e+00
8.599999999999852207e-02,1.479999999999999094e-01,1.965999999999999970e+00
7.299999999999862155e-02,9.600000000000008527e-02,1.641999999999999904e+00
6.499999999999950262e-02,6.400000000000005684e-02,1.433999999999999941e+00
6.299999999999883471e-02,5.699999999999993960e-02,1.619999999999999885e+00
5.799999999999982947e-02,3.200000000000002842e-02,1.316999999999999948e+00
6.999999999999850786e-02,8.400000000000007461e-02,1.622999999999999998e+00
8.399999999999963052e-02,1.430000000000000160e-01,1.962999999999999856e+00
6.499999999999950262e-02,5.899999999999994138e-02,1.189999999999999947e+00
7.299999999999862155e-02,9.899999999999997691e-02,1.814999999999999947e+00
6.999999999999850786e-02,8.299999999999996270e-02,1.666999999999999815e+00
8.000000000000007105e-02,1.250000000000000000e-01,1.901999999999999913e+00
6.799999999999961631e-02,8.099999999999996092e-02,2.120000000000000107e+00
6.099999999999994316e-02,4.200000000000003730e-02,1.079999999999999849e+00
5.899999999999927525e-02,4.200000000000003730e-02,1.714999999999999858e+00
8.000000000000007105e-02,1.270000000000000018e-01,1.927999999999999936e+00
6.899999999999906208e-02,8.200000000000007283e-02,1.863999999999999879e+00
7.599999999999873523e-02,1.069999999999999840e-01,1.701999999999999957e+00
7.199999999999917577e-02,9.499999999999997335e-02,1.949999999999999956e+00
8.399999999999963052e-02,1.440000000000001279e-01,2.104999999999999982e+00
7.399999999999984368e-02,1.040000000000000924e-01,2.012000000000000011e+00
7.399999999999984368e-02,1.020000000000000906e-01,2.097999999999999865e+00
7.799999999999940314e-02,1.160000000000001030e-01,1.681999999999999940e+00
6.099999999999994316e-02,4.899999999999993250e-02,1.712999999999999856e+00
6.899999999999906208e-02,8.000000000000007105e-02,1.840999999999999970e+00
6.899999999999906208e-02,7.800000000000006928e-02,1.441999999999999948e+00
6.400000000000005684e-02,6.200000000000005507e-02,1.883999999999999897e+00
5.699999999999860734e-02,3.499999999999992006e-02,1.905999999999999917e+00
7.899999999999884892e-02,1.200000000000001066e-01,1.881999999999999895e+00
5.699999999999860734e-02,3.600000000000003197e-02,1.982999999999999874e+00
5.799999999999982947e-02,3.800000000000003375e-02,1.903000000000000025e+00
6.599999999999894840e-02,7.000000000000006217e-02,1.789999999999999813e+00
6.199999999999938893e-02,4.800000000000004263e-02,1.305999999999999828e+00
6.199999999999938893e-02,5.299999999999993605e-02,1.820999999999999952e+00
5.799999999999982947e-02,3.400000000000003020e-02,1.355999999999999872e+00
6.199999999999938893e-02,4.699999999999993072e-02,1.212999999999999856e+00
6.799999999999961631e-02,7.400000000000006573e-02,1.367999999999999883e+00
5.899999999999927525e-02,4.200000000000003730e-02,1.696999999999999842e+00
6.199999999999938893e-02,5.299999999999993605e-02,1.587999999999999856e+00
5.999999999999872102e-02,4.200000000000003730e-02,1.538999999999999924e+00
7.199999999999917577e-02,8.899999999999996803e-02,1.512999999999999901e+00
6.099999999999994316e-02,5.099999999999993427e-02,2.072000000000000064e+00
6.700000000000017053e-02,7.099999999999995204e-02,1.637999999999999901e+00
6.099999999999994316e-02,4.400000000000003908e-02,1.205999999999999961e+00
7.699999999999995737e-02,1.109999999999999876e-01,1.791999999999999815e+00
7.799999999999940314e-02,1.189999999999999947e-01,1.933999999999999941e+00
8.000000000000007105e-02,1.229999999999999982e-01,1.737999999999999989e+00
6.499999999999950262e-02,6.099999999999994316e-02,1.287999999999999812e+00
7.199999999999917577e-02,9.499999999999997335e-02,1.913999999999999924e+00
7.799999999999940314e-02,1.169999999999999929e-01,2.073999999999999844e+00
6.099999999999994316e-02,4.499999999999992895e-02,1.330999999999999961e+00
7.099999999999972999e-02,8.600000000000007638e-02,1.377000000000000002e+00
7.499999999999928946e-02,1.009999999999999787e-01,1.567999999999999838e+00
7.499999999999928946e-02,1.020000000000000906e-01,1.661999999999999922e+00
6.799999999999961631e-02,7.299999999999995381e-02,1.570999999999999952e+00
5.899999999999927525e-02,4.099999999999992539e-02,1.565999999999999837e+00
5.699999999999860734e-02,2.800000000000002487e-02,1.211999999999999966e+00
8.599999999999852207e-02,1.479999999999999094e-01,1.969999999999999973e+00
8.199999999999896261e-02,1.320000000000001172e-01,1.897000000000000020e+00
7.699999999999995737e-02,1.120000000000000995e-01,1.645999999999999908e+00
8.799999999999918998e-02,1.579999999999999183e-01,1.998999999999999888e+00
6.099999999999994316e-02,5.000000000000004441e-02,1.717999999999999972e+00
6.799999999999961631e-02,7.899999999999995914e-02,1.841999999999999860e+00
6.099999999999994316e-02,4.699999999999993072e-02,1.622999999999999998e+00
6.999999999999850786e-02,8.400000000000007461e-02,1.899000000000000021e+00
8.499999999999907629e-02,1.450000000000000178e-01,1.885000000000000009e+00
6.599999999999894840e-02,7.299999999999995381e-02,2.150999999999999801e+00
9.099999999999930367e-02,1.670000000000000373e-01,1.953999999999999959e+00
6.799999999999961631e-02,7.600000000000006750e-02,1.710999999999999854e+00
8.000000000000007105e-02,1.240000000000001101e-01,1.942999999999999838e+00
9.299999999999997158e-02,1.770000000000000462e-01,2.116000000000000103e+00
6.499999999999950262e-02,6.600000000000005862e-02,2.148000000000000131e+00
5.899999999999927525e-02,4.200000000000003730e-02,1.859999999999999876e+00
8.799999999999918998e-02,1.570000000000000284e-01,2.040000000000000036e+00
6.099999999999994316e-02,4.400000000000003908e-02,1.082999999999999963e+00
8.199999999999896261e-02,1.320000000000001172e-01,1.932999999999999829e+00
8.199999999999896261e-02,1.330000000000000071e-01,1.875999999999999890e+00
7.199999999999917577e-02,9.000000000000007994e-02,1.423999999999999932e+00
5.899999999999927525e-02,3.800000000000003375e-02,1.403999999999999915e+00
5.799999999999982947e-02,3.600000000000003197e-02,1.465999999999999970e+00
5.799999999999982947e-02,3.499999999999992006e-02,1.342999999999999972e+00
8.300000000000018474e-02,1.340000000000001190e-01,1.760999999999999899e+00
7.799999999999940314e-02,1.189999999999999947e-01,1.920999999999999819e+00
6.700000000000017053e-02,7.000000000000006217e-02,1.460999999999999854e+00
6.499999999999950262e-02,6.400000000000005684e-02,1.855999999999999872e+00
6.799999999999961631e-02,7.400000000000006573e-02,1.381000000000000005e+00
6.499999999999950262e-02,6.600000000000005862e-02,1.972999999999999865e+00
6.700000000000017053e-02,7.099999999999995204e-02,1.651999999999999913e+00
6.400000000000005684e-02,6.299999999999994493e-02,1.776000000000000023e+00
5.899999999999927525e-02,3.800000000000003375e-02,1.692999999999999838e+00
8.699999999999974420e-02,1.539999999999999147e-01,1.984999999999999876e+00
7.799999999999940314e-02,1.180000000000001048e-01,1.939999999999999947e+00
6.599999999999894840e-02,6.600000000000005862e-02,1.264000000000000012e+00
5.899999999999927525e-02,3.899999999999992362e-02,1.710999999999999854e+00
6.099999999999994316e-02,5.000000000000004441e-02,2.012999999999999901e+00
7.099999999999972999e-02,8.800000000000007816e-02,1.741999999999999993e+00
7.299999999999862155e-02,9.499999999999997335e-02,1.740999999999999881e+00
6.799999999999961631e-02,7.499999999999995559e-02,1.778999999999999915e+00
6.099999999999994316e-02,4.499999999999992895e-02,1.141999999999999904e+00
6.099999999999994316e-02,4.200000000000003730e-02,1.213999999999999968e+00
6.299999999999883471e-02,5.299999999999993605e-02,1.413999999999999924e+00
6.799999999999961631e-02,7.800000000000006928e-02,2.153000000000000025e+00
6.999999999999850786e-02,8.600000000000007638e-02,1.889999999999999902e+00
7.699999999999995737e-02,1.140000000000001013e-01,1.982999999999999874e+00
8.599999999999852207e-02,1.510000000000000231e-01,2.074999999999999734e+00
6.899999999999906208e-02,8.000000000000007105e-02,1.585999999999999854e+00
6.899999999999906208e-02,7.600000000000006750e-02,1.387999999999999901e+00
5.699999999999860734e-02,3.299999999999991829e-02,1.657999999999999918e+00
5.899999999999927525e-02,3.699999999999992184e-02,1.506999999999999895e+00
6.499999999999950262e-02,6.800000000000006040e-02,2.064999999999999947e+00
7.099999999999972999e-02,8.699999999999996625e-02,1.794999999999999929e+00
8.799999999999918998e-02,1.570000000000000284e-01,1.946999999999999842e+00
6.799999999999961631e-02,7.899999999999995914e-02,2.152000000000000135e+00
7.599999999999873523e-02,1.080000000000000959e-01,1.544999999999999929e+00
5.999999999999872102e-02,4.899999999999993250e-02,2.137000000000000011e+00
6.899999999999906208e-02,8.000000000000007105e-02,1.595999999999999863e+00
5.799999999999982947e-02,3.600000000000003197e-02,1.607999999999999874e+00
7.099999999999972999e-02,8.800000000000007816e-02,1.502000000000000002e+00
8.000000000000007105e-02,1.260000000000001119e-01,1.901999999999999913e+00
6.899999999999906208e-02,7.800000000000006928e-02,1.319999999999999840e+00
8.000000000000007105e-02,1.240000000000001101e-01,1.702999999999999847e+00
6.400000000000005684e-02,6.400000000000005684e-02,1.962999999999999856e+00
8.899999999999863576e-02,1.610000000000000320e-01,1.910999999999999810e+00
6.700000000000017053e-02,7.400000000000006573e-02,1.947999999999999954e+00
6.700000000000017053e-02,7.600000000000006750e-02,2.015000000000000124e+00
8.099999999999951683e-02,1.320000000000001172e-01,2.154999999999999805e+00
9.199999999999874944e-02,1.759999999999999343e-01,2.112999999999999989e+00
6.099999999999994316e-02,4.800000000000004263e-02,1.822999999999999954e+00
5.899999999999927525e-02,3.699999999999992184e-02,1.391000000000000014e+00
6.400000000000005684e-02,5.800000000000005151e-02,1.576999999999999957e+00
5.899999999999927525e-02,4.200000000000003730e-02,1.855999999999999872e+00
8.099999999999951683e-02,1.310000000000000053e-01,2.084999999999999964e+00
7.599999999999873523e-02,1.089999999999999858e-01,1.944999999999999840e+00
7.099999999999972999e-02,8.800000000000007816e-02,1.911999999999999922e+00
6.999999999999850786e-02,8.699999999999996625e-02,2.085999999999999854e+00
5.799999999999982947e-02,3.299999999999991829e-02,1.377000000000000002e+00
5.899999999999927525e-02,4.000000000000003553e-02,1.645000000000000018e+00
5.899999999999927525e-02,4.099999999999992539e-02,1.572999999999999954e+00
8.399999999999963052e-02,1.440000000000001279e-01,2.094999999999999751e+00
5.799999999999982947e-02,3.800000000000003375e-02,1.844999999999999973e+00
6.199999999999938893e-02,4.899999999999993250e-02,1.163999999999999924e+00
8.300000000000018474e-02,1.360000000000001208e-01,1.988999999999999879e+00
6.700000000000017053e-02,7.600000000000006750e-02,2.092999999999999972e+00
9.199999999999874944e-02,1.730000000000000426e-01,2.144000000000000128e+00
7.799999999999940314e-02,1.149999999999999911e-01,1.657000000000000028e+00
6.299999999999883471e-02,5.699999999999993960e-02,1.871999999999999886e+00
5.799999999999982947e-02,3.299999999999991829e-02,1.301999999999999824e+00
6.199999999999938893e-02,5.299999999999993605e-02,1.901999999999999913e+00
8.499999999999907629e-02,1.430000000000000160e-01,1.814999999999999947e+00
7.899999999999884892e-02,1.200000000000001066e-01,1.932999999999999829e+00
6.499999999999950262e-02,6.299999999999994493e-02,1.331999999999999851e+00
6.299999999999883471e-02,5.400000000000004796e-02,1.467999999999999972e+00
7.199999999999917577e-02,9.200000000000008171e-02,1.590999999999999970e+00
6.099999999999994316e-02,4.699999999999993072e-02,1.685999999999999943e+00
6.199999999999938893e-02,5.299999999999993605e-02,1.981999999999999984e+00
8.399999999999963052e-02,1.380000000000001226e-01,1.787999999999999812e+00
6.799999999999961631e-02,7.299999999999995381e-02,1.370999999999999996e+00
6.899999999999906208e-02,7.899999999999995914e-02,1.562999999999999945e+00
7.399999999999984368e-02,1.009999999999999787e-01,1.713999999999999968e+00
5.899999999999927525e-02,3.499999999999992006e-02,1.050999999999999934e+00
6.400000000000005684e-02,5.899999999999994138e-02,1.745999999999999996e+00
6.599999999999894840e-02,7.299999999999995381e-02,2.048999999999999932e+00
5.999999999999872102e-02,4.099999999999992539e-02,1.237999999999999989e+00
6.299999999999883471e-02,5.699999999999993960e-02,1.935999999999999943e+00
7.099999999999972999e-02,8.899999999999996803e-02,1.739999999999999991e+00
7.399999999999984368e-02,1.029999999999999805e-01,1.937999999999999945e+00
6.400000000000005684e-02,5.400000000000004796e-02,1.170999999999999819e+00
6.599999999999894840e-02,6.499999999999994671e-02,1.418999999999999817e+00
7.799999999999940314e-02,1.160000000000001030e-01,1.772999999999999909e+00
8.199999999999896261e-02,1.360000000000001208e-01,2.089999999999999858e+00
8.300000000000018474e-02,1.390000000000000124e-01,2.145000000000000018e+00
5.799999999999982947e-02,3.499999999999992006e-02,1.564999999999999947e+00
6.400000000000005684e-02,6.200000000000005507e-02,2.019000000000000128e+00
8.699999999999974420e-02,1.539999999999999147e-01,1.982999999999999874e+00
6.099999999999994316e-02,4.499999999999992895e-02,1.491999999999999993e+00
6.599999999999894840e-02,6.699999999999994849e-02,1.576999999999999957e+00
7.599999999999873523e-02,1.120000000000000995e-01,2.094999999999999751e+00
6.499999999999950262e-02,6.099999999999994316e-02,1.296999999999999931e+00
6.099999999999994316e-02,4.600000000000004086e-02,1.293999999999999817e+00
7.799999999999940314e-02,1.180000000000001048e-01,2.092999999999999972e+00
8.799999999999918998e-02,1.570000000000000284e-01,2.014000000000000234e+00
7.799999999999940314e-02,1.140000000000001013e-01,1.741999999999999993e+00
7.299999999999862155e-02,1.000000000000000888e-01,1.990999999999999881e+00
9.099999999999930367e-02,1.699999999999999289e-01,1.972999999999999865e+00
6.599999999999894840e-02,7.000000000000006217e-02,2.024000000000000021e+00
8.099999999999951683e-02,1.270000000000000018e-01,1.706999999999999851e+00
6.099999999999994316e-02,4.699999999999993072e-02,1.478999999999999870e+00
5.699999999999860734e-02,3.099999999999991651e-02,1.354999999999999982e+00
5.899999999999927525e-02,3.400000000000003020e-02,1.043999999999999817e+00
8.300000000000018474e-02,1.370000000000000107e-01,1.780000000000000027e+00
8.199999999999896261e-02,1.320000000000001172e-01,2.002000000000000224e+00
5.799999999999982947e-02,4.200000000000003730e-02,2.173000000000000043e+00
5.699999999999860734e-02,3.200000000000002842e-02,1.651000000000000023e+00
8.899999999999863576e-02,1.630000000000000338e-01,2.072000000000000064e+00
6.499999999999950262e-02,6.499999999999994671e-02,1.778000000000000025e+00
8.399999999999963052e-02,1.400000000000001243e-01,1.897999999999999909e+00
8.999999999999985789e-02,1.659999999999999254e-01,1.984999999999999876e+00
6.400000000000005684e-02,6.299999999999994493e-02,1.942999999999999838e+00
7.399999999999984368e-02,1.000000000000000888e-01,1.839999999999999858e+00
6.099999999999994316e-02,4.899999999999993250e-02,1.696999999999999842e+00
6.599999999999894840e-02,6.299999999999994493e-02,1.340999999999999970e+00
8.899999999999863576e-02,1.639999999999999236e-01,2.092000000000000082e+00
5.999999999999872102e-02,3.800000000000003375e-02,1.077999999999999847e+00
5.899999999999927525e-02,3.800000000000003375e-02,1.260000000000000009e+00
6.599999999999894840e-02,6.800000000000006040e-02,1.522000000000000020e+00
7.699999999999995737e-02,1.140000000000001013e-01,2.032000000000000028e+00
6.899999999999906208e-02,8.299999999999996270e-02,1.877999999999999892e+00
6.400000000000005684e-02,6.299999999999994493e-02,1.789999999999999813e+00
7.599999999999873523e-02,1.089999999999999858e-01,1.914999999999999813e+00
6.799999999999961631e-02,7.400000000000006573e-02,1.581999999999999851e+00
5.999999999999872102e-02,4.699999999999993072e-02,1.833999999999999853e+00
6.499999999999950262e-02,6.600000000000005862e-02,1.774000000000000021e+00
8.199999999999896261e-02,1.310000000000000053e-01,1.867999999999999883e+00
7.799999999999940314e-02,1.169999999999999929e-01,1.930999999999999828e+00
5.799999999999982947e-02,3.800000000000003375e-02,1.778999999999999915e+00
7.899999999999884892e-02,1.169999999999999929e-01,1.629000000000000004e+00
8.099999999999951683e-02,1.270000000000000018e-01,1.685999999999999943e+00
6.499999999999950262e-02,6.299999999999994493e-02,1.551999999999999824e+00
8.999999999999985789e-02,1.639999999999999236e-01,1.980999999999999872e+00
6.199999999999938893e-02,4.800000000000004263e-02,1.161999999999999922e+00
9.199999999999874944e-02,1.730000000000000426e-01,1.998999999999999888e+00
7.199999999999917577e-02,9.400000000000008349e-02,2.032999999999999918e+00
5.999999999999872102e-02,4.099999999999992539e-02,1.216999999999999860e+00
5.899999999999927525e-02,4.200000000000003730e-02,2.044000000000000039e+00
6.099999999999994316e-02,5.099999999999993427e-02,2.132000000000000117e+00
6.899999999999906208e-02,8.299999999999996270e-02,1.877000000000000002e+00
6.099999999999994316e-02,4.699999999999993072e-02,1.512999999999999901e+00
7.199999999999917577e-02,9.299999999999997158e-02,1.693999999999999950e+00
5.799999999999982947e-02,3.899999999999992362e-02,1.981999999999999984e+00
7.199999999999917577e-02,9.400000000000008349e-02,1.816999999999999948e+00
6.199999999999938893e-02,4.800000000000004263e-02,1.256000000000000005e+00
6.299999999999883471e-02,6.000000000000005329e-02,1.973999999999999977e+00
6.799999999999961631e-02,8.099999999999996092e-02,2.161000000000000032e+00
5.899999999999927525e-02,4.000000000000003553e-02,1.689999999999999947e+00
7.099999999999972999e-02,8.400000000000007461e-02,1.479999999999999982e+00
8.599999999999852207e-02,1.490000000000000213e-01,1.969999999999999973e+00
9.399999999999941735e-02,1.799999999999999378e-01,2.041999999999999815e+00
6.799999999999961631e-02,7.499999999999995559e-02,1.486999999999999877e+00
7.199999999999917577e-02,8.800000000000007816e-02,1.445999999999999952e+00
6.099999999999994316e-02,5.299999999999993605e-02,2.134999999999999787e+00
5.999999999999872102e-02,4.699999999999993072e-02,1.808999999999999941e+00
8.399999999999963052e-02,1.410000000000000142e-01,1.929999999999999938e+00
6.899999999999906208e-02,8.299999999999996270e-02,2.121999999999999886e+00
7.399999999999984368e-02,9.800000000000008704e-02,1.713999999999999968e+00
8.000000000000007105e-02,1.260000000000001119e-01,1.936999999999999833e+00
6.299999999999883471e-02,5.400000000000004796e-02,1.419999999999999929e+00
8.899999999999863576e-02,1.599999999999999201e-01,1.919999999999999929e+00
7.499999999999928946e-02,1.040000000000000924e-01,1.720999999999999863e+00
6.999999999999850786e-02,8.299999999999996270e-02,1.578999999999999959e+00
6.499999999999950262e-02,6.099999999999994316e-02,1.526999999999999913e+00
7.199999999999917577e-02,8.899999999999996803e-02,1.556999999999999940e+00
9.099999999999930367e-02,1.690000000000000391e-01,1.974999999999999867e+00
8.300000000000018474e-02,1.350000000000000089e-01,1.856999999999999984e+00
6.700000000000017053e-02,7.299999999999995381e-02,2.020999999999999908e+00
5.999999999999872102e-02,3.699999999999992184e-02,1.050999999999999934e+00
6.299999999999883471e-02,6.200000000000005507e-02,2.158999999999999808e+00
7.799999999999940314e-02,1.189999999999999947e-01,1.965999999999999970e+00
6.799999999999961631e-02,7.800000000000006928e-02,2.097999999999999865e+00
6.400000000000005684e-02,6.299999999999994493e-02,1.984999999999999876e+00
5.899999999999927525e-02,3.800000000000003375e-02,1.473999999999999977e+00
7.099999999999972999e-02,8.400000000000007461e-02,1.435999999999999943e+00
6.099999999999994316e-02,4.600000000000004086e-02,1.583999999999999853e+00
9.099999999999930367e-02,1.699999999999999289e-01,2.068000000000000060e+00
7.199999999999917577e-02,8.800000000000007816e-02,1.417999999999999927e+00
6.299999999999883471e-02,5.600000000000004974e-02,1.921999999999999931e+00
5.799999999999982947e-02,3.099999999999991651e-02,1.139999999999999902e+00
6.999999999999850786e-02,8.499999999999996447e-02,1.692999999999999838e+00
5.999999999999872102e-02,4.299999999999992717e-02,1.740999999999999881e+00
7.899999999999884892e-02,1.229999999999999982e-01,2.144000000000000128e+00
6.599999999999894840e-02,7.000000000000006217e-02,2.066999999999999726e+00
8.000000000000007105e-02,1.220000000000001084e-01,1.671999999999999931e+00
6.299999999999883471e-02,5.600000000000004974e-02,1.823999999999999844e+00
7.399999999999984368e-02,1.029999999999999805e-01,1.965999999999999970e+00
5.999999999999872102e-02,4.600000000000004086e-02,1.897999999999999909e+00
6.700000000000017053e-02,7.400000000000006573e-02,1.952999999999999847e+00
8.000000000000007105e-02,1.209999999999999964e-01,1.641000000000000014e+00
6.199999999999938893e-02,5.099999999999993427e-02,1.620999999999999996e+00
7.299999999999862155e-02,9.800000000000008704e-02,1.853999999999999870e+00
5.999999999999872102e-02,4.400000000000003908e-02,1.739999999999999991e+00
6.999999999999850786e-02,8.499999999999996447e-02,1.738999999999999879e+00
6.199999999999938893e-02,5.299999999999993605e-02,1.801999999999999824e+00
7.799999999999940314e-02,1.140000000000001013e-01,1.617999999999999883e+00
8.099999999999951683e-02,1.300000000000001155e-01,1.873999999999999888e+00
7.599999999999873523e-02,1.060000000000000941e-01,1.516999999999999904e+00
7.099999999999972999e-02,8.699999999999996625e-02,1.657999999999999918e+00
6.299999999999883471e-02,6.099999999999994316e-02,2.120999999999999996e+00
7.399999999999984368e-02,9.699999999999997513e-02,1.449999999999999956e+00
6.899999999999906208e-02,8.400000000000007461e-02,2.054999999999999716e+00
6.999999999999850786e-02,8.699999999999996625e-02,2.134999999999999787e+00
6.999999999999850786e-02,8.400000000000007461e-02,1.700999999999999845e+00
7.699999999999995737e-02,1.129999999999999893e-01,2.092000000000000082e+00
6.099999999999994316e-02,5.099999999999993427e-02,1.987999999999999989e+00
5.899999999999927525e-02,3.600000000000003197e-02,1.051999999999999824e+00
5.799999999999982947e-02,3.600000000000003197e-02,1.940999999999999837e+00
7.199999999999917577e-02,8.899999999999996803e-02,1.609999999999999876e+00
8.799999999999918998e-02,1.590000000000000302e-01,2.007000000000000117e+00
5.899999999999927525e-02,3.400000000000003020e-02,1.155000000000000027e+00
6.799999999999961631e-02,7.600000000000006750e-02,1.627000000000000002e+00
7.399999999999984368e-02,1.029999999999999805e-01,1.855999999999999872e+00
6.999999999999850786e-02,8.299999999999996270e-02,1.573999999999999844e+00
5.799999999999982947e-02,2.899999999999991473e-02,1.002000000000000002e+00
5.899999999999927525e-02,4.299999999999992717e-02,2.132000000000000117e+00
6.899999999999906208e-02,8.200000000000007283e-02,2.018000000000000238e+00
6.499999999999950262e-02,6.699999999999994849e-02,2.010000000000000231e+00
7.099999999999972999e-02,9.000000000000007994e-02,2.034999999999999698e+00
7.499999999999928946e-02,1.080000000000000959e-01,2.070999999999999730e+00
6.599999999999894840e-02,6.899999999999995026e-02,1.747999999999999998e+00
5.899999999999927525e-02,4.000000000000003553e-02,1.688999999999999835e+00
6.700000000000017053e-02,7.200000000000006395e-02,1.666999999999999815e+00
6.499999999999950262e-02,6.800000000000006040e-02,2.110999999999999766e+00
8.000000000000007105e-02,1.229999999999999982e-01,1.814999999999999947e+00
7.299999999999862155e-02,9.800000000000008704e-02,1.772000000000000020e+00
6.099999999999994316e-02,5.200000000000004619e-02,2.142999999999999794e+00
7.099999999999972999e-02,9.099999999999996980e-02,1.883999999999999897e+00
5.799999999999982947e-02,3.600000000000003197e-02,1.480999999999999872e+00
6.400000000000005684e-02,5.600000000000004974e-02,1.391999999999999904e+00
8.099999999999951683e-02,1.310000000000000053e-01,2.038999999999999702e+00
7.799999999999940314e-02,1.180000000000001048e-01,2.064000000000000057e+00
6.899999999999906208e-02,7.899999999999995914e-02,1.667999999999999927e+00
7.499999999999928946e-02,1.020000000000000906e-01,1.496999999999999886e+00
8.699999999999974420e-02,1.559999999999999165e-01,2.053999999999999826e+00
6.599999999999894840e-02,6.600000000000005862e-02,1.440999999999999837e+00
5.999999999999872102e-02,4.699999999999993072e-02,1.926999999999999824e+00
5.799999999999982947e-02,3.099999999999991651e-02,1.143999999999999906e+00
6.899999999999906208e-02,7.800000000000006928e-02,1.603999999999999870e+00
7.099999999999972999e-02,8.699999999999996625e-02,1.475999999999999979e+00
9.499999999999886313e-02,1.859999999999999432e-01,2.138999999999999790e+00
6.799999999999961631e-02,7.800000000000006928e-02,1.750000000000000000e+00
7.599999999999873523e-02,1.109999999999999876e-01,1.938999999999999835e+00
8.699999999999974420e-02,1.539999999999999147e-01,2.152000000000000135e+00
7.599999999999873523e-02,1.080000000000000959e-01,1.581999999999999851e+00
8.199999999999896261e-02,1.330000000000000071e-01,1.841999999999999860e+00
8.000000000000007105e-02,1.240000000000001101e-01,1.692999999999999838e+00
8.399999999999963052e-02,1.410000000000000142e-01,2.058999999999999719e+00
7.699999999999995737e-02,1.129999999999999893e-01,2.105999999999999872e+00
6.499999999999950262e-02,6.299999999999994493e-02,1.612999999999999989e+00
7.899999999999884892e-02,1.220000000000001084e-01,2.093999999999999861e+00
6.400000000000005684e-02,5.800000000000005151e-02,1.571999999999999842e+00
5.999999999999872102e-02,4.499999999999992895e-02,2.060999999999999943e+00
8.799999999999918998e-02,1.570000000000000284e-01,1.954999999999999849e+00
6.099999999999994316e-02,4.400000000000003908e-02,1.415999999999999925e+00
8.300000000000018474e-02,1.380000000000001226e-01,2.158999999999999808e+00
7.899999999999884892e-02,1.209999999999999964e-01,2.028999999999999915e+00
8.000000000000007105e-02,1.220000000000001084e-01,1.785999999999999810e+00
6.799999999999961631e-02,7.299999999999995381e-02,1.583999999999999853e+00
7.599999999999873523e-02,1.060000000000000941e-01,1.561999999999999833e+00
9.399999999999941735e-02,1.810000000000000497e-01,2.110999999999999766e+00
6.700000000000017053e-02,7.099999999999995204e-02,1.498999999999999888e+00
7.699999999999995737e-02,1.129999999999999893e-01,1.837999999999999856e+00
8.799999999999918998e-02,1.599999999999999201e-01,2.064999999999999947e+00
5.799999999999982947e-02,3.099999999999991651e-02,1.260000000000000009e+00
9.299999999999997158e-02,1.779999999999999361e-01,2.028000000000000025e+00
6.599999999999894840e-02,7.000000000000006217e-02,1.752000000000000002e+00
8.899999999999863576e-02,1.619999999999999218e-01,2.040000000000000036e+00
6.199999999999938893e-02,4.600000000000004086e-02,1.213999999999999968e+00
9.099999999999930367e-02,1.699999999999999289e-01,2.133000000000000007e+00
7.399999999999984368e-02,1.009999999999999787e-01,1.697999999999999954e+00
6.599999999999894840e-02,6.600000000000005862e-02,1.270000000000000018e+00
6.400000000000005684e-02,5.499999999999993783e-02,1.283999999999999808e+00
7.099999999999972999e-02,9.000000000000007994e-02,2.048999999999999932e+00
6.400000000000005684e-02,5.600000000000004974e-02,1.403999999999999915e+00
8.300000000000018474e-02,1.390000000000000124e-01,2.068999999999999950e+00
5.799999999999982947e-02,3.200000000000002842e-02,1.048999999999999932e+00
7.799999999999940314e-02,1.169999999999999929e-01,1.835999999999999854e+00
6.400000000000005684e-02,5.699999999999993960e-02,1.262000000000000011e+00
5.799999999999982947e-02,4.099999999999992539e-02,2.113999999999999879e+00
6.999999999999850786e-02,8.800000000000007816e-02,2.049999999999999822e+00
6.599999999999894840e-02,7.000000000000006217e-02,1.811999999999999833e+00
5.899999999999927525e-02,4.000000000000003553e-02,1.502999999999999892e+00
7.799999999999940314e-02,1.180000000000001048e-01,1.998999999999999888e+00
8.300000000000018474e-02,1.370000000000000107e-01,1.903000000000000025e+00
6.899999999999906208e-02,8.099999999999996092e-02,2.036999999999999922e+00
7.399999999999984368e-02,9.699999999999997513e-02,1.594999999999999973e+00
8.199999999999896261e-02,1.310000000000000053e-01,1.856999999999999984e+00
7.899999999999884892e-02,1.180000000000001048e-01,1.688999999999999835e+00
7.099999999999972999e-02,8.400000000000007461e-02,1.412999999999999812e+00
6.599999999999894840e-02,7.099999999999995204e-02,2.078999999999999737e+00
8.199999999999896261e-02,1.340000000000001190e-01,1.924999999999999822e+00
6.299999999999883471e-02,5.200000000000004619e-02,1.221999999999999975e+00
7.499999999999928946e-02,1.009999999999999787e-01,1.516000000000000014e+00
7.099999999999972999e-02,8.699999999999996625e-02,1.401999999999999913e+00
7.099999999999972999e-02,8.800000000000007816e-02,1.903999999999999915e+00
6.299999999999883471e-02,5.499999999999993783e-02,1.409999999999999920e+00
8.799999999999918998e-02,1.570000000000000284e-01,2.076000000000000068e+00
6.299999999999883471e-02,5.600000000000004974e-02,1.678999999999999826e+00
8.199999999999896261e-02,1.340000000000001190e-01,1.868999999999999995e+00
7.299999999999862155e-02,9.800000000000008704e-02,1.893000000000000016e+00
7.799999999999940314e-02,1.169999999999999929e-01,1.674999999999999822e+00
9.299999999999997158e-02,1.770000000000000462e-01,2.149999999999999911e+00
8.300000000000018474e-02,1.360000000000001208e-01,1.826999999999999957e+00
7.599999999999873523e-02,1.080000000000000959e-01,1.614999999999999991e+00
5.999999999999872102e-02,4.000000000000003553e-02,1.074999999999999956e+00
5.999999999999872102e-02,4.499999999999992895e-02,1.885000000000000009e+00
6.499999999999950262e-02,6.200000000000005507e-02,1.423999999999999932e+00
8.399999999999963052e-02,1.380000000000001226e-01,1.797999999999999821e+00
6.899999999999906208e-02,7.899999999999995914e-02,1.452999999999999847e+00
6.199999999999938893e-02,5.400000000000004796e-02,1.756000000000000005e+00
5.799999999999982947e-02,3.499999999999992006e-02,1.611999999999999877e+00
7.699999999999995737e-02,1.109999999999999876e-01,1.823999999999999844e+00
5.899999999999927525e-02,3.699999999999992184e-02,1.160999999999999810e+00
5.999999999999872102e-02,4.099999999999992539e-02,1.383000000000000007e+00
6.999999999999850786e-02,8.000000000000007105e-02,1.488999999999999879e+00
7.299999999999862155e-02,9.600000000000008527e-02,1.598999999999999977e+00
5.699999999999860734e-02,2.800000000000002487e-02,9.889999999999999902e-01
7.699999999999995737e-02,1.120000000000000995e-01,1.579999999999999849e+00
8.000000000000007105e-02,1.270000000000000018e-01,2.142999999999999794e+00
6.700000000000017053e-02,7.000000000000006217e-02,1.432999999999999829e+00
6.499999999999950262e-02,6.699999999999994849e-02,1.958999999999999853e+00
6.999999999999850786e-02,8.499999999999996447e-02,2.020000000000000018e+00
6.099999999999994316e-02,5.099999999999993427e-02,1.966999999999999860e+00
6.899999999999906208e-02,7.899999999999995914e-02,2.259999999999999787e+00
8.499999999999907629e-02,1.430000000000000160e-01,2.250000000000000000e+00
6.400000000000005684e-02,6.400000000000005684e-02,2.217999999999999972e+00
8.999999999999985789e-02,1.659999999999999254e-01,2.199999999999999734e+00
5.799999999999982947e-02,4.000000000000003553e-02,2.206999999999999851e+00
8.999999999999985789e-02,1.630000000000000338e-01,2.206999999999999851e+00
8.499999999999907629e-02,1.470000000000000195e-01,2.181999999999999940e+00
9.499999999999886313e-02,1.870000000000000551e-01,2.157999999999999918e+00
8.300000000000018474e-02,1.390000000000000124e-01,2.201999999999999957e+00
7.499999999999928946e-02,1.080000000000000959e-01,2.214999999999999858e+00
8.199999999999896261e-02,1.340000000000001190e-01,2.235999999999999766e+00
9.299999999999997158e-02,1.799999999999999378e-01,2.173999999999999932e+00
8.999999999999985789e-02,1.639999999999999236e-01,2.177999999999999936e+00
7.899999999999884892e-02,1.229999999999999982e-01,2.187999999999999723e+00
9.099999999999930367e-02,1.670000000000000373e-01,2.266000000000000014e+00
7.499999999999928946e-02,1.060000000000000941e-01,2.223999999999999755e+00
6.099999999999994316e-02,4.699999999999993072e-02,2.327999999999999847e+00
8.599999999999852207e-02,1.470000000000000195e-01,2.217000000000000082e+00
9.099999999999930367e-02,1.710000000000000409e-01,2.154999999999999805e+00
7.499999999999928946e-02,1.069999999999999840e-01,2.205999999999999961e+00
7.899999999999884892e-02,1.209999999999999964e-01,2.213000000000000078e+00
7.699999999999995737e-02,1.089999999999999858e-01,2.314000000000000057e+00
8.599999999999852207e-02,1.479999999999999094e-01,2.199999999999999734e+00
8.799999999999918998e-02,1.570000000000000284e-01,2.233999999999999986e+00
6.499999999999950262e-02,6.800000000000006040e-02,2.221000000000000085e+00
7.199999999999917577e-02,9.299999999999997158e-02,2.227999999999999758e+00
8.899999999999863576e-02,1.619999999999999218e-01,2.201999999999999957e+00
9.099999999999930367e-02,1.699999999999999289e-01,2.167999999999999705e+00
8.699999999999974420e-02,1.510000000000000231e-01,2.267999999999999794e+00
8.099999999999951683e-02,1.280000000000001137e-01,2.210999999999999854e+00
8.599999999999852207e-02,1.450000000000000178e-01,2.270999999999999908e+00
7.699999999999995737e-02,1.149999999999999911e-01,2.177999999999999936e+00
6.499999999999950262e-02,6.499999999999994671e-02,2.274000000000000021e+00
8.000000000000007105e-02,1.229999999999999982e-01,2.286999999999999922e+00
9.600000000000008527e-02,1.870000000000000551e-01,2.186999999999999833e+00
8.300000000000018474e-02,1.360000000000001208e-01,2.231999999999999762e+00
8.599999999999852207e-02,1.460000000000001297e-01,2.253000000000000114e+00
8.599999999999852207e-02,1.499999999999999112e-01,2.167999999999999705e+00
9.299999999999997158e-02,1.759999999999999343e-01,2.197999999999999954e+00
6.799999999999961631e-02,7.899999999999995914e-02,2.182999999999999829e+00
6.400000000000005684e-02,5.899999999999994138e-02,2.271999999999999797e+00
7.899999999999884892e-02,1.189999999999999947e-01,2.284999999999999698e+00
8.799999999999918998e-02,1.550000000000000266e-01,2.230999999999999872e+00
8.000000000000007105e-02,1.229999999999999982e-01,2.265000000000000124e+00
7.499999999999928946e-02,1.040000000000000924e-01,2.231999999999999762e+00
6.400000000000005684e-02,5.699999999999993960e-02,2.338000000000000078e+00
8.199999999999896261e-02,1.310000000000000053e-01,2.225000000000000089e+00
7.899999999999884892e-02,1.160000000000001030e-01,2.330000000000000071e+00
5.999999999999872102e-02,4.099999999999992539e-02,2.326000000000000068e+00
7.799999999999940314e-02,1.169999999999999929e-01,2.217000000000000082e+00
6.599999999999894840e-02,6.699999999999994849e-02,2.299999999999999822e+00
7.699999999999995737e-02,1.089999999999999858e-01,2.286000000000000032e+00
7.399999999999984368e-02,1.029999999999999805e-01,2.211999999999999744e+00
7.199999999999917577e-02,9.499999999999997335e-02,2.177999999999999936e+00
7.799999999999940314e-02,1.169999999999999929e-01,2.261000000000000121e+00
8.799999999999918998e-02,1.570000000000000284e-01,2.227999999999999758e+00
7.099999999999972999e-02,9.200000000000008171e-02,2.209999999999999964e+00
9.499999999999886313e-02,1.850000000000000533e-01,2.165999999999999925e+00
8.199999999999896261e-02,1.320000000000001172e-01,2.194999999999999840e+00
6.700000000000017053e-02,7.099999999999995204e-02,2.326000000000000068e+00
8.699999999999974420e-02,1.530000000000000249e-01,2.167999999999999705e+00
7.099999999999972999e-02,8.699999999999996625e-02,2.282999999999999918e+00
9.600000000000008527e-02,1.870000000000000551e-01,2.181999999999999940e+00
9.399999999999941735e-02,1.810000000000000497e-01,2.209000000000000075e+00
8.199999999999896261e-02,1.360000000000001208e-01,2.171999999999999709e+00
8.599999999999852207e-02,1.519999999999999130e-01,2.161999999999999922e+00
6.199999999999938893e-02,5.000000000000004441e-02,2.334000000000000075e+00
6.999999999999850786e-02,8.800000000000007816e-02,2.195999999999999730e+00
7.599999999999873523e-02,1.100000000000000977e-01,2.189000000000000057e+00
7.499999999999928946e-02,1.069999999999999840e-01,2.173000000000000043e+00
7.899999999999884892e-02,1.169999999999999929e-01,2.286999999999999922e+00
6.599999999999894840e-02,7.099999999999995204e-02,2.222999999999999865e+00
6.899999999999906208e-02,8.200000000000007283e-02,2.191999999999999726e+00
8.499999999999907629e-02,1.479999999999999094e-01,2.178999999999999826e+00
7.299999999999862155e-02,1.000000000000000888e-01,2.174999999999999822e+00
6.299999999999883471e-02,5.600000000000004974e-02,2.319999999999999840e+00
5.999999999999872102e-02,4.299999999999992717e-02,2.282000000000000028e+00
9.099999999999930367e-02,1.670000000000000373e-01,2.261000000000000121e+00
8.699999999999974420e-02,1.490000000000000213e-01,2.241999999999999993e+00
8.000000000000007105e-02,1.200000000000001066e-01,2.302999999999999936e+00
6.099999999999994316e-02,4.699999999999993072e-02,2.290999999999999925e+00
6.299999999999883471e-02,5.400000000000004796e-02,2.299999999999999822e+00
8.999999999999985789e-02,1.610000000000000320e-01,2.249000000000000110e+00
7.699999999999995737e-02,1.109999999999999876e-01,2.259999999999999787e+00
9.499999999999886313e-02,1.839999999999999414e-01,2.185999999999999943e+00
7.599999999999873523e-02,1.060000000000000941e-01,2.258000000000000007e+00
8.000000000000007105e-02,1.260000000000001119e-01,2.217000000000000082e+00
6.299999999999883471e-02,6.000000000000005329e-02,2.194999999999999840e+00
8.899999999999863576e-02,1.619999999999999218e-01,2.181000000000000050e+00
8.599999999999852207e-02,1.510000000000000231e-01,2.179999999999999716e+00
7.899999999999884892e-02,1.209999999999999964e-01,2.241999999999999993e+00
8.899999999999863576e-02,1.590000000000000302e-01,2.207999999999999741e+00
5.999999999999872102e-02,4.600000000000004086e-02,2.265000000000000124e+00
8.699999999999974420e-02,1.530000000000000249e-01,2.238999999999999879e+00
9.199999999999874944e-02,1.750000000000000444e-01,2.175999999999999712e+00
8.499999999999907629e-02,1.460000000000001297e-01,2.193000000000000060e+00
6.099999999999994316e-02,4.600000000000004086e-02,2.342999999999999972e+00
8.499999999999907629e-02,1.430000000000000160e-01,2.241999999999999993e+00
9.499999999999886313e-02,1.850000000000000533e-01,2.158999999999999808e+00
8.699999999999974420e-02,1.530000000000000249e-01,2.243999999999999773e+00
8.899999999999863576e-02,1.559999999999999165e-01,2.262000000000000011e+00
8.599999999999852207e-02,1.450000000000000178e-01,2.323999999999999844e+00
7.299999999999862155e-02,9.299999999999997158e-02,2.324999999999999734e+00
9.199999999999874944e-02,1.699999999999999289e-01,2.230999999999999872e+00
7.199999999999917577e-02,9.400000000000008349e-02,2.242999999999999883e+00
6.999999999999850786e-02,8.499999999999996447e-02,2.213000000000000078e+00
7.299999999999862155e-02,9.600000000000008527e-02,2.270000000000000018e+00
5.999999999999872102e-02,4.400000000000003908e-02,2.270000000000000018e+00
9.699999999999953104e-02,1.930000000000000604e-01,2.153999999999999915e+00
7.499999999999928946e-02,1.060000000000000941e-01,2.183999999999999719e+00
9.299999999999997158e-02,1.790000000000000480e-01,2.185000000000000053e+00
6.499999999999950262e-02,6.400000000000005684e-02,2.288999999999999702e+00
6.199999999999938893e-02,5.299999999999993605e-02,2.222999999999999865e+00
6.299999999999883471e-02,5.800000000000005151e-02,2.267999999999999794e+00
7.799999999999940314e-02,1.180000000000001048e-01,2.177000000000000046e+00
7.199999999999917577e-02,9.400000000000008349e-02,2.185000000000000053e+00
9.199999999999874944e-02,1.730000000000000426e-01,2.153999999999999915e+00
7.399999999999984368e-02,1.029999999999999805e-01,2.207999999999999741e+00
9.499999999999886313e-02,1.839999999999999414e-01,2.165999999999999925e+00
6.899999999999906208e-02,8.099999999999996092e-02,2.246999999999999886e+00
8.099999999999951683e-02,1.300000000000001155e-01,2.173999999999999932e+00
6.099999999999994316e-02,5.200000000000004619e-02,2.225000000000000089e+00
6.400000000000005684e-02,6.000000000000005329e-02,2.304999999999999716e+00
6.700000000000017053e-02,7.699999999999995737e-02,2.201999999999999957e+00
7.899999999999884892e-02,1.220000000000001084e-01,2.199999999999999734e+00
7.499999999999928946e-02,1.049999999999999822e-01,2.274999999999999911e+00
5.899999999999927525e-02,4.000000000000003553e-02,2.336999999999999744e+00
7.499999999999928946e-02,1.049999999999999822e-01,2.243999999999999773e+00
6.899999999999906208e-02,8.400000000000007461e-02,2.210999999999999854e+00
8.300000000000018474e-02,1.390000000000000124e-01,2.175999999999999712e+00
9.199999999999874944e-02,1.739999999999999325e-01,2.161999999999999922e+00
8.399999999999963052e-02,1.440000000000001279e-01,2.177000000000000046e+00
8.999999999999985789e-02,1.639999999999999236e-01,2.194999999999999840e+00
8.099999999999951683e-02,1.270000000000000018e-01,2.247999999999999776e+00
7.099999999999972999e-02,8.600000000000007638e-02,2.273000000000000131e+00
6.700000000000017053e-02,7.299999999999995381e-02,2.262000000000000011e+00
6.799999999999961631e-02,7.499999999999995559e-02,2.308999999999999719e+00
7.799999999999940314e-02,1.140000000000001013e-01,2.262999999999999901e+00
7.199999999999917577e-02,9.499999999999997335e-02,2.225000000000000089e+00
6.099999999999994316e-02,4.699999999999993072e-02,2.311999999999999833e+00
8.599999999999852207e-02,1.479999999999999094e-01,2.186999999999999833e+00
8.699999999999974420e-02,1.539999999999999147e-01,2.194999999999999840e+00
5.899999999999927525e-02,4.099999999999992539e-02,2.290000000000000036e+00
7.699999999999995737e-02,1.109999999999999876e-01,2.278000000000000025e+00
8.899999999999863576e-02,1.610000000000000320e-01,2.233000000000000096e+00
8.300000000000018474e-02,1.390000000000000124e-01,2.197999999999999954e+00
5.999999999999872102e-02,4.699999999999993072e-02,2.205999999999999961e+00
5.799999999999982947e-02,3.800000000000003375e-02,2.217000000000000082e+00
8.000000000000007105e-02,1.209999999999999964e-01,2.308999999999999719e+00
9.399999999999941735e-02,1.779999999999999361e-01,2.247999999999999776e+00
6.400000000000005684e-02,5.899999999999994138e-02,2.290000000000000036e+00
6.999999999999850786e-02,8.200000000000007283e-02,2.270000000000000018e+00
7.199999999999917577e-02,9.400000000000008349e-02,2.241999999999999993e+00
7.199999999999917577e-02,9.200000000000008171e-02,2.294999999999999929e+00
7.599999999999873523e-02,1.040000000000000924e-01,2.339999999999999858e+00
8.300000000000018474e-02,1.370000000000000107e-01,2.233000000000000096e+00
8.199999999999896261e-02,1.340000000000001190e-01,2.225999999999999979e+00
8.599999999999852207e-02,1.479999999999999094e-01,2.221000000000000085e+00
6.199999999999938893e-02,5.499999999999993783e-02,2.237000000000000099e+00
7.499999999999928946e-02,1.020000000000000906e-01,2.274999999999999911e+00
6.400000000000005684e-02,6.000000000000005329e-02,2.275999999999999801e+00
8.599999999999852207e-02,1.479999999999999094e-01,2.255999999999999783e+00
6.299999999999883471e-02,5.400000000000004796e-02,2.338000000000000078e+00
6.400000000000005684e-02,5.800000000000005151e-02,2.296999999999999709e+00
8.699999999999974420e-02,1.510000000000000231e-01,2.227999999999999758e+00
1.699999999999945999e-02,4.170000000000000373e-01,1.741999999999999993e+00
0.000000000000000000e+00,4.239999999999999325e-01,1.812999999999999945e+00
9.999999999999786837e-03,4.199999999999999289e-01,1.774000000000000021e+00
1.999999999998891553e-03,4.230000000000000426e-01,1.800999999999999934e+00
7.999999999999118927e-03,4.210000000000000409e-01,1.836999999999999966e+00
1.999999999998891553e-03,4.230000000000000426e-01,1.800999999999999934e+00
2.599999999999980105e-02,4.150000000000000355e-01,1.772000000000000020e+00
8.999999999998564704e-03,4.199999999999999289e-01,1.797999999999999821e+00
1.699999999999945999e-02,4.170000000000000373e-01,1.772000000000000020e+00
0.000000000000000000e+00,4.239999999999999325e-01,1.865999999999999881e+00
6.999999999999673150e-03,4.199999999999999289e-01,1.758999999999999897e+00
1.600000000000001421e-02,4.170000000000000373e-01,1.738999999999999879e+00
3.000000000000113687e-03,4.219999999999999307e-01,1.750000000000000000e+00
1.600000000000001421e-02,4.170000000000000373e-01,1.754000000000000004e+00
2.399999999999913314e-02,4.150000000000000355e-01,1.747999999999999998e+00
1.399999999999934630e-02,4.190000000000000391e-01,1.778999999999999915e+00
1.600000000000001421e-02,4.179999999999999272e-01,1.762000000000000011e+00
1.900000000000012790e-02,4.170000000000000373e-01,1.795999999999999819e+00
1.600000000000001421e-02,4.190000000000000391e-01,1.817999999999999838e+00
1.299999999999990052e-02,4.179999999999999272e-01,1.734999999999999876e+00
1.799999999999890576e-02,4.179999999999999272e-01,1.804999999999999938e+00
1.900000000000012790e-02,4.170000000000000373e-01,1.802999999999999936e+00
3.000000000000113687e-03,4.219999999999999307e-01,1.762000000000000011e+00
8.999999999998564704e-03,4.210000000000000409e-01,1.839999999999999858e+00
1.199999999999867839e-02,4.190000000000000391e-01,1.750999999999999890e+00
9.999999999994457767e-04,4.239999999999999325e-01,1.822999999999999954e+00
1.900000000000012790e-02,4.170000000000000373e-01,1.758999999999999897e+00
2.499999999999857891e-02,4.150000000000000355e-01,1.752000000000000002e+00
3.000000000000113687e-03,4.230000000000000426e-01,1.838999999999999968e+00
7.999999999999118927e-03,4.210000000000000409e-01,1.839999999999999858e+00
1.900000000000012790e-02,4.199999999999999289e-01,2.080999999999999961e+00
0.000000000000000000e+00,4.259999999999999343e-01,2.016000000000000014e+00
3.999999999999559464e-03,4.250000000000000444e-01,2.061999999999999833e+00
1.799999999999890576e-02,4.199999999999999289e-01,2.086999999999999744e+00
1.199999999999867839e-02,4.230000000000000426e-01,2.177999999999999936e+00
1.600000000000001421e-02,4.210000000000000409e-01,2.129000000000000004e+00
1.799999999999890576e-02,4.199999999999999289e-01,2.068999999999999950e+00
1.099999999999923261e-02,4.230000000000000426e-01,2.162999999999999812e+00
8.999999999998564704e-03,4.239999999999999325e-01,2.237999999999999989e+00
3.999999999999559464e-03,4.250000000000000444e-01,2.089999999999999858e+00
1.600000000000001421e-02,4.210000000000000409e-01,2.169999999999999929e+00
9.999999999994457767e-04,4.270000000000000462e-01,2.183999999999999719e+00
1.399999999999934630e-02,4.199999999999999289e-01,1.834999999999999964e+00
1.499999999999879208e-02,4.199999999999999289e-01,1.979999999999999982e+00
2.499999999999857891e-02,4.170000000000000373e-01,2.018000000000000238e+00
6.999999999999673150e-03,4.239999999999999325e-01,2.028999999999999915e+00
6.999999999999673150e-03,4.250000000000000444e-01,2.222999999999999865e+00
2.999999999999936051e-02,4.130000000000000338e-01,1.780000000000000027e+00
1.799999999999890576e-02,4.210000000000000409e-01,2.273000000000000131e+00
2.099999999999901945e-02,4.170000000000000373e-01,1.849999999999999867e+00
2.699999999999924682e-02,4.139999999999999236e-01,1.785999999999999810e+00
1.900000000000012790e-02,4.170000000000000373e-01,1.815999999999999837e+00
3.200000000000002842e-02,4.130000000000000338e-01,1.852999999999999980e+00
1.999999999999957367e-02,4.179999999999999272e-01,1.877999999999999892e+00
7.999999999999118927e-03,4.239999999999999325e-01,2.102999999999999758e+00
1.799999999999890576e-02,4.190000000000000391e-01,1.984999999999999876e+00
5.999999999998451017e-03,4.230000000000000426e-01,1.964999999999999858e+00
1.499999999999879208e-02,4.230000000000000426e-01,2.286000000000000032e+00
2.799999999999869260e-02,4.150000000000000355e-01,1.932999999999999829e+00
8.999999999998564704e-03,4.219999999999999307e-01,1.987999999999999989e+00
6.999999999999673150e-03,4.259999999999999343e-01,2.346000000000000085e+00
3.000000000000113687e-03,4.239999999999999325e-01,1.974999999999999867e+00
1.699999999999945999e-02,4.219999999999999307e-01,2.332999999999999741e+00
5.999999999998451017e-03,4.239999999999999325e-01,2.070999999999999730e+00
1.499999999999879208e-02,4.190000000000000391e-01,1.859999999999999876e+00
2.599999999999980105e-02,4.159999999999999254e-01,1.921999999999999931e+00
2.399999999999913314e-02,4.179999999999999272e-01,2.162999999999999812e+00
7.999999999999118927e-03,4.230000000000000426e-01,1.962999999999999856e+00
1.699999999999945999e-02,4.190000000000000391e-01,1.850999999999999979e+00
6.999999999999673150e-03,4.239999999999999325e-01,2.117999999999999883e+00
3.099999999999880629e-02,4.139999999999999236e-01,1.879000000000000004e+00
2.199999999999846523e-02,4.179999999999999272e-01,1.958999999999999853e+00
1.299999999999990052e-02,4.210000000000000409e-01,1.951999999999999957e+00
1.499999999999879208e-02,4.190000000000000391e-01,1.858999999999999986e+00
1.999999999999957367e-02,4.179999999999999272e-01,1.885999999999999899e+00
6.999999999999673150e-03,4.230000000000000426e-01,1.930999999999999828e+00
9.999999999994457767e-04,4.259999999999999343e-01,2.112000000000000099e+00
2.399999999999913314e-02,4.159999999999999254e-01,1.790999999999999925e+00
1.999999999999957367e-02,4.210000000000000409e-01,2.271999999999999797e+00
0.000000000000000000e+00,4.279999999999999361e-01,2.318000000000000060e+00
2.799999999999869260e-02,4.150000000000000355e-01,1.891000000000000014e+00
1.600000000000001421e-02,4.199999999999999289e-01,1.964999999999999858e+00
6.999999999999673150e-03,4.250000000000000444e-01,2.282999999999999918e+00
2.699999999999924682e-02,4.159999999999999254e-01,1.988999999999999879e+00
9.999999999994457767e-04,4.270000000000000462e-01,2.150999999999999801e+00
3.299999999999947420e-02,4.119999999999999218e-01,1.778999999999999915e+00
2.599999999999980105e-02,4.170000000000000373e-01,2.030000000000000249e+00
3.399999999999891998e-02,4.119999999999999218e-01,1.750999999999999890e+00
2.599999999999980105e-02,4.159999999999999254e-01,1.933999999999999941e+00
2.299999999999968736e-02,4.159999999999999254e-01,1.797999999999999821e+00
4.999999999999005240e-03,4.239999999999999325e-01,1.931999999999999940e+00
1.099999999999923261e-02,4.230000000000000426e-01,2.129999999999999893e+00
4.999999999999005240e-03,4.270000000000000462e-01,2.339999999999999858e+00
3.999999999999559464e-03,4.259999999999999343e-01,2.183999999999999719e+00
2.799999999999869260e-02,4.150000000000000355e-01,1.865999999999999881e+00
4.999999999999005240e-03,4.239999999999999325e-01,1.978999999999999870e+00
1.699999999999945999e-02,4.190000000000000391e-01,1.855999999999999872e+00
3.299999999999947420e-02,4.130000000000000338e-01,1.835999999999999854e+00
1.299999999999990052e-02,4.230000000000000426e-01,2.178999999999999826e+00
1.099999999999923261e-02,4.230000000000000426e-01,2.152000000000000135e+00
1.499999999999879208e-02,4.190000000000000391e-01,1.835999999999999854e+00
2.099999999999901945e-02,4.179999999999999272e-01,1.940999999999999837e+00
8.999999999998564704e-03,4.219999999999999307e-01,1.933999999999999941e+00
9.999999999999786837e-03,4.250000000000000444e-01,2.304999999999999716e+00
1.199999999999867839e-02,4.230000000000000426e-01,2.237999999999999989e+00
4.999999999999005240e-03,4.259999999999999343e-01,2.258000000000000007e+00
2.399999999999913314e-02,4.179999999999999272e-01,2.146999999999999797e+00
1.900000000000012790e-02,4.190000000000000391e-01,2.044000000000000039e+00
1.399999999999934630e-02,4.230000000000000426e-01,2.295999999999999819e+00
2.399999999999913314e-02,4.159999999999999254e-01,1.885999999999999899e+00
8.999999999998564704e-03,4.230000000000000426e-01,2.042999999999999705e+00
2.799999999999869260e-02,4.150000000000000355e-01,1.923999999999999932e+00
5.999999999998451017e-03,4.259999999999999343e-01,2.328999999999999737e+00
9.999999999999786837e-03,4.239999999999999325e-01,2.189999999999999947e+00
1.299999999999990052e-02,4.219999999999999307e-01,2.068000000000000060e+00
2.999999999999936051e-02,4.130000000000000338e-01,1.764000000000000012e+00
2.899999999999991473e-02,4.139999999999999236e-01,1.774000000000000021e+00
2.899999999999991473e-02,4.139999999999999236e-01,1.823999999999999844e+00
2.799999999999869260e-02,4.150000000000000355e-01,1.912999999999999812e+00
1.999999999998891553e-03,4.239999999999999325e-01,1.934999999999999831e+00
1.999999999999957367e-02,4.179999999999999272e-01,1.977999999999999980e+00
3.099999999999880629e-02,4.130000000000000338e-01,1.762999999999999901e+00
1.999999999999957367e-02,4.179999999999999272e-01,1.914999999999999813e+00
3.999999999999559464e-03,4.270000000000000462e-01,2.288999999999999702e+00
3.099999999999880629e-02,4.139999999999999236e-01,1.868999999999999995e+00
2.499999999999857891e-02,4.170000000000000373e-01,2.056999999999999940e+00
5.999999999998451017e-03,4.239999999999999325e-01,2.026000000000000245e+00
1.299999999999990052e-02,4.230000000000000426e-01,2.213000000000000078e+00
9.999999999999786837e-03,4.230000000000000426e-01,2.054999999999999716e+00
2.399999999999913314e-02,4.170000000000000373e-01,1.962999999999999856e+00
2.199999999999846523e-02,4.179999999999999272e-01,1.943999999999999950e+00
0.000000000000000000e+00,4.259999999999999343e-01,2.026000000000000245e+00
5.999999999998451017e-03,4.239999999999999325e-01,2.049999999999999822e+00
8.999999999998564704e-03,4.230000000000000426e-01,2.041999999999999815e+00
1.299999999999990052e-02,4.230000000000000426e-01,2.237000000000000099e+00
1.900000000000012790e-02,4.199999999999999289e-01,2.130999999999999783e+00
6.999999999999673150e-03,4.230000000000000426e-01,1.937999999999999945e+00
2.399999999999913314e-02,4.179999999999999272e-01,2.106999999999999762e+00
1.900000000000012790e-02,4.199999999999999289e-01,2.092000000000000082e+00
3.000000000000113687e-03,4.239999999999999325e-01,1.912999999999999812e+00
0.000000000000000000e+00,4.259999999999999343e-01,2.078999999999999737e+00
1.499999999999879208e-02,4.210000000000000409e-01,2.110999999999999766e+00
3.000000000000113687e-03,4.250000000000000444e-01,2.004000000000000004e+00
1.600000000000001421e-02,4.210000000000000409e-01,2.074999999999999734e+00
0.000000000000000000e+00,4.250000000000000444e-01,1.895000000000000018e+00
1.799999999999890576e-02,4.199999999999999289e-01,2.076000000000000068e+00
2.199999999999846523e-02,4.199999999999999289e-01,2.237999999999999989e+00
7.999999999999118927e-03,4.239999999999999325e-01,2.137999999999999901e+00
2.699999999999924682e-02,4.170000000000000373e-01,2.052000000000000046e+00
8.999999999998564704e-03,4.250000000000000444e-01,2.330000000000000071e+00
1.799999999999890576e-02,4.179999999999999272e-01,1.816999999999999948e+00
2.399999999999913314e-02,4.179999999999999272e-01,2.167999999999999705e+00
1.399999999999934630e-02,4.219999999999999307e-01,2.125000000000000000e+00
1.199999999999867839e-02,4.199999999999999289e-01,1.871999999999999886e+00
1.799999999999890576e-02,4.190000000000000391e-01,1.987999999999999989e+00
2.099999999999901945e-02,4.170000000000000373e-01,1.819999999999999840e+00
1.999999999998891553e-03,4.239999999999999325e-01,1.901999999999999913e+00
1.299999999999990052e-02,4.210000000000000409e-01,1.929999999999999938e+00
8.999999999998564704e-03,4.239999999999999325e-01,2.241999999999999993e+00
3.399999999999891998e-02,4.119999999999999218e-01,1.795999999999999819e+00
5.999999999998451017e-03,4.250000000000000444e-01,2.209999999999999964e+00
1.499999999999879208e-02,4.199999999999999289e-01,1.966999999999999860e+00
1.900000000000012790e-02,4.199999999999999289e-01,2.122999999999999776e+00
2.399999999999913314e-02,4.170000000000000373e-01,1.934999999999999831e+00
2.399999999999913314e-02,4.179999999999999272e-01,2.137999999999999901e+00
0.000000000000000000e+00,4.250000000000000444e-01,1.891000000000000014e+00
1.099999999999923261e-02,4.230000000000000426e-01,2.209999999999999964e+00
1.600000000000001421e-02,4.210000000000000409e-01,2.175999999999999712e+00
1.199999999999867839e-02,4.210000000000000409e-01,1.905000000000000027e+00
1.299999999999990052e-02,4.230000000000000426e-01,2.198999999999999844e+00
9.999999999999786837e-03,4.239999999999999325e-01,2.210999999999999854e+00
2.299999999999968736e-02,4.159999999999999254e-01,1.840999999999999970e+00
3.999999999999559464e-03,4.239999999999999325e-01,1.901999999999999913e+00
1.999999999999957367e-02,4.179999999999999272e-01,1.954999999999999849e+00
2.699999999999924682e-02,4.150000000000000355e-01,1.914999999999999813e+00
0.000000000000000000e+00,4.279999999999999361e-01,2.250999999999999890e+00
1.199999999999867839e-02,4.239999999999999325e-01,2.286000000000000032e+00
3.500000000000014211e-02,4.119999999999999218e-01,1.745999999999999996e+00
1.199999999999867839e-02,4.230000000000000426e-01,2.150999999999999801e+00
1.900000000000012790e-02,4.210000000000000409e-01,2.223999999999999755e+00
4.999999999999005240e-03,4.210000000000000409e-01,1.710999999999999854e+00
1.799999999999890576e-02,4.179999999999999272e-01,1.692999999999999838e+00
3.000000000000113687e-03,4.239999999999999325e-01,1.671999999999999931e+00
0.000000000000000000e+00,4.259999999999999343e-01,1.635000000000000009e+00
3.000000000000113687e-03,4.210000000000000409e-01,1.722999999999999865e+00
2.499999999999857891e-02,4.150000000000000355e-01,1.713999999999999968e+00
2.299999999999968736e-02,4.190000000000000391e-01,1.651000000000000023e+00
3.999999999999559464e-03,4.319999999999999396e-01,1.484999999999999876e+00
9.999999999999786837e-03,4.219999999999999307e-01,1.665999999999999925e+00
0.000000000000000000e+00,4.259999999999999343e-01,1.635999999999999899e+00
2.399999999999913314e-02,4.170000000000000373e-01,1.689999999999999947e+00
1.099999999999923261e-02,4.239999999999999325e-01,1.617999999999999883e+00
2.299999999999968736e-02,4.199999999999999289e-01,1.631999999999999895e+00
1.600000000000001421e-02,4.230000000000000426e-01,1.603999999999999870e+00
7.999999999999118927e-03,4.219999999999999307e-01,1.670999999999999819e+00
1.099999999999923261e-02,4.270000000000000462e-01,1.546999999999999931e+00
3.000000000000113687e-03,4.259999999999999343e-01,1.625999999999999890e+00
2.199999999999846523e-02,4.159999999999999254e-01,1.712999999999999856e+00
3.000000000000113687e-03,4.270000000000000462e-01,1.587999999999999856e+00
9.999999999999786837e-03,4.259999999999999343e-01,1.563999999999999835e+00
1.699999999999945999e-02,4.179999999999999272e-01,1.705999999999999961e+00
2.199999999999846523e-02,4.179999999999999272e-01,1.683999999999999941e+00
2.899999999999991473e-02,4.139999999999999236e-01,1.726999999999999869e+00
2.199999999999846523e-02,4.170000000000000373e-01,1.701999999999999957e+00
1.499999999999879208e-02,4.219999999999999307e-01,1.631000000000000005e+00
2.699999999999924682e-02,4.150000000000000355e-01,1.704999999999999849e+00
5.999999999998451017e-03,4.259999999999999343e-01,1.586999999999999966e+00
1.999999999999957367e-02,4.170000000000000373e-01,1.716999999999999860e+00
1.499999999999879208e-02,4.210000000000000409e-01,1.643000000000000016e+00
1.499999999999879208e-02,4.239999999999999325e-01,1.578999999999999959e+00
0.000000000000000000e+00,4.310000000000000497e-01,1.524000000000000021e+00
9.999999999999786837e-03,4.239999999999999325e-01,1.607999999999999874e+00
0.000000000000000000e+00,4.259999999999999343e-01,1.631999999999999895e+00
1.199999999999867839e-02,4.239999999999999325e-01,1.588999999999999968e+00
2.399999999999913314e-02,4.150000000000000355e-01,1.724999999999999867e+00
8.999999999998564704e-03,4.210000000000000409e-01,1.692999999999999838e+00
9.999999999994457767e-04,4.319999999999999396e-01,1.482999999999999874e+00
4.999999999999005240e-03,4.239999999999999325e-01,1.637999999999999901e+00
1.099999999999923261e-02,4.239999999999999325e-01,1.605999999999999872e+00
1.199999999999867839e-02,4.230000000000000426e-01,1.633999999999999897e+00
3.000000000000113687e-03,4.290000000000000480e-01,1.553999999999999826e+00
1.799999999999890576e-02,4.230000000000000426e-01,1.597999999999999865e+00
1.199999999999867839e-02,4.250000000000000444e-01,1.575999999999999845e+00
9.999999999999786837e-03,4.239999999999999325e-01,1.615999999999999881e+00
1.900000000000012790e-02,4.199999999999999289e-01,1.653000000000000025e+00
1.699999999999945999e-02,4.219999999999999307e-01,1.601999999999999869e+00
4.999999999999005240e-03,4.259999999999999343e-01,1.596999999999999975e+00
1.799999999999890576e-02,4.190000000000000391e-01,1.668999999999999817e+00
6.999999999999673150e-03,4.199999999999999289e-01,1.727999999999999980e+00
1.299999999999990052e-02,4.230000000000000426e-01,1.623999999999999888e+00
5.999999999998451017e-03,4.259999999999999343e-01,1.586999999999999966e+00
6.999999999999673150e-03,4.290000000000000480e-01,1.530999999999999917e+00
9.999999999994457767e-04,4.319999999999999396e-01,1.482999999999999874e+00
2.399999999999913314e-02,4.150000000000000355e-01,1.731999999999999984e+00
8.999999999998564704e-03,4.250000000000000444e-01,1.600999999999999979e+00
1.999999999999957367e-02,3.970000000000000195e-01,6.810000000000000497e-01
4.899999999999948841e-02,3.700000000000001066e-01,6.500000000000000222e-01
4.399999999999870681e-02,3.750000000000000000e-01,6.770000000000000462e-01
1.799999999999890576e-02,3.999999999999999112e-01,7.459999999999999964e-01
1.699999999999945999e-02,3.979999999999999094e-01,5.010000000000000009e-01
0.000000000000000000e+00,4.170000000000000373e-01,7.190000000000000835e-01
2.399999999999913314e-02,3.930000000000000160e-01,6.420000000000000151e-01
4.099999999999859313e-02,3.760000000000001119e-01,5.170000000000000151e-01
0.000000000000000000e+00,4.159999999999999254e-01,6.570000000000000284e-01
9.999999999999786837e-03,4.079999999999999183e-01,7.630000000000000115e-01
3.500000000000014211e-02,3.830000000000000071e-01,6.880000000000000560e-01
9.999999999999786837e-03,4.070000000000000284e-01,7.239999999999999769e-01
8.999999999998564704e-03,4.079999999999999183e-01,6.740000000000000435e-01
2.599999999999980105e-02,3.920000000000001261e-01,7.090000000000000746e-01
2.699999999999924682e-02,3.910000000000000142e-01,6.380000000000000115e-01
1.600000000000001421e-02,4.019999999999999130e-01,7.860000000000000320e-01
4.999999999999893419e-02,3.689999999999999947e-01,5.890000000000000790e-01
8.999999999998564704e-03,4.090000000000000302e-01,8.040000000000000480e-01
3.500000000000014211e-02,3.830000000000000071e-01,6.920000000000000595e-01
1.699999999999945999e-02,4.010000000000000231e-01,7.840000000000000302e-01
1.499999999999879208e-02,4.010000000000000231e-01,5.820000000000000728e-01
2.899999999999991473e-02,3.900000000000001243e-01,7.459999999999999964e-01
1.199999999999867839e-02,4.050000000000000266e-01,6.680000000000000382e-01
7.999999999999118927e-03,4.090000000000000302e-01,7.550000000000000044e-01
3.200000000000002842e-02,3.860000000000001208e-01,6.630000000000000338e-01
2.199999999999846523e-02,3.960000000000001297e-01,7.120000000000000773e-01
9.999999999994457767e-04,4.159999999999999254e-01,8.499999999999999778e-01
3.299999999999947420e-02,3.860000000000001208e-01,6.940000000000000613e-01
1.699999999999945999e-02,4.019999999999999130e-01,7.860000000000000320e-01
4.499999999999992895e-02,3.720000000000001084e-01,5.550000000000000488e-01
2.999999999999936051e-02,3.880000000000001226e-01,6.690000000000000391e-01
4.999999999999005240e-03,4.130000000000000338e-01,8.709999999999999964e-01
1.999999999999957367e-02,3.979999999999999094e-01,7.080000000000000737e-01
1.900000000000012790e-02,3.970000000000000195e-01,5.620000000000000551e-01
2.699999999999924682e-02,3.910000000000000142e-01,6.630000000000000338e-01
3.699999999999903366e-02,3.810000000000000053e-01,5.780000000000000693e-01
1.999999999999957367e-02,3.979999999999999094e-01,7.780000000000000249e-01
5.999999999998451017e-03,4.110000000000000320e-01,8.000000000000000444e-01
4.899999999999948841e-02,3.700000000000001066e-01,6.209999999999999964e-01
4.999999999999005240e-03,4.119999999999999218e-01,7.880000000000000338e-01
1.499999999999879208e-02,3.990000000000000213e-01,4.200000000000000400e-01
2.999999999999936051e-02,3.870000000000000107e-01,6.169999999999999929e-01
2.599999999999980105e-02,3.920000000000001261e-01,6.350000000000000089e-01
0.000000000000000000e+00,4.170000000000000373e-01,7.740000000000000213e-01
0.000000000000000000e+00,4.179999999999999272e-01,8.280000000000000693e-01
2.799999999999869260e-02,3.900000000000001243e-01,6.360000000000000098e-01
2.499999999999857891e-02,3.910000000000000142e-01,5.700000000000000622e-01
1.999999999999957367e-02,3.960000000000001297e-01,6.029999999999999805e-01
2.699999999999924682e-02,3.900000000000001243e-01,5.510000000000000453e-01
2.899999999999991473e-02,3.880000000000001226e-01,5.680000000000000604e-01
1.999999999999957367e-02,3.960000000000001297e-01,5.090000000000000080e-01
1.600000000000001421e-02,4.010000000000000231e-01,6.049999999999999822e-01
3.899999999999970157e-02,3.790000000000000036e-01,6.199999999999999956e-01
4.699999999999882050e-02,3.720000000000001084e-01,6.209999999999999964e-01
1.399999999999934630e-02,4.039999999999999147e-01,7.610000000000000098e-01
4.199999999999981526e-02,3.770000000000000018e-01,6.209999999999999964e-01
1.699999999999945999e-02,3.990000000000000213e-01,5.550000000000000488e-01
5.599999999999916156e-02,3.629999999999999893e-01,6.079999999999999849e-01
2.899999999999991473e-02,3.880000000000001226e-01,5.850000000000000755e-01
1.600000000000001421e-02,4.019999999999999130e-01,7.550000000000000044e-01
1.399999999999934630e-02,4.030000000000000249e-01,6.940000000000000613e-01
1.199999999999867839e-02,4.050000000000000266e-01,7.690000000000000169e-01
4.800000000000004263e-02,3.720000000000001084e-01,6.890000000000000568e-01
2.299999999999968736e-02,3.930000000000000160e-01,5.540000000000000480e-01
1.499999999999879208e-02,4.039999999999999147e-01,8.300000000000000711e-01
2.899999999999991473e-02,3.890000000000000124e-01,6.500000000000000222e-01
3.299999999999947420e-02,3.860000000000001208e-01,6.900000000000000577e-01
2.799999999999869260e-02,3.890000000000000124e-01,6.430000000000000160e-01
4.800000000000004263e-02,3.709999999999999964e-01,6.820000000000000506e-01
3.999999999999914735e-02,3.780000000000001137e-01,5.820000000000000728e-01
2.199999999999846523e-02,3.950000000000000178e-01,6.630000000000000338e-01
4.099999999999859313e-02,3.770000000000000018e-01,5.999999999999999778e-01
2.899999999999991473e-02,3.880000000000001226e-01,6.129999999999999893e-01
2.699999999999924682e-02,3.910000000000000142e-01,6.910000000000000586e-01
2.099999999999901945e-02,3.950000000000000178e-01,5.100000000000000089e-01
7.999999999999118927e-03,4.099999999999999201e-01,8.390000000000000790e-01
1.999999999999957367e-02,3.960000000000001297e-01,5.410000000000000364e-01
4.499999999999992895e-02,3.740000000000001101e-01,6.590000000000000302e-01
4.199999999999981526e-02,3.770000000000000018e-01,6.990000000000000657e-01
1.999999999999957367e-02,3.979999999999999094e-01,7.110000000000000764e-01
1.499999999999879208e-02,4.019999999999999130e-01,7.319999999999999840e-01
6.999999999999673150e-03,4.119999999999999218e-01,8.579999999999999849e-01
5.999999999998451017e-03,4.099999999999999201e-01,6.930000000000000604e-01
3.500000000000014211e-02,3.820000000000001172e-01,5.730000000000000648e-01
3.500000000000014211e-02,3.830000000000000071e-01,6.109999999999999876e-01
5.799999999999982947e-02,3.609999999999999876e-01,5.750000000000000666e-01
3.799999999999847944e-02,3.810000000000000053e-01,6.700000000000000400e-01
5.999999999998451017e-03,4.119999999999999218e-01,8.659999999999999920e-01
1.499999999999879208e-02,4.030000000000000249e-01,7.640000000000000124e-01
1.799999999999890576e-02,4.010000000000000231e-01,7.900000000000000355e-01
1.600000000000001421e-02,3.999999999999999112e-01,5.969999999999999751e-01
1.399999999999934630e-02,4.030000000000000249e-01,6.810000000000000497e-01
7.999999999999118927e-03,4.090000000000000302e-01,7.429999999999999938e-01
1.999999999998891553e-03,4.159999999999999254e-01,8.450000000000000844e-01
0.000000000000000000e+00,4.179999999999999272e-01,8.499999999999999778e-01
3.999999999999559464e-03,4.119999999999999218e-01,7.339999999999999858e-01
2.199999999999846523e-02,3.950000000000000178e-01,6.129999999999999893e-01
5.899999999999927525e-02,3.609999999999999876e-01,6.360000000000000098e-01
2.099999999999901945e-02,3.960000000000001297e-01,7.060000000000000719e-01
3.599999999999958789e-02,3.820000000000001172e-01,6.089999999999999858e-01
5.999999999998451017e-03,4.099999999999999201e-01,6.490000000000000213e-01
1.799999999999890576e-02,3.990000000000000213e-01,6.420000000000000151e-01
2.599999999999980105e-02,3.900000000000001243e-01,5.810000000000000719e-01
3.500000000000014211e-02,3.830000000000000071e-01,6.260000000000000009e-01
1.999999999998891553e-03,4.159999999999999254e-01,8.669999999999999929e-01
3.799999999999847944e-02,3.800000000000001155e-01,6.740000000000000435e-01
1.299999999999990052e-02,4.030000000000000249e-01,6.049999999999999822e-01
3.200000000000002842e-02,3.870000000000000107e-01,7.510000000000000009e-01
1.799999999999890576e-02,3.999999999999999112e-01,8.030000000000000471e-01
2.099999999999901945e-02,3.970000000000000195e-01,7.319999999999999840e-01
1.199999999999867839e-02,4.059999999999999165e-01,7.770000000000000240e-01
1.299999999999990052e-02,4.030000000000000249e-01,5.340000000000000302e-01
8.999999999998564704e-03,4.090000000000000302e-01,8.380000000000000782e-01
8.999999999998564704e-03,4.090000000000000302e-01,8.539999999999999813e-01
2.799999999999869260e-02,3.910000000000000142e-01,7.120000000000000773e-01
0.000000000000000000e+00,4.170000000000000373e-01,7.180000000000000826e-01
5.899999999999927525e-02,3.609999999999999876e-01,6.149999999999999911e-01
2.499999999999857891e-02,3.920000000000001261e-01,6.039999999999999813e-01
3.599999999999958789e-02,3.810000000000000053e-01,5.660000000000000586e-01
2.599999999999980105e-02,3.930000000000000160e-01,7.219999999999999751e-01
4.099999999999859313e-02,3.780000000000001137e-01,6.710000000000000409e-01
3.299999999999947420e-02,3.850000000000000089e-01,6.870000000000000551e-01
3.699999999999903366e-02,3.810000000000000053e-01,6.850000000000000533e-01
3.599999999999958789e-02,3.830000000000000071e-01,6.880000000000000560e-01
3.899999999999970157e-02,3.790000000000000036e-01,6.089999999999999858e-01
6.999999999999673150e-03,4.110000000000000320e-01,8.220000000000000639e-01
4.999999999999005240e-03,4.130000000000000338e-01,8.270000000000000684e-01
1.499999999999879208e-02,4.030000000000000249e-01,7.500000000000000000e-01
3.699999999999903366e-02,3.810000000000000053e-01,6.199999999999999956e-01
6.400000000000005684e-02,3.549999999999999822e-01,5.969999999999999751e-01
1.499999999999879208e-02,4.010000000000000231e-01,5.730000000000000648e-01
2.699999999999924682e-02,3.900000000000001243e-01,6.049999999999999822e-01
3.999999999999914735e-02,3.790000000000000036e-01,6.720000000000000417e-01
2.499999999999857891e-02,3.930000000000000160e-01,7.540000000000000036e-01
5.699999999999860734e-02,3.629999999999999893e-01,6.450000000000000178e-01
1.999999999998891553e-03,4.139999999999999236e-01,5.940000000000000835e-01
0.000000000000000000e+00,4.170000000000000373e-01,7.030000000000000693e-01
4.099999999999859313e-02,3.770000000000000018e-01,5.750000000000000666e-01
4.299999999999926104e-02,3.760000000000001119e-01,6.159999999999999920e-01
4.999999999999005240e-03,4.119999999999999218e-01,7.590000000000000080e-01
0.000000000000000000e+00,4.179999999999999272e-01,8.639999999999999902e-01
2.199999999999846523e-02,3.950000000000000178e-01,6.370000000000000107e-01
2.099999999999901945e-02,3.970000000000000195e-01,7.520000000000000018e-01
3.299999999999947420e-02,3.850000000000000089e-01,6.500000000000000222e-01
1.099999999999923261e-02,4.070000000000000284e-01,8.270000000000000684e-01
2.199999999999846523e-02,3.960000000000001297e-01,7.770000000000000240e-01
5.999999999998451017e-03,4.110000000000000320e-01,7.600000000000000089e-01
2.799999999999869260e-02,3.900000000000001243e-01,7.620000000000000107e-01
3.999999999999914735e-02,3.790000000000000036e-01,6.610000000000000320e-01
2.499999999999857891e-02,3.930000000000000160e-01,7.170000000000000817e-01
2.899999999999991473e-02,3.880000000000001226e-01,5.730000000000000648e-01
4.999999999999005240e-03,4.099999999999999201e-01,5.420000000000000373e-01
3.999999999999559464e-03,4.119999999999999218e-01,6.570000000000000284e-01
9.999999999994457767e-04,4.150000000000000355e-01,7.369999999999999885e-01
1.999999999998891553e-03,4.150000000000000355e-01,8.440000000000000835e-01
0.000000000000000000e+00,4.159999999999999254e-01,7.200000000000000844e-01
1.699999999999945999e-02,3.999999999999999112e-01,6.620000000000000329e-01
4.999999999999893419e-02,3.689999999999999947e-01,5.940000000000000835e-01
1.199999999999867839e-02,4.039999999999999147e-01,6.069999999999999840e-01
1.399999999999934630e-02,4.030000000000000249e-01,6.810000000000000497e-01
9.999999999999786837e-03,4.079999999999999183e-01,8.450000000000000844e-01
2.099999999999901945e-02,3.970000000000000195e-01,6.870000000000000551e-01
1.199999999999867839e-02,4.039999999999999147e-01,6.209999999999999964e-01
4.999999999999893419e-02,3.680000000000001048e-01,6.109999999999999876e-01
3.000000000000113687e-03,4.150000000000000355e-01,8.440000000000000835e-01
9.999999999999786837e-03,4.070000000000000284e-01,6.660000000000000364e-01
3.999999999999559464e-03,4.139999999999999236e-01,8.559999999999999831e-01
2.699999999999924682e-02,3.910000000000000142e-01,6.630000000000000338e-01
2.299999999999968736e-02,3.960000000000001297e-01,7.489999999999999991e-01
8.999999999998564704e-03,4.090000000000000302e-01,7.730000000000000204e-01
6.999999999999673150e-03,4.290000000000000480e-01,1.492999999999999883e+00
5.100000000000015632e-02,3.840000000000001190e-01,1.233999999999999986e+00
4.099999999999859313e-02,3.950000000000000178e-01,1.328999999999999959e+00
2.299999999999968736e-02,4.170000000000000373e-01,1.554999999999999938e+00
3.399999999999891998e-02,3.940000000000001279e-01,1.063999999999999835e+00
2.099999999999901945e-02,4.179999999999999272e-01,1.546999999999999931e+00
5.100000000000015632e-02,3.800000000000001155e-01,1.107999999999999874e+00
1.699999999999945999e-02,4.090000000000000302e-01,1.091999999999999860e+00
3.000000000000113687e-03,4.210000000000000409e-01,1.076999999999999957e+00
4.899999999999948841e-02,3.760000000000001119e-01,9.070000000000000284e-01
2.899999999999991473e-02,3.999999999999999112e-01,1.111999999999999877e+00
6.299999999999883471e-02,3.589999999999999858e-01,6.860000000000000542e-01
3.500000000000014211e-02,4.099999999999999201e-01,1.643000000000000016e+00
9.999999999999786837e-03,4.139999999999999236e-01,1.061999999999999833e+00
5.499999999999971578e-02,3.760000000000001119e-01,1.063999999999999835e+00
6.199999999999938893e-02,3.600000000000000977e-01,6.980000000000000648e-01
3.200000000000002842e-02,3.930000000000000160e-01,9.610000000000000764e-01
2.099999999999901945e-02,4.170000000000000373e-01,1.476999999999999869e+00
2.599999999999980105e-02,4.050000000000000266e-01,1.206999999999999851e+00
1.999999999999957367e-02,4.170000000000000373e-01,1.467999999999999972e+00
5.999999999998451017e-03,4.170000000000000373e-01,1.043999999999999817e+00
2.599999999999980105e-02,4.130000000000000338e-01,1.506000000000000005e+00
3.599999999999958789e-02,3.910000000000000142e-01,1.022000000000000020e+00
3.999999999999559464e-03,4.279999999999999361e-01,1.360999999999999988e+00
6.099999999999994316e-02,3.620000000000000995e-01,7.479999999999999982e-01
5.999999999999872102e-02,3.689999999999999947e-01,9.500000000000000666e-01
5.699999999999860734e-02,3.740000000000001101e-01,1.051999999999999824e+00
1.699999999999945999e-02,4.059999999999999165e-01,9.919999999999999929e-01
3.000000000000113687e-03,4.310000000000000497e-01,1.439999999999999947e+00
2.599999999999980105e-02,3.930000000000000160e-01,8.110000000000000542e-01
1.999999999999957367e-02,4.199999999999999289e-01,1.569999999999999840e+00
1.699999999999945999e-02,4.070000000000000284e-01,1.018999999999999906e+00
6.999999999999673150e-03,4.199999999999999289e-01,1.181999999999999940e+00
4.299999999999926104e-02,3.880000000000001226e-01,1.133999999999999897e+00
2.699999999999924682e-02,3.999999999999999112e-01,1.056999999999999940e+00
5.599999999999916156e-02,3.689999999999999947e-01,8.370000000000000773e-01
5.399999999999849365e-02,3.740000000000001101e-01,9.829999999999999849e-01
3.799999999999847944e-02,3.940000000000001279e-01,1.157000000000000028e+00
1.799999999999890576e-02,4.090000000000000302e-01,1.117999999999999883e+00
2.599999999999980105e-02,4.010000000000000231e-01,1.100999999999999979e+00
9.999999999994457767e-04,4.290000000000000480e-01,1.316999999999999948e+00
4.999999999999893419e-02,3.840000000000001190e-01,1.178999999999999826e+00
2.999999999999936051e-02,3.990000000000000213e-01,1.133000000000000007e+00
2.599999999999980105e-02,4.159999999999999254e-01,1.588999999999999968e+00
2.099999999999901945e-02,4.150000000000000355e-01,1.416999999999999815e+00
5.899999999999927525e-02,3.669999999999999929e-01,8.629999999999999893e-01
2.399999999999913314e-02,3.999999999999999112e-01,9.929999999999999938e-01
4.099999999999859313e-02,3.890000000000000124e-01,1.106999999999999984e+00
4.699999999999882050e-02,3.810000000000000053e-01,9.979999999999999982e-01
1.799999999999890576e-02,4.150000000000000355e-01,1.327999999999999847e+00
8.999999999998564704e-03,4.219999999999999307e-01,1.282999999999999918e+00
1.799999999999890576e-02,4.119999999999999218e-01,1.230999999999999872e+00
5.899999999999927525e-02,3.640000000000001013e-01,7.660000000000000142e-01
3.999999999999559464e-03,4.179999999999999272e-01,1.010999999999999899e+00
1.399999999999934630e-02,4.210000000000000409e-01,1.416999999999999815e+00
3.299999999999947420e-02,4.110000000000000320e-01,1.641999999999999904e+00
3.999999999999914735e-02,3.900000000000001243e-01,1.106999999999999984e+00
3.799999999999847944e-02,4.030000000000000249e-01,1.504999999999999893e+00
4.999999999999893419e-02,3.860000000000001208e-01,1.270999999999999908e+00
1.799999999999890576e-02,4.139999999999999236e-01,1.290999999999999925e+00
2.599999999999980105e-02,4.050000000000000266e-01,1.228999999999999870e+00
2.799999999999869260e-02,4.090000000000000302e-01,1.423999999999999932e+00
3.599999999999958789e-02,4.079999999999999183e-01,1.631999999999999895e+00
5.799999999999982947e-02,3.649999999999999911e-01,7.640000000000000124e-01
4.599999999999937472e-02,3.810000000000000053e-01,9.520000000000000684e-01
1.699999999999945999e-02,4.190000000000000391e-01,1.419999999999999929e+00
2.299999999999968736e-02,4.130000000000000338e-01,1.397000000000000020e+00
1.600000000000001421e-02,4.030000000000000249e-01,8.709999999999999964e-01
9.999999999999786837e-03,4.159999999999999254e-01,1.127000000000000002e+00
2.799999999999869260e-02,4.030000000000000249e-01,1.217999999999999972e+00
3.099999999999880629e-02,3.940000000000001279e-01,9.849999999999999867e-01
6.299999999999883471e-02,3.629999999999999893e-01,8.390000000000000790e-01
4.899999999999948841e-02,3.840000000000001190e-01,1.147999999999999909e+00
3.899999999999970157e-02,3.890000000000000124e-01,1.034999999999999920e+00
5.100000000000015632e-02,3.850000000000000089e-01,1.243999999999999995e+00
1.999999999999957367e-02,4.090000000000000302e-01,1.161999999999999922e+00
3.699999999999903366e-02,3.820000000000001172e-01,7.479999999999999982e-01
2.999999999999936051e-02,3.979999999999999094e-01,1.087999999999999856e+00
3.599999999999958789e-02,3.870000000000000107e-01,9.020000000000000240e-01
4.299999999999926104e-02,3.820000000000001172e-01,8.990000000000000213e-01
1.900000000000012790e-02,4.199999999999999289e-01,1.528000000000000025e+00
2.099999999999901945e-02,4.130000000000000338e-01,1.354999999999999982e+00
2.999999999999936051e-02,3.900000000000001243e-01,7.820000000000000284e-01
5.199999999999960210e-02,3.729999999999999982e-01,8.589999999999999858e-01
4.299999999999926104e-02,3.800000000000001155e-01,8.430000000000000826e-01
2.999999999999936051e-02,4.039999999999999147e-01,1.309999999999999831e+00
1.699999999999945999e-02,4.030000000000000249e-01,8.820000000000000062e-01
1.600000000000001421e-02,4.039999999999999147e-01,8.990000000000000213e-01
6.999999999999673150e-03,4.150000000000000355e-01,9.789999999999999813e-01
5.999999999999872102e-02,3.660000000000001030e-01,8.539999999999999813e-01
3.399999999999891998e-02,4.030000000000000249e-01,1.375999999999999890e+00
4.999999999999893419e-02,3.700000000000001066e-01,6.890000000000000568e-01
1.199999999999867839e-02,4.079999999999999183e-01,9.050000000000000266e-01
4.399999999999870681e-02,3.820000000000001172e-01,9.620000000000000773e-01
4.999999999999005240e-03,4.270000000000000462e-01,1.364999999999999991e+00
1.799999999999890576e-02,4.079999999999999183e-01,1.075999999999999845e+00
5.100000000000015632e-02,3.820000000000001172e-01,1.171999999999999931e+00
3.399999999999891998e-02,4.110000000000000320e-01,1.679999999999999938e+00
3.999999999999559464e-03,4.150000000000000355e-01,9.220000000000000417e-01
1.999999999998891553e-03,4.270000000000000462e-01,1.254000000000000004e+00
5.399999999999849365e-02,3.689999999999999947e-01,7.820000000000000284e-01
1.900000000000012790e-02,4.159999999999999254e-01,1.403999999999999915e+00
3.099999999999880629e-02,4.110000000000000320e-01,1.597999999999999865e+00
3.299999999999947420e-02,4.030000000000000249e-01,1.356999999999999984e+00
1.799999999999890576e-02,4.110000000000000320e-01,1.191999999999999948e+00
6.899999999999906208e-02,3.540000000000000924e-01,6.800000000000000488e-01
5.299999999999904787e-02,3.760000000000001119e-01,1.020999999999999908e+00
3.500000000000014211e-02,4.039999999999999147e-01,1.460999999999999854e+00
4.999999999999893419e-02,3.860000000000001208e-01,1.276000000000000023e+00
4.899999999999948841e-02,3.780000000000001137e-01,9.630000000000000782e-01
2.999999999999936051e-02,4.050000000000000266e-01,1.328999999999999959e+00
2.599999999999980105e-02,3.999999999999999112e-01,1.016000000000000014e+00
2.199999999999846523e-02,4.059999999999999165e-01,1.112999999999999989e+00
4.499999999999992895e-02,3.760000000000001119e-01,7.580000000000000071e-01
1.999999999998891553e-03,4.290000000000000480e-01,1.346999999999999975e+00
3.299999999999947420e-02,3.950000000000000178e-01,1.080999999999999961e+00
5.999999999998451017e-03,4.199999999999999289e-01,1.116999999999999993e+00
1.199999999999867839e-02,4.239999999999999325e-01,1.477999999999999980e+00
3.899999999999970157e-02,3.810000000000000053e-01,7.409999999999999920e-01
1.699999999999945999e-02,4.190000000000000391e-01,1.449999999999999956e+00
2.599999999999980105e-02,4.079999999999999183e-01,1.328999999999999959e+00
4.199999999999981526e-02,3.910000000000000142e-01,1.211999999999999966e+00
5.299999999999904787e-02,3.709999999999999964e-01,8.130000000000000560e-01
1.399999999999934630e-02,4.059999999999999165e-01,8.729999999999999982e-01
2.099999999999901945e-02,4.019999999999999130e-01,9.729999999999999760e-01
8.999999999998564704e-03,4.099999999999999201e-01,8.770000000000000018e-01
1.099999999999923261e-02,4.170000000000000373e-01,1.169999999999999929e+00
1.499999999999879208e-02,4.159999999999999254e-01,1.283999999999999808e+00
1.999999999999957367e-02,4.179999999999999272e-01,1.480999999999999872e+00
2.699999999999924682e-02,3.960000000000001297e-01,9.130000000000000338e-01
3.799999999999847944e-02,3.950000000000000178e-01,1.222999999999999865e+00
4.699999999999882050e-02,3.800000000000001155e-01,9.590000000000000746e-01
5.799999999999982947e-02,3.700000000000001066e-01,9.550000000000000711e-01
3.099999999999880629e-02,3.880000000000001226e-01,7.660000000000000142e-01
9.999999999994457767e-04,4.310000000000000497e-01,1.393999999999999906e+00
4.999999999999005240e-03,4.170000000000000373e-01,9.969999999999999973e-01
1.900000000000012790e-02,4.079999999999999183e-01,1.106999999999999984e+00
4.999999999999005240e-03,4.259999999999999343e-01,1.298999999999999932e+00
1.999999999999957367e-02,4.010000000000000231e-01,8.950000000000000178e-01
3.899999999999970157e-02,3.990000000000000213e-01,1.381000000000000005e+00
4.599999999999937472e-02,3.800000000000001155e-01,9.130000000000000338e-01
3.000000000000113687e-03,4.219999999999999307e-01,1.123999999999999888e+00
2.499999999999857891e-02,4.110000000000000320e-01,1.395999999999999908e+00
3.999999999999914735e-02,3.950000000000000178e-01,1.258999999999999897e+00
3.599999999999958789e-02,4.019999999999999130e-01,1.407000000000000028e+00
3.999999999999914735e-02,4.010000000000000231e-01,1.487999999999999989e+00
5.999999999998451017e-03,4.119999999999999218e-01,8.880000000000000115e-01
5.199999999999960210e-02,3.770000000000000018e-01,1.030999999999999917e+00
2.599999999999980105e-02,4.070000000000000284e-01,1.290999999999999925e+00
5.699999999999860734e-02,3.689999999999999947e-01,8.800000000000000044e-01
5.199999999999960210e-02,3.780000000000001137e-01,1.028000000000000025e+00
3.599999999999958789e-02,3.910000000000000142e-01,1.038999999999999924e+00
1.399999999999934630e-02,4.119999999999999218e-01,1.106999999999999984e+00
9.999999999999786837e-03,4.139999999999999236e-01,1.047999999999999821e+00
1.199999999999867839e-02,4.230000000000000426e-01,1.436999999999999833e+00
2.699999999999924682e-02,4.130000000000000338e-01,1.506999999999999895e+00
4.099999999999859313e-02,3.960000000000001297e-01,1.343999999999999861e+00
4.299999999999926104e-02,3.890000000000000124e-01,1.147999999999999909e+00
1.699999999999945999e-02,4.110000000000000320e-01,1.160999999999999810e+00
1.999999999998891553e-03,4.199999999999999289e-01,1.040999999999999925e+00
5.499999999999971578e-02,3.770000000000000018e-01,1.099999999999999867e+00
5.399999999999849365e-02,3.700000000000001066e-01,8.180000000000000604e-01
5.999999999998451017e-03,4.230000000000000426e-01,1.258000000000000007e+00
7.999999999999118927e-03,4.219999999999999307e-01,1.300999999999999934e+00
5.799999999999982947e-02,3.609999999999999876e-01,6.460000000000000187e-01
1.499999999999879208e-02,4.179999999999999272e-01,1.349999999999999867e+00
1.900000000000012790e-02,4.159999999999999254e-01,1.362999999999999989e+00
3.799999999999847944e-02,3.870000000000000107e-01,9.210000000000000409e-01
3.399999999999891998e-02,4.010000000000000231e-01,1.304999999999999938e+00
2.499999999999857891e-02,4.030000000000000249e-01,1.101999999999999869e+00
1.600000000000001421e-02,4.219999999999999307e-01,1.502999999999999892e+00
2.099999999999901945e-02,4.199999999999999289e-01,1.587999999999999856e+00
1.600000000000001421e-02,4.219999999999999307e-01,1.514000000000000012e+00
2.899999999999991473e-02,4.130000000000000338e-01,1.597999999999999865e+00
2.699999999999924682e-02,4.059999999999999165e-01,1.294999999999999929e+00
2.499999999999857891e-02,4.019999999999999130e-01,1.086999999999999966e+00
1.299999999999990052e-02,4.219999999999999307e-01,1.421999999999999931e+00
2.099999999999901945e-02,4.039999999999999147e-01,1.030000000000000027e+00
2.099999999999901945e-02,4.039999999999999147e-01,1.022000000000000020e+00
2.299999999999968736e-02,4.139999999999999236e-01,1.451999999999999957e+00
1.699999999999945999e-02,4.050000000000000266e-01,9.400000000000000577e-01
4.999999999999005240e-03,4.159999999999999254e-01,9.590000000000000746e-01
4.699999999999882050e-02,3.780000000000001137e-01,8.820000000000000062e-01
9.999999999999786837e-03,4.110000000000000320e-01,9.580000000000000737e-01
2.199999999999846523e-02,4.039999999999999147e-01,1.051999999999999824e+00
4.099999999999859313e-02,3.890000000000000124e-01,1.092999999999999972e+00
6.400000000000005684e-02,3.609999999999999876e-01,8.030000000000000471e-01
4.599999999999937472e-02,3.820000000000001172e-01,1.010000000000000009e+00
3.500000000000014211e-02,4.019999999999999130e-01,1.387000000000000011e+00
3.299999999999947420e-02,3.930000000000000160e-01,9.819999999999999840e-01
1.699999999999945999e-02,4.059999999999999165e-01,9.680000000000000826e-01
1.699999999999945999e-02,4.179999999999999272e-01,1.422999999999999821e+00
8.999999999998564704e-03,4.110000000000000320e-01,9.030000000000000249e-01
4.999999999999005240e-03,4.170000000000000373e-01,1.000999999999999890e+00
2.999999999999936051e-02,3.940000000000001279e-01,9.610000000000000764e-01
5.799999999999982947e-02,3.709999999999999964e-01,9.650000000000000799e-01
1.499999999999879208e-02,4.119999999999999218e-01,1.131000000000000005e+00
4.399999999999870681e-02,3.880000000000001226e-01,1.179999999999999938e+00
2.099999999999901945e-02,4.130000000000000338e-01,1.354999999999999982e+00
4.999999999999893419e-02,3.740000000000001101e-01,8.519999999999999796e-01
3.000000000000113687e-03,4.299999999999999378e-01,1.432999999999999829e+00
3.699999999999903366e-02,3.860000000000001208e-01,8.860000000000000098e-01
1.999999999998891553e-03,4.170000000000000373e-01,9.090000000000000302e-01
1.199999999999867839e-02,4.070000000000000284e-01,8.830000000000000071e-01
1.299999999999990052e-02,4.150000000000000355e-01,1.179999999999999938e+00
5.999999999998451017e-03,4.270000000000000462e-01,1.389000000000000012e+00
3.399999999999891998e-02,4.010000000000000231e-01,1.307999999999999829e+00
1.799999999999890576e-02,4.030000000000000249e-01,9.110000000000000320e-01
4.099999999999859313e-02,3.960000000000001297e-01,1.347999999999999865e+00
2.099999999999901945e-02,4.050000000000000266e-01,1.070999999999999952e+00
1.999999999998891553e-03,4.210000000000000409e-01,1.064999999999999947e+00
1.799999999999890576e-02,4.170000000000000373e-01,1.403000000000000025e+00
1.499999999999879208e-02,4.190000000000000391e-01,1.379000000000000004e+00
5.499999999999971578e-02,3.750000000000000000e-01,1.022000000000000020e+00
5.399999999999849365e-02,3.689999999999999947e-01,7.780000000000000249e-01
3.599999999999958789e-02,4.099999999999999201e-01,1.693999999999999950e+00
4.299999999999926104e-02,3.890000000000000124e-01,1.158999999999999808e+00
5.899999999999927525e-02,3.669999999999999929e-01,8.629999999999999893e-01
5.699999999999860734e-02,3.629999999999999893e-01,6.850000000000000533e-01
4.999999999999005240e-03,4.239999999999999325e-01,1.278999999999999915e+00
4.999999999999005240e-03,4.199999999999999289e-01,1.143000000000000016e+00
1.299999999999990052e-02,4.139999999999999236e-01,1.133000000000000007e+00
2.999999999999936051e-02,3.910000000000000142e-01,8.499999999999999778e-01
4.099999999999859313e-02,3.780000000000001137e-01,7.219999999999999751e-01
1.099999999999923261e-02,4.190000000000000391e-01,1.242999999999999883e+00
2.899999999999991473e-02,3.940000000000001279e-01,9.050000000000000266e-01
1.799999999999890576e-02,4.039999999999999147e-01,9.320000000000000506e-01
1.199999999999867839e-02,4.219999999999999307e-01,1.403000000000000025e+00
3.399999999999891998e-02,3.920000000000001261e-01,1.004999999999999893e+00
1.900000000000012790e-02,4.130000000000000338e-01,1.297999999999999821e+00
7.999999999999118927e-03,4.139999999999999236e-01,1.012999999999999901e+00
3.899999999999970157e-02,3.960000000000001297e-01,1.315999999999999837e+00
3.699999999999903366e-02,3.979999999999999094e-01,1.292999999999999927e+00
2.399999999999913314e-02,4.139999999999999236e-01,1.488999999999999879e+00
2.999999999999936051e-02,3.940000000000001279e-01,9.470000000000000639e-01
4.800000000000004263e-02,3.890000000000000124e-01,1.306999999999999940e+00
4.699999999999882050e-02,3.890000000000000124e-01,1.278000000000000025e+00
4.599999999999937472e-02,3.830000000000000071e-01,1.042999999999999927e+00
5.499999999999971578e-02,3.760000000000001119e-01,1.067999999999999838e+00
3.999999999999914735e-02,3.960000000000001297e-01,1.287999999999999812e+00
3.099999999999880629e-02,4.039999999999999147e-01,1.346999999999999975e+00
2.099999999999901945e-02,4.090000000000000302e-01,1.198999999999999844e+00
2.399999999999913314e-02,4.170000000000000373e-01,1.598999999999999977e+00
3.799999999999847944e-02,3.950000000000000178e-01,1.231999999999999984e+00
2.999999999999936051e-02,4.110000000000000320e-01,1.549999999999999822e+00
3.200000000000002842e-02,4.059999999999999165e-01,1.433999999999999941e+00
2.999999999999936051e-02,4.059999999999999165e-01,1.368999999999999995e+00
3.299999999999947420e-02,3.979999999999999094e-01,1.186999999999999833e+00
3.699999999999903366e-02,3.850000000000000089e-01,8.559999999999999831e-01
1.099999999999923261e-02,4.090000000000000302e-01,9.040000000000000258e-01
2.799999999999869260e-02,4.010000000000000231e-01,1.129000000000000004e+00
5.399999999999849365e-02,3.760000000000001119e-01,1.047999999999999821e+00
5.299999999999904787e-02,3.790000000000000036e-01,1.111999999999999877e+00
2.899999999999991473e-02,4.110000000000000320e-01,1.510999999999999899e+00
1.600000000000001421e-02,4.039999999999999147e-01,8.820000000000000062e-01
4.999999999999893419e-02,3.740000000000001101e-01,8.260000000000000675e-01
3.299999999999947420e-02,3.930000000000000160e-01,9.749999999999999778e-01
9.999999999994457767e-04,4.299999999999999378e-01,1.333999999999999853e+00
5.399999999999849365e-02,3.689999999999999947e-01,7.910000000000000364e-01
1.799999999999890576e-02,4.039999999999999147e-01,9.100000000000000311e-01
4.199999999999981526e-02,3.810000000000000053e-01,8.569999999999999840e-01
2.999999999999936051e-02,4.050000000000000266e-01,1.344999999999999973e+00
2.299999999999968736e-02,4.110000000000000320e-01,1.325999999999999845e+00
4.399999999999870681e-02,3.910000000000000142e-01,1.258999999999999897e+00
4.699999999999882050e-02,3.760000000000001119e-01,8.030000000000000471e-01
1.699999999999945999e-02,4.079999999999999183e-01,1.049999999999999822e+00
9.999999999999786837e-03,4.199999999999999289e-01,1.258000000000000007e+00
5.799999999999982947e-02,3.700000000000001066e-01,9.390000000000000568e-01
2.099999999999901945e-02,4.079999999999999183e-01,1.164999999999999813e+00
3.999999999999914735e-02,3.910000000000000142e-01,1.129999999999999893e+00
4.399999999999870681e-02,3.960000000000001297e-01,1.443999999999999950e+00
2.599999999999980105e-02,4.150000000000000355e-01,1.549999999999999822e+00
6.499999999999950262e-02,3.589999999999999858e-01,7.640000000000000124e-01
2.899999999999991473e-02,4.019999999999999130e-01,1.200999999999999845e+00
4.499999999999992895e-02,3.900000000000001243e-01,1.250000000000000000e+00
4.099999999999859313e-02,3.950000000000000178e-01,1.309999999999999831e+00
3.500000000000014211e-02,3.920000000000001261e-01,1.004000000000000004e+00
1.099999999999923261e-02,4.139999999999999236e-01,1.092999999999999972e+00
1.900000000000012790e-02,4.090000000000000302e-01,1.141000000000000014e+00
4.899999999999948841e-02,3.790000000000000036e-01,9.959999999999999964e-01
1.600000000000001421e-02,4.090000000000000302e-01,1.060999999999999943e+00
5.199999999999960210e-02,3.729999999999999982e-01,8.519999999999999796e-01
4.800000000000004263e-02,3.770000000000000018e-01,8.910000000000000142e-01
2.199999999999846523e-02,4.019999999999999130e-01,1.002999999999999892e+00
3.299999999999947420e-02,4.099999999999999201e-01,1.596999999999999975e+00
5.100000000000015632e-02,3.750000000000000000e-01,9.260000000000000453e-01
4.399999999999870681e-02,3.840000000000001190e-01,1.000000000000000000e+00
6.099999999999994316e-02,3.649999999999999911e-01,8.599999999999999867e-01
5.299999999999904787e-02,3.689999999999999947e-01,7.620000000000000107e-01
3.799999999999847944e-02,3.990000000000000213e-01,1.349999999999999867e+00
1.799999999999890576e-02,4.099999999999999201e-01,1.155000000000000027e+00
3.299999999999947420e-02,3.960000000000001297e-01,1.100999999999999979e+00
4.899999999999948841e-02,3.780000000000001137e-01,9.739999999999999769e-01
1.399999999999934630e-02,4.130000000000000338e-01,1.139000000000000012e+00
6.999999999999850786e-02,3.509999999999999787e-01,6.129999999999999893e-01
1.299999999999990052e-02,4.150000000000000355e-01,1.184999999999999831e+00
1.900000000000012790e-02,4.159999999999999254e-01,1.417999999999999927e+00
3.099999999999880629e-02,4.110000000000000320e-01,1.573999999999999844e+00
5.499999999999971578e-02,3.760000000000001119e-01,1.076999999999999957e+00
4.699999999999882050e-02,3.840000000000001190e-01,1.115999999999999881e+00
5.499999999999971578e-02,3.700000000000001066e-01,8.330000000000000737e-01
4.800000000000004263e-02,3.750000000000000000e-01,8.260000000000000675e-01
4.399999999999870681e-02,3.820000000000001172e-01,9.490000000000000657e-01
3.099999999999880629e-02,3.960000000000001297e-01,1.059999999999999831e+00
3.599999999999958789e-02,3.950000000000000178e-01,1.149000000000000021e+00
5.100000000000015632e-02,3.720000000000001084e-01,7.950000000000000400e-01
5.699999999999860734e-02,3.629999999999999893e-01,6.620000000000000329e-01
6.999999999999673150e-03,4.250000000000000444e-01,1.338999999999999968e+00
1.999999999999957367e-02,4.039999999999999147e-01,1.002000000000000002e+00
6.999999999999673150e-03,4.270000000000000462e-01,1.425999999999999934e+00
3.999999999999559464e-03,4.190000000000000391e-01,1.047999999999999821e+00
1.099999999999923261e-02,4.130000000000000338e-01,1.022000000000000020e+00
4.399999999999870681e-02,3.880000000000001226e-01,1.151000000000000023e+00
4.999999999999005240e-03,4.270000000000000462e-01,1.358999999999999986e+00
2.099999999999901945e-02,4.090000000000000302e-01,1.205999999999999961e+00
5.999999999999872102e-02,3.669999999999999929e-01,9.220000000000000417e-01
3.599999999999958789e-02,4.070000000000000284e-01,1.576999999999999957e+00
4.999999999999005240e-03,4.270000000000000462e-01,1.346999999999999975e+00
3.799999999999847944e-02,4.030000000000000249e-01,1.522000000000000020e+00
5.699999999999860734e-02,3.680000000000001048e-01,8.380000000000000782e-01
4.399999999999870681e-02,3.940000000000001279e-01,1.368999999999999995e+00
5.999999999998451017e-03,4.219999999999999307e-01,1.220999999999999863e+00
3.899999999999970157e-02,4.019999999999999130e-01,1.504000000000000004e+00
4.099999999999859313e-02,3.790000000000000036e-01,7.389999999999999902e-01
2.599999999999980105e-02,3.950000000000000178e-01,8.699999999999999956e-01
1.900000000000012790e-02,4.150000000000000355e-01,1.333999999999999853e+00
4.699999999999882050e-02,3.920000000000001261e-01,1.375000000000000000e+00
3.999999999999914735e-02,4.010000000000000231e-01,1.490999999999999881e+00
3.500000000000014211e-02,3.990000000000000213e-01,1.280999999999999917e+00
2.299999999999968736e-02,4.139999999999999236e-01,1.452999999999999847e+00
2.899999999999991473e-02,4.139999999999999236e-01,1.619999999999999885e+00
2.599999999999980105e-02,4.059999999999999165e-01,1.264999999999999902e+00
3.999999999999914735e-02,3.800000000000001155e-01,7.279999999999999805e-01
4.999999999999005240e-03,4.190000000000000391e-01,1.079999999999999849e+00
3.999999999999914735e-02,3.840000000000001190e-01,8.920000000000000151e-01
1.199999999999867839e-02,4.099999999999999201e-01,9.470000000000000639e-01
2.599999999999980105e-02,3.940000000000001279e-01,8.459999999999999742e-01
3.399999999999891998e-02,3.979999999999999094e-01,1.187999999999999945e+00
6.599999999999894840e-02,3.560000000000000941e-01,7.050000000000000711e-01
4.499999999999992895e-02,3.890000000000000124e-01,1.210999999999999854e+00
1.099999999999923261e-02,4.110000000000000320e-01,9.899999999999999911e-01
6.099999999999994316e-02,3.649999999999999911e-01,8.709999999999999964e-01
4.099999999999859313e-02,3.979999999999999094e-01,1.421999999999999931e+00
4.099999999999859313e-02,3.840000000000001190e-01,9.210000000000000409e-01
4.299999999999926104e-02,3.800000000000001155e-01,8.320000000000000728e-01
2.999999999999936051e-02,4.119999999999999218e-01,1.560999999999999943e+00
1.999999999999957367e-02,4.159999999999999254e-01,1.435999999999999943e+00
1.199999999999867839e-02,4.099999999999999201e-01,9.719999999999999751e-01
5.599999999999916156e-02,3.700000000000001066e-01,8.659999999999999920e-01
1.999999999999957367e-02,4.199999999999999289e-01,1.557999999999999829e+00
3.200000000000002842e-02,4.119999999999999218e-01,1.620999999999999996e+00
3.000000000000113687e-03,4.250000000000000444e-01,1.252999999999999892e+00
4.099999999999859313e-02,3.940000000000001279e-01,1.282000000000000028e+00
1.900000000000012790e-02,4.210000000000000409e-01,1.555999999999999828e+00
8.999999999998564704e-03,4.139999999999999236e-01,9.989999999999999991e-01
1.399999999999934630e-02,4.130000000000000338e-01,1.143000000000000016e+00
2.699999999999924682e-02,4.130000000000000338e-01,1.522999999999999909e+00
4.999999999999893419e-02,3.800000000000001155e-01,1.052999999999999936e+00
4.999999999999005240e-03,4.230000000000000426e-01,1.202999999999999847e+00
1.999999999999957367e-02,4.179999999999999272e-01,1.489999999999999991e+00
2.599999999999980105e-02,3.940000000000001279e-01,8.440000000000000835e-01
2.099999999999901945e-02,4.010000000000000231e-01,9.190000000000000391e-01
3.599999999999958789e-02,4.079999999999999183e-01,1.629000000000000004e+00
2.999999999999936051e-02,3.970000000000000195e-01,1.065999999999999837e+00
2.499999999999857891e-02,3.979999999999999094e-01,9.580000000000000737e-01
1.099999999999923261e-02,4.179999999999999272e-01,1.220999999999999863e+00
1.299999999999990052e-02,4.110000000000000320e-01,1.026000000000000023e+00
1.099999999999923261e-02,4.159999999999999254e-01,1.162999999999999812e+00
2.699999999999924682e-02,3.930000000000000160e-01,8.110000000000000542e-01
1.699999999999945999e-02,4.070000000000000284e-01,1.018999999999999906e+00
4.399999999999870681e-02,3.970000000000000195e-01,1.464999999999999858e+00
5.899999999999927525e-02,3.629999999999999893e-01,7.030000000000000693e-01
2.099999999999901945e-02,4.090000000000000302e-01,1.214999999999999858e+00
1.399999999999934630e-02,4.190000000000000391e-01,1.345999999999999863e+00
3.500000000000014211e-02,3.970000000000000195e-01,1.182999999999999829e+00
2.799999999999869260e-02,4.010000000000000231e-01,1.149000000000000021e+00
8.999999999998564704e-03,4.259999999999999343e-01,1.436999999999999833e+00
2.799999999999869260e-02,3.979999999999999094e-01,1.014000000000000012e+00
2.299999999999968736e-02,3.990000000000000213e-01,9.310000000000000497e-01
1.499999999999879208e-02,4.050000000000000266e-01,8.890000000000000124e-01
6.999999999999673150e-03,4.170000000000000373e-01,1.067999999999999838e+00
3.899999999999970157e-02,3.820000000000001172e-01,8.220000000000000639e-01
8.999999999998564704e-03,4.259999999999999343e-01,1.452999999999999847e+00
2.999999999999936051e-02,3.930000000000000160e-01,9.040000000000000258e-01
4.800000000000004263e-02,3.810000000000000053e-01,1.026999999999999913e+00
3.799999999999847944e-02,4.010000000000000231e-01,1.437999999999999945e+00
4.599999999999937472e-02,3.900000000000001243e-01,1.290999999999999925e+00
2.399999999999913314e-02,4.159999999999999254e-01,1.552999999999999936e+00
2.199999999999846523e-02,4.130000000000000338e-01,1.363999999999999879e+00
2.199999999999846523e-02,4.070000000000000284e-01,1.139000000000000012e+00
1.399999999999934630e-02,4.139999999999999236e-01,1.190999999999999837e+00
1.900000000000012790e-02,4.030000000000000249e-01,9.380000000000000560e-01
3.399999999999891998e-02,4.019999999999999130e-01,1.343999999999999861e+00
2.799999999999869260e-02,4.130000000000000338e-01,1.566999999999999948e+00
4.099999999999859313e-02,4.030000000000000249e-01,1.582999999999999963e+00
2.299999999999968736e-02,4.150000000000000355e-01,1.484999999999999876e+00
3.799999999999847944e-02,3.870000000000000107e-01,9.380000000000000560e-01
5.999999999999872102e-02,3.669999999999999929e-01,8.790000000000000036e-01
7.999999999999118927e-03,4.159999999999999254e-01,1.073999999999999844e+00
4.699999999999882050e-02,3.800000000000001155e-01,9.749999999999999778e-01
8.999999999998564704e-03,4.130000000000000338e-01,9.909999999999999920e-01
5.100000000000015632e-02,3.840000000000001190e-01,1.221999999999999975e+00
2.599999999999980105e-02,4.159999999999999254e-01,1.590999999999999970e+00
2.999999999999936051e-02,4.079999999999999183e-01,1.467999999999999972e+00
5.399999999999849365e-02,3.700000000000001066e-01,8.110000000000000542e-01
1.799999999999890576e-02,4.010000000000000231e-01,8.380000000000000782e-01
2.799999999999869260e-02,4.050000000000000266e-01,1.282999999999999918e+00
5.999999999999872102e-02,3.660000000000001030e-01,8.450000000000000844e-01
2.199999999999846523e-02,4.099999999999999201e-01,1.260999999999999899e+00
3.399999999999891998e-02,4.019999999999999130e-01,1.337999999999999856e+00
4.999999999999005240e-03,4.150000000000000355e-01,9.330000000000000515e-01
3.399999999999891998e-02,4.019999999999999130e-01,1.367999999999999883e+00
3.999999999999559464e-03,4.250000000000000444e-01,1.250999999999999890e+00
1.900000000000012790e-02,4.019999999999999130e-01,9.170000000000000373e-01
0.000000000000000000e+00,4.330000000000000515e-01,1.439999999999999947e+00
2.999999999999936051e-02,4.050000000000000266e-01,1.324999999999999956e+00
3.899999999999970157e-02,4.019999999999999130e-01,1.494999999999999885e+00
2.399999999999913314e-02,3.960000000000001297e-01,8.310000000000000719e-01
0.000000000000000000e+00,4.259999999999999343e-01,1.186999999999999833e+00
8.999999999998564704e-03,4.159999999999999254e-01,1.122999999999999998e+00
1.999999999999957367e-02,4.039999999999999147e-01,1.018000000000000016e+00
5.499999999999971578e-02,3.689999999999999947e-01,8.100000000000000533e-01
2.699999999999924682e-02,4.050000000000000266e-01,1.220999999999999863e+00
2.899999999999991473e-02,3.970000000000000195e-01,1.047999999999999821e+00
8.999999999998564704e-03,4.150000000000000355e-01,1.077999999999999847e+00
8.999999999998564704e-03,4.219999999999999307e-01,1.305999999999999828e+00
1.799999999999890576e-02,4.199999999999999289e-01,1.493999999999999995e+00
4.199999999999981526e-02,3.820000000000001172e-01,8.649999999999999911e-01
4.599999999999937472e-02,3.910000000000000142e-01,1.310999999999999943e+00
4.299999999999926104e-02,3.990000000000000213e-01,1.510999999999999899e+00
4.999999999999893419e-02,3.790000000000000036e-01,1.036999999999999922e+00
1.199999999999867839e-02,4.079999999999999183e-01,9.160000000000000364e-01
4.999999999999893419e-02,3.760000000000001119e-01,9.140000000000000346e-01
3.399999999999891998e-02,4.050000000000000266e-01,1.439999999999999947e+00
2.799999999999869260e-02,3.940000000000001279e-01,9.090000000000000302e-01
3.599999999999958789e-02,4.090000000000000302e-01,1.647000000000000020e+00
4.899999999999948841e-02,3.880000000000001226e-01,1.305999999999999828e+00
3.299999999999947420e-02,4.070000000000000284e-01,1.476999999999999869e+00
2.099999999999901945e-02,4.170000000000000373e-01,1.476999999999999869e+00
4.800000000000004263e-02,3.880000000000001226e-01,1.303999999999999826e+00
5.599999999999916156e-02,3.760000000000001119e-01,1.075999999999999845e+00
1.399999999999934630e-02,4.159999999999999254e-01,1.272000000000000020e+00
3.500000000000014211e-02,3.840000000000001190e-01,7.630000000000000115e-01
2.799999999999869260e-02,4.050000000000000266e-01,1.274000000000000021e+00
5.599999999999916156e-02,3.720000000000001084e-01,9.440000000000000613e-01
3.999999999999914735e-02,3.830000000000000071e-01,8.539999999999999813e-01
1.799999999999890576e-02,4.230000000000000426e-01,1.590999999999999970e+00
1.699999999999945999e-02,4.090000000000000302e-01,1.069999999999999840e+00
3.099999999999880629e-02,3.930000000000000160e-01,9.670000000000000817e-01
4.199999999999981526e-02,3.970000000000000195e-01,1.411999999999999922e+00
2.199999999999846523e-02,4.059999999999999165e-01,1.106999999999999984e+00
5.999999999998451017e-03,4.230000000000000426e-01,1.232999999999999874e+00
1.900000000000012790e-02,4.190000000000000391e-01,1.481999999999999984e+00
2.999999999999936051e-02,3.990000000000000213e-01,1.125999999999999890e+00
1.999999999998891553e-03,4.230000000000000426e-01,1.116999999999999993e+00
2.799999999999869260e-02,4.130000000000000338e-01,1.530000000000000027e+00
5.799999999999982947e-02,3.640000000000001013e-01,7.269999999999999796e-01
3.699999999999903366e-02,3.910000000000000142e-01,1.051999999999999824e+00
3.500000000000014211e-02,4.050000000000000266e-01,1.480999999999999872e+00
2.599999999999980105e-02,3.970000000000000195e-01,9.060000000000000275e-01
1.199999999999867839e-02,4.210000000000000409e-01,1.358999999999999986e+00
5.999999999999872102e-02,3.660000000000001030e-01,8.340000000000000746e-01
3.599999999999958789e-02,4.039999999999999147e-01,1.466999999999999860e+00
1.600000000000001421e-02,4.079999999999999183e-01,1.044999999999999929e+00
4.599999999999937472e-02,3.890000000000000124e-01,1.266000000000000014e+00
3.099999999999880629e-02,3.910000000000000142e-01,8.870000000000000107e-01
5.100000000000015632e-02,3.830000000000000071e-01,1.186999999999999833e+00
9.999999999994457767e-04,4.199999999999999289e-01,9.829999999999999849e-01
8.999999999998564704e-03,4.110000000000000320e-01,9.420000000000000595e-01
1.999999999998891553e-03,4.259999999999999343e-01,1.214999999999999858e+00
2.899999999999991473e-02,3.920000000000001261e-01,8.739999999999999991e-01
5.799999999999982947e-02,3.620000000000000995e-01,6.510000000000000231e-01
9.999999999994457767e-04,4.290000000000000480e-01,1.324999999999999956e+00
5.999999999998451017e-03,4.179999999999999272e-01,1.085999999999999854e+00
2.699999999999924682e-02,4.030000000000000249e-01,1.174999999999999822e+00
2.499999999999857891e-02,4.070000000000000284e-01,1.240999999999999881e+00
3.200000000000002842e-02,3.950000000000000178e-01,1.014000000000000012e+00
1.799999999999890576e-02,4.219999999999999307e-01,1.576999999999999957e+00
4.399999999999870681e-02,3.830000000000000071e-01,9.859999999999999876e-01
8.999999999998564704e-03,4.139999999999999236e-01,1.033999999999999808e+00
4.499999999999992895e-02,3.860000000000001208e-01,1.106999999999999984e+00
8.999999999998564704e-03,4.119999999999999218e-01,9.470000000000000639e-01
3.699999999999903366e-02,3.950000000000000178e-01,1.195999999999999952e+00
2.099999999999901945e-02,4.070000000000000284e-01,1.114999999999999991e+00
4.399999999999870681e-02,3.880000000000001226e-01,1.165999999999999925e+00
4.399999999999870681e-02,3.960000000000001297e-01,1.444999999999999840e+00
2.299999999999968736e-02,4.150000000000000355e-01,1.473999999999999977e+00
3.999999999999559464e-03,4.270000000000000462e-01,1.320999999999999952e+00
2.699999999999924682e-02,4.130000000000000338e-01,1.544999999999999929e+00
1.399999999999934630e-02,4.110000000000000320e-01,1.076999999999999957e+00
5.999999999998451017e-03,4.179999999999999272e-01,1.063999999999999835e+00
5.199999999999960210e-02,3.740000000000001101e-01,9.260000000000000453e-01
4.299999999999926104e-02,3.950000000000000178e-01,1.365999999999999881e+00
4.499999999999992895e-02,3.850000000000000089e-01,1.100999999999999979e+00
4.999999999999893419e-02,3.740000000000001101e-01,8.390000000000000790e-01
2.399999999999913314e-02,4.130000000000000338e-01,1.444999999999999840e+00
3.999999999999914735e-02,3.960000000000001297e-01,1.329999999999999849e+00
2.999999999999936051e-02,4.130000000000000338e-01,1.606999999999999984e+00
1.999999999998891553e-03,4.179999999999999272e-01,9.440000000000000613e-01
5.399999999999849365e-02,3.669999999999999929e-01,7.379999999999999893e-01
1.199999999999867839e-02,4.250000000000000444e-01,1.482999999999999874e+00
3.500000000000014211e-02,3.890000000000000124e-01,9.170000000000000373e-01
1.999999999999957367e-02,4.059999999999999165e-01,1.063999999999999835e+00
3.299999999999947420e-02,4.130000000000000338e-01,1.706999999999999851e+00
2.099999999999901945e-02,4.010000000000000231e-01,8.960000000000000187e-01
9.999999999999786837e-03,4.179999999999999272e-01,1.191999999999999948e+00
1.299999999999990052e-02,4.079999999999999183e-01,9.450000000000000622e-01
1.600000000000001421e-02,4.039999999999999147e-01,8.639999999999999902e-01
2.199999999999846523e-02,4.130000000000000338e-01,1.389000000000000012e+00
4.399999999999870681e-02,3.900000000000001243e-01,1.210999999999999854e+00
2.799999999999869260e-02,4.059999999999999165e-01,1.300999999999999934e+00
2.699999999999924682e-02,4.159999999999999254e-01,1.627999999999999892e+00
3.999999999999914735e-02,3.930000000000000160e-01,1.223999999999999977e+00
1.799999999999890576e-02,4.039999999999999147e-01,9.200000000000000400e-01
4.899999999999948841e-02,3.760000000000001119e-01,8.930000000000000160e-01
0.000000000000000000e+00,4.250000000000000444e-01,1.139000000000000012e+00
4.099999999999859313e-02,3.810000000000000053e-01,8.090000000000000524e-01
1.900000000000012790e-02,4.019999999999999130e-01,9.170000000000000373e-01
2.499999999999857891e-02,4.099999999999999201e-01,1.377000000000000002e+00
8.999999999998564704e-03,4.159999999999999254e-01,1.096999999999999975e+00
4.599999999999937472e-02,3.900000000000001243e-01,1.284999999999999920e+00
4.299999999999926104e-02,3.900000000000001243e-01,1.212999999999999856e+00
1.900000000000012790e-02,4.030000000000000249e-01,9.400000000000000577e-01
4.999999999999005240e-03,4.279999999999999361e-01,1.389000000000000012e+00
0.000000000000000000e+00,4.230000000000000426e-01,1.070999999999999952e+00
4.399999999999870681e-02,3.950000000000000178e-01,1.393999999999999906e+00
4.699999999999882050e-02,3.790000000000000036e-01,9.220000000000000417e-01
3.999999999999914735e-02,3.810000000000000053e-01,7.940000000000000391e-01
2.899999999999991473e-02,3.930000000000000160e-01,8.719999999999999973e-01
1.999999999998891553e-03,4.299999999999999378e-01,1.375000000000000000e+00
2.999999999999936051e-02,3.890000000000000124e-01,7.910000000000000364e-01
3.599999999999958789e-02,3.910000000000000142e-01,9.929999999999999938e-01
1.199999999999867839e-02,4.110000000000000320e-01,9.979999999999999982e-01
1.900000000000012790e-02,4.159999999999999254e-01,1.387999999999999901e+00
1.600000000000001421e-02,4.190000000000000391e-01,1.417999999999999927e+00
6.299999999999883471e-02,3.620000000000000995e-01,8.060000000000000497e-01
1.399999999999934630e-02,4.059999999999999165e-01,9.080000000000000293e-01
1.699999999999945999e-02,4.170000000000000373e-01,1.346999999999999975e+00
2.399999999999913314e-02,3.990000000000000213e-01,9.220000000000000417e-01
2.299999999999968736e-02,4.190000000000000391e-01,1.621999999999999886e+00
2.599999999999980105e-02,4.010000000000000231e-01,1.072999999999999954e+00
4.599999999999937472e-02,3.870000000000000107e-01,1.188999999999999835e+00
4.199999999999981526e-02,3.920000000000001261e-01,1.245999999999999996e+00
2.699999999999924682e-02,3.930000000000000160e-01,8.350000000000000755e-01
4.199999999999981526e-02,3.960000000000001297e-01,1.363999999999999879e+00
4.699999999999882050e-02,3.830000000000000071e-01,1.083999999999999853e+00
3.799999999999847944e-02,3.999999999999999112e-01,1.418999999999999817e+00
1.799999999999890576e-02,4.159999999999999254e-01,1.362999999999999989e+00
3.200000000000002842e-02,3.930000000000000160e-01,9.690000000000000835e-01
1.600000000000001421e-02,4.030000000000000249e-01,8.469999999999999751e-01
3.999999999999914735e-02,3.860000000000001208e-01,9.550000000000000711e-01
4.299999999999926104e-02,3.840000000000001190e-01,1.006999999999999895e+00
3.200000000000002842e-02,4.050000000000000266e-01,1.385000000000000009e+00
4.699999999999882050e-02,3.860000000000001208e-01,1.180999999999999828e+00
1.499999999999879208e-02,4.210000000000000409e-01,1.438999999999999835e+00
5.299999999999904787e-02,3.720000000000001084e-01,8.469999999999999751e-01
4.199999999999981526e-02,3.979999999999999094e-01,1.431999999999999940e+00
2.999999999999936051e-02,4.010000000000000231e-01,1.179999999999999938e+00
3.599999999999958789e-02,3.979999999999999094e-01,1.272999999999999909e+00
6.999999999999673150e-03,4.250000000000000444e-01,1.345999999999999863e+00
1.600000000000001421e-02,4.050000000000000266e-01,9.020000000000000240e-01
4.899999999999948841e-02,3.860000000000001208e-01,1.237999999999999989e+00
3.000000000000113687e-03,4.159999999999999254e-01,9.060000000000000275e-01
3.799999999999847944e-02,3.979999999999999094e-01,1.334999999999999964e+00
1.199999999999867839e-02,4.170000000000000373e-01,1.210999999999999854e+00
1.900000000000012790e-02,4.010000000000000231e-01,8.599999999999999867e-01
5.199999999999960210e-02,3.709999999999999964e-01,7.750000000000000222e-01
3.799999999999847944e-02,3.840000000000001190e-01,8.479999999999999760e-01
4.099999999999859313e-02,3.850000000000000089e-01,9.540000000000000702e-01
5.999999999998451017e-03,4.219999999999999307e-01,1.193999999999999950e+00
2.399999999999913314e-02,4.050000000000000266e-01,1.137999999999999901e+00
2.799999999999869260e-02,3.950000000000000178e-01,9.130000000000000338e-01
3.999999999999559464e-03,4.250000000000000444e-01,1.254999999999999893e+00
1.499999999999879208e-02,4.050000000000000266e-01,8.990000000000000213e-01
5.299999999999904787e-02,3.760000000000001119e-01,9.929999999999999938e-01
4.299999999999926104e-02,3.940000000000001279e-01,1.319999999999999840e+00
2.499999999999857891e-02,4.039999999999999147e-01,1.164999999999999813e+00
0.000000000000000000e+00,4.230000000000000426e-01,1.072999999999999954e+00
4.699999999999882050e-02,3.890000000000000124e-01,1.268000000000000016e+00
3.599999999999958789e-02,3.920000000000001261e-01,1.082999999999999963e+00
3.399999999999891998e-02,4.079999999999999183e-01,1.559999999999999831e+00
6.999999999999673150e-03,4.190000000000000391e-01,1.151999999999999913e+00
3.699999999999903366e-02,3.950000000000000178e-01,1.204999999999999849e+00
2.599999999999980105e-02,4.119999999999999218e-01,1.448999999999999844e+00
6.999999999999673150e-03,4.130000000000000338e-01,9.200000000000000400e-01
2.899999999999991473e-02,4.099999999999999201e-01,1.481999999999999984e+00
4.599999999999937472e-02,3.790000000000000036e-01,8.910000000000000142e-01
5.399999999999849365e-02,3.740000000000001101e-01,9.420000000000000595e-01
5.399999999999849365e-02,3.700000000000001066e-01,8.260000000000000675e-01
0.000000000000000000e+00,4.259999999999999343e-01,1.176999999999999824e+00
2.199999999999846523e-02,4.050000000000000266e-01,1.098999999999999977e+00
3.999999999999559464e-03,4.230000000000000426e-01,1.167999999999999927e+00
2.999999999999936051e-02,3.999999999999999112e-01,1.167999999999999927e+00
1.799999999999890576e-02,4.210000000000000409e-01,1.526000000000000023e+00
5.999999999998451017e-03,4.139999999999999236e-01,9.340000000000000524e-01
4.199999999999981526e-02,3.780000000000001137e-01,7.279999999999999805e-01
1.999999999998891553e-03,4.319999999999999396e-01,1.455999999999999961e+00
5.199999999999960210e-02,3.680000000000001048e-01,6.910000000000000586e-01
0.000000000000000000e+00,4.270000000000000462e-01,1.180999999999999828e+00
4.299999999999926104e-02,3.790000000000000036e-01,8.060000000000000497e-01
3.399999999999891998e-02,3.930000000000000160e-01,1.014000000000000012e+00
1.199999999999867839e-02,4.219999999999999307e-01,1.401000000000000023e+00
7.999999999999118927e-03,4.210000000000000409e-01,1.229999999999999982e+00
3.999999999999914735e-02,3.999999999999999112e-01,1.455999999999999961e+00
5.799999999999982947e-02,3.680000000000001048e-01,8.910000000000000142e-01
5.499999999999971578e-02,3.729999999999999982e-01,9.570000000000000728e-01
5.999999999998451017e-03,4.159999999999999254e-01,9.949999999999999956e-01
2.499999999999857891e-02,4.010000000000000231e-01,1.044999999999999929e+00
9.999999999994457767e-04,4.299999999999999378e-01,1.342999999999999972e+00
1.799999999999890576e-02,4.119999999999999218e-01,1.224999999999999867e+00
1.299999999999990052e-02,4.210000000000000409e-01,1.408999999999999808e+00
1.600000000000001421e-02,4.230000000000000426e-01,1.530000000000000027e+00
1.699999999999945999e-02,4.070000000000000284e-01,1.036999999999999922e+00
1.199999999999867839e-02,4.079999999999999183e-01,9.030000000000000249e-01
4.399999999999870681e-02,3.960000000000001297e-01,1.410999999999999810e+00
4.099999999999859313e-02,3.900000000000001243e-01,1.129000000000000004e+00
1.499999999999879208e-02,2.000000000000001776e-03,2.375999999999999890e+00
2.099999999999901945e-02,7.000000000000117240e-03,2.348999999999999755e+00
4.999999999999893419e-02,3.099999999999991651e-02,2.347999999999999865e+00
5.299999999999904787e-02,3.400000000000003020e-02,2.372999999999999776e+00
2.199999999999846523e-02,8.000000000000007105e-03,2.370999999999999996e+00
2.899999999999991473e-02,1.300000000000012257e-02,2.366999999999999993e+00
2.799999999999869260e-02,1.300000000000012257e-02,2.366999999999999993e+00
3.599999999999958789e-02,1.900000000000012790e-02,2.366000000000000103e+00
1.199999999999867839e-02,0.000000000000000000e+00,2.390000000000000124e+00
1.900000000000012790e-02,5.000000000000115463e-03,2.358999999999999986e+00
5.899999999999927525e-02,3.899999999999992362e-02,2.368999999999999773e+00
1.900000000000012790e-02,5.000000000000115463e-03,2.423999999999999932e+00
1.900000000000012790e-02,6.000000000000005329e-03,2.435999999999999943e+00
4.499999999999992895e-02,2.699999999999991296e-02,2.347999999999999865e+00
1.299999999999990052e-02,1.000000000000111910e-03,2.352999999999999758e+00
2.199999999999846523e-02,8.000000000000007105e-03,2.416999999999999815e+00
5.100000000000015632e-02,3.229999999999999538e-01,2.352999999999999758e+00
6.499999999999950262e-02,2.940000000000000391e-01,2.382000000000000117e+00
4.499999999999992895e-02,3.429999999999999716e-01,2.352999999999999758e+00
2.099999999999901945e-02,4.130000000000000338e-01,2.415999999999999925e+00
3.099999999999880629e-02,3.810000000000000053e-01,2.411999999999999922e+00
2.699999999999924682e-02,3.960000000000001297e-01,2.390000000000000124e+00
1.999999999999957367e-02,4.190000000000000391e-01,2.379999999999999893e+00
4.199999999999981526e-02,3.520000000000000906e-01,2.370999999999999996e+00
7.699999999999995737e-02,1.069999999999999840e-01,2.378000000000000114e+00
5.999999999999872102e-02,4.200000000000003730e-02,2.359999999999999876e+00
7.499999999999928946e-02,1.000000000000000888e-01,2.359999999999999876e+00
6.400000000000005684e-02,5.600000000000004974e-02,2.347999999999999865e+00
1.199999999999867839e-02,4.239999999999999325e-01,2.363999999999999879e+00
9.999999999994457767e-04,4.279999999999999361e-01,2.348999999999999755e+00
2.851899999999999835e+01,3.800000000000003375e-02,1.557999999999999829e+00
2.851299999999999812e+01,3.200000000000002842e-02,1.829999999999999849e+00
2.851999999999999957e+01,4.099999999999992539e-02,1.591999999999999860e+00
2.851500000000000057e+01,3.600000000000003197e-02,1.793999999999999817e+00
2.851500000000000057e+01,3.400000000000003020e-02,1.752000000000000002e+00
2.850999999999999801e+01,5.200000000000004619e-02,1.574999999999999956e+00
2.849399999999999977e+01,4.899999999999993250e-02,1.562999999999999945e+00
2.850799999999999912e+01,5.099999999999993427e-02,1.750999999999999890e+00
2.849299999999999855e+01,4.899999999999993250e-02,1.600999999999999979e+00
2.850699999999999790e+01,5.099999999999993427e-02,1.475999999999999979e+00
2.850399999999999778e+01,5.099999999999993427e-02,1.514999999999999902e+00
2.849799999999999756e+01,5.000000000000004441e-02,1.533999999999999808e+00
2.850099999999999767e+01,5.000000000000004441e-02,1.510999999999999899e+00
2.850099999999999767e+01,5.000000000000004441e-02,1.578999999999999959e+00
2.851299999999999812e+01,5.200000000000004619e-02,1.592999999999999972e+00
2.850499999999999901e+01,5.099999999999993427e-02,1.802999999999999936e+00
2.851299999999999812e+01,5.200000000000004619e-02,1.927999999999999936e+00
2.848499999999999943e+01,4.800000000000004263e-02,1.471999999999999975e+00
2.848799999999999955e+01,4.800000000000004263e-02,1.445999999999999952e+00
2.851299999999999812e+01,5.200000000000004619e-02,1.524999999999999911e+00
2.852199999999999847e+01,5.299999999999993605e-02,1.502000000000000002e+00
2.850799999999999912e+01,5.099999999999993427e-02,1.555999999999999828e+00
2.850900000000000034e+01,5.099999999999993427e-02,1.661999999999999922e+00
2.848999999999999844e+01,4.800000000000004263e-02,1.702999999999999847e+00
2.848000000000000043e+01,4.499999999999992895e-02,1.831999999999999851e+00
2.848300000000000054e+01,4.699999999999993072e-02,1.547999999999999821e+00
2.848199999999999932e+01,4.499999999999992895e-02,1.864999999999999991e+00
2.848399999999999821e+01,4.600000000000004086e-02,1.758999999999999897e+00
2.848099999999999810e+01,4.699999999999993072e-02,1.528000000000000025e+00
2.848199999999999932e+01,4.699999999999993072e-02,1.604999999999999982e+00
2.848999999999999844e+01,4.800000000000004263e-02,1.756999999999999895e+00
2.849099999999999966e+01,4.699999999999993072e-02,1.919999999999999929e+00
2.849399999999999977e+01,4.800000000000004263e-02,1.864999999999999991e+00
2.848900000000000077e+01,4.699999999999993072e-02,1.903999999999999915e+00
2.848499999999999943e+01,4.800000000000004263e-02,1.510000000000000009e+00
2.848099999999999810e+01,4.699999999999993072e-02,1.477999999999999980e+00
2.848099999999999810e+01,4.600000000000004086e-02,1.754000000000000004e+00
2.848199999999999932e+01,4.600000000000004086e-02,1.725999999999999979e+00
2.849500000000000099e+01,4.800000000000004263e-02,1.883000000000000007e+00
2.848900000000000077e+01,4.800000000000004263e-02,1.699999999999999956e+00
2.848000000000000043e+01,4.600000000000004086e-02,1.560999999999999943e+00
2.849099999999999966e+01,4.800000000000004263e-02,1.798999999999999932e+00
2.848099999999999810e+01,4.600000000000004086e-02,1.683999999999999941e+00
2.848699999999999832e+01,4.699999999999993072e-02,1.816999999999999948e+00
2.848699999999999832e+01,4.699999999999993072e-02,1.844999999999999973e+00
2.848499999999999943e+01,4.699999999999993072e-02,1.548999999999999932e+00
2.847899999999999920e+01,4.600000000000004086e-02,1.605999999999999872e+00
2.848699999999999832e+01,4.600000000000004086e-02,1.879999999999999893e+00
2.850600000000000023e+01,5.099999999999993427e-02,1.915999999999999925e+00
2.847799999999999798e+01,4.499999999999992895e-02,1.731999999999999984e+00
2.848199999999999932e+01,4.600000000000004086e-02,1.724999999999999867e+00
2.847700000000000031e+01,4.499999999999992895e-02,1.539999999999999813e+00
2.848099999999999810e+01,4.499999999999992895e-02,1.803999999999999826e+00
2.848499999999999943e+01,4.699999999999993072e-02,1.717999999999999972e+00
2.848900000000000077e+01,4.699999999999993072e-02,1.785999999999999810e+00
2.848099999999999810e+01,4.600000000000004086e-02,1.695999999999999952e+00
2.847199999999999775e+01,4.899999999999993250e-02,1.915999999999999925e+00
2.847299999999999898e+01,5.000000000000004441e-02,1.937999999999999945e+00
2.846999999999999886e+01,5.200000000000004619e-02,1.974999999999999867e+00
2.848799999999999955e+01,5.200000000000004619e-02,2.027000000000000135e+00
2.848199999999999932e+01,5.499999999999993783e-02,2.070999999999999730e+00
2.848499999999999943e+01,4.899999999999993250e-02,1.951999999999999957e+00
2.847599999999999909e+01,4.699999999999993072e-02,1.889000000000000012e+00
2.846999999999999886e+01,4.600000000000004086e-02,1.867999999999999883e+00
2.846899999999999764e+01,4.800000000000004263e-02,1.889000000000000012e+00
